
> @materyalph/api-contract@0.0.0 generate
> node scripts/generate-clients.mjs

[main] [31mWARN [0;39m o.o.codegen.DefaultCodegen - OpenAPI 3.1 support is still in beta. To report an issue related to 3.1 spec, please kindly open an issue in the Github repo: https://github.com/openAPITools/openapi-generator.
[main] [34mINFO [0;39m o.o.codegen.DefaultGenerator - Generating with dryRun=false
[main] [34mINFO [0;39m o.o.codegen.DefaultGenerator - OpenAPI Generator: typescript-fetch (client)
[main] [34mINFO [0;39m o.o.codegen.DefaultGenerator - Generator 'typescript-fetch' is considered stable.
[main] [34mINFO [0;39m o.o.c.l.AbstractTypeScriptClientCodegen - Hint: Environment variable 'TS_POST_PROCESS_FILE' (optional) not defined. E.g. to format the source code, please try 'export TS_POST_PROCESS_FILE="/usr/local/bin/prettier --write"' (Linux/Mac)
[main] [34mINFO [0;39m o.o.c.l.AbstractTypeScriptClientCodegen - Note: To enable file post-processing, 'enablePostProcessFile' must be set to `true` (--enable-post-process-file for CLI).
[main] [31mWARN [0;39m o.o.codegen.utils.ModelUtils - Failed to get the schema name: null
[main] [34mINFO [0;39m o.o.codegen.InlineModelResolver - Inline schema created as uploadAccountPhoto_request. To have complete control of the model name, set the `title` field or use the modelNameMapping option (e.g. --model-name-mappings uploadAccountPhoto_request=NewModel,ModelA=NewModelA in CLI) or inlineSchemaNameMapping option (--inline-schema-name-mappings uploadAccountPhoto_request=NewModel,ModelA=NewModelA in CLI).
[main] [34mINFO [0;39m o.o.codegen.InlineModelResolver - Inline schema created as HealthEnvelope_allOf_data. To have complete control of the model name, set the `title` field or use the modelNameMapping option (e.g. --model-name-mappings HealthEnvelope_allOf_data=NewModel,ModelA=NewModelA in CLI) or inlineSchemaNameMapping option (--inline-schema-name-mappings HealthEnvelope_allOf_data=NewModel,ModelA=NewModelA in CLI).
[main] [34mINFO [0;39m o.o.codegen.InlineModelResolver - Inline schema created as CsrfEnvelope_allOf_data. To have complete control of the model name, set the `title` field or use the modelNameMapping option (e.g. --model-name-mappings CsrfEnvelope_allOf_data=NewModel,ModelA=NewModelA in CLI) or inlineSchemaNameMapping option (--inline-schema-name-mappings CsrfEnvelope_allOf_data=NewModel,ModelA=NewModelA in CLI).
[main] [34mINFO [0;39m o.o.codegen.InlineModelResolver - Inline schema created as BotProofEnvelope_allOf_data. To have complete control of the model name, set the `title` field or use the modelNameMapping option (e.g. --model-name-mappings BotProofEnvelope_allOf_data=NewModel,ModelA=NewModelA in CLI) or inlineSchemaNameMapping option (--inline-schema-name-mappings BotProofEnvelope_allOf_data=NewModel,ModelA=NewModelA in CLI).
[main] [34mINFO [0;39m o.o.codegen.InlineModelResolver - Inline schema created as AuthEnvelope_allOf_data. To have complete control of the model name, set the `title` field or use the modelNameMapping option (e.g. --model-name-mappings AuthEnvelope_allOf_data=NewModel,ModelA=NewModelA in CLI) or inlineSchemaNameMapping option (--inline-schema-name-mappings AuthEnvelope_allOf_data=NewModel,ModelA=NewModelA in CLI).
[main] [34mINFO [0;39m o.o.codegen.InlineModelResolver - Inline schema created as MfaStatusEnvelope_allOf_data. To have complete control of the model name, set the `title` field or use the modelNameMapping option (e.g. --model-name-mappings MfaStatusEnvelope_allOf_data=NewModel,ModelA=NewModelA in CLI) or inlineSchemaNameMapping option (--inline-schema-name-mappings MfaStatusEnvelope_allOf_data=NewModel,ModelA=NewModelA in CLI).
[main] [34mINFO [0;39m o.o.codegen.InlineModelResolver - Inline schema created as MfaEnrollmentEnvelope_allOf_data. To have complete control of the model name, set the `title` field or use the modelNameMapping option (e.g. --model-name-mappings MfaEnrollmentEnvelope_allOf_data=NewModel,ModelA=NewModelA in CLI) or inlineSchemaNameMapping option (--inline-schema-name-mappings MfaEnrollmentEnvelope_allOf_data=NewModel,ModelA=NewModelA in CLI).
[main] [34mINFO [0;39m o.o.codegen.InlineModelResolver - Inline schema created as RegistrationEnvelope_allOf_data. To have complete control of the model name, set the `title` field or use the modelNameMapping option (e.g. --model-name-mappings RegistrationEnvelope_allOf_data=NewModel,ModelA=NewModelA in CLI) or inlineSchemaNameMapping option (--inline-schema-name-mappings RegistrationEnvelope_allOf_data=NewModel,ModelA=NewModelA in CLI).
[main] [34mINFO [0;39m o.o.codegen.InlineModelResolver - Inline schema created as VendorVerificationDraft_legal_identity. To have complete control of the model name, set the `title` field or use the modelNameMapping option (e.g. --model-name-mappings VendorVerificationDraft_legal_identity=NewModel,ModelA=NewModelA in CLI) or inlineSchemaNameMapping option (--inline-schema-name-mappings VendorVerificationDraft_legal_identity=NewModel,ModelA=NewModelA in CLI).
[main] [34mINFO [0;39m o.o.codegen.InlineModelResolver - Inline schema created as VendorVerificationDraft_tax_profile. To have complete control of the model name, set the `title` field or use the modelNameMapping option (e.g. --model-name-mappings VendorVerificationDraft_tax_profile=NewModel,ModelA=NewModelA in CLI) or inlineSchemaNameMapping option (--inline-schema-name-mappings VendorVerificationDraft_tax_profile=NewModel,ModelA=NewModelA in CLI).
[main] [34mINFO [0;39m o.o.codegen.InlineModelResolver - Inline schema created as VendorSetupDraft_delivery. To have complete control of the model name, set the `title` field or use the modelNameMapping option (e.g. --model-name-mappings VendorSetupDraft_delivery=NewModel,ModelA=NewModelA in CLI) or inlineSchemaNameMapping option (--inline-schema-name-mappings VendorSetupDraft_delivery=NewModel,ModelA=NewModelA in CLI).
[main] [34mINFO [0;39m o.o.codegen.InlineModelResolver - Inline schema created as VendorSetupDraft_vehicles_inner. To have complete control of the model name, set the `title` field or use the modelNameMapping option (e.g. --model-name-mappings VendorSetupDraft_vehicles_inner=NewModel,ModelA=NewModelA in CLI) or inlineSchemaNameMapping option (--inline-schema-name-mappings VendorSetupDraft_vehicles_inner=NewModel,ModelA=NewModelA in CLI).
[main] [34mINFO [0;39m o.o.codegen.utils.URLPathUtils - 'host' (OAS 2.0) or 'servers' (OAS 3.0) not defined in the spec. Default to [http://localhost] for server URL [http://localhost/api/v1]
[main] [34mINFO [0;39m o.o.codegen.DefaultGenerator - Model Meta not generated since it's a free-form object
[main] [34mINFO [0;39m o.o.codegen.DefaultGenerator - Model VendorDocumentUpload not generated since it's marked as unused (due to form parameters) and `skipFormModel` (global property) set to true (default)
[main] [34mINFO [0;39m o.o.codegen.DefaultGenerator - Model VendorMediaUpload not generated since it's marked as unused (due to form parameters) and `skipFormModel` (global property) set to true (default)
[main] [34mINFO [0;39m o.o.codegen.DefaultGenerator - Model uploadAccountPhoto_request not generated since it's marked as unused (due to form parameters) and `skipFormModel` (global property) set to true (default)
[main] [34mINFO [0;39m o.o.codegen.TemplateManager - writing file C:\Users\RJ\Downloads\Capstone Project System\Capstone_MateryalPH\packages\api-contract\generated\typescript\src\models\AccountAdminChange.ts
[main] [34mINFO [0;39m o.o.codegen.TemplateManager - writing file C:\Users\RJ\Downloads\Capstone Project System\Capstone_MateryalPH\packages\api-contract\generated\typescript\docs\AccountAdminChange.md
[main] [34mINFO [0;39m o.o.codegen.TemplateManager - writing file C:\Users\RJ\Downloads\Capstone Project System\Capstone_MateryalPH\packages\api-contract\generated\typescript\src\models\AccountAdminInvitation.ts
[main] [34mINFO [0;39m o.o.codegen.TemplateManager - writing file C:\Users\RJ\Downloads\Capstone Project System\Capstone_MateryalPH\packages\api-contract\generated\typescript\docs\AccountAdminInvitation.md
[main] [34mINFO [0;39m o.o.codegen.TemplateManager - writing file C:\Users\RJ\Downloads\Capstone Project System\Capstone_MateryalPH\packages\api-contract\generated\typescript\src\models\AccountAdministrator.ts
[main] [34mINFO [0;39m o.o.codegen.TemplateManager - writing file C:\Users\RJ\Downloads\Capstone Project System\Capstone_MateryalPH\packages\api-contract\generated\typescript\docs\AccountAdministrator.md
[main] [34mINFO [0;39m o.o.codegen.TemplateManager - writing file C:\Users\RJ\Downloads\Capstone Project System\Capstone_MateryalPH\packages\api-contract\generated\typescript\src\models\AccountAdministratorListEnvelope.ts
[main] [34mINFO [0;39m o.o.codegen.TemplateManager - writing file C:\Users\RJ\Downloads\Capstone Project System\Capstone_MateryalPH\packages\api-contract\generated\typescript\docs\AccountAdministratorListEnvelope.md
[main] [34mINFO [0;39m o.o.codegen.TemplateManager - writing file C:\Users\RJ\Downloads\Capstone Project System\Capstone_MateryalPH\packages\api-contract\generated\typescript\src\models\AccountAgreement.ts
[main] [34mINFO [0;39m o.o.codegen.TemplateManager - writing file C:\Users\RJ\Downloads\Capstone Project System\Capstone_MateryalPH\packages\api-contract\generated\typescript\docs\AccountAgreement.md
[main] [34mINFO [0;39m o.o.codegen.TemplateManager - writing file C:\Users\RJ\Downloads\Capstone Project System\Capstone_MateryalPH\packages\api-contract\generated\typescript\src\models\AccountAgreementAcceptance.ts
[main] [34mINFO [0;39m o.o.codegen.TemplateManager - writing file C:\Users\RJ\Downloads\Capstone Project System\Capstone_MateryalPH\packages\api-contract\generated\typescript\docs\AccountAgreementAcceptance.md
[main] [34mINFO [0;39m o.o.codegen.TemplateManager - writing file C:\Users\RJ\Downloads\Capstone Project System\Capstone_MateryalPH\packages\api-contract\generated\typescript\src\models\AccountAgreementListEnvelope.ts
[main] [34mINFO [0;39m o.o.codegen.TemplateManager - writing file C:\Users\RJ\Downloads\Capstone Project System\Capstone_MateryalPH\packages\api-contract\generated\typescript\docs\AccountAgreementListEnvelope.md
[main] [34mINFO [0;39m o.o.codegen.TemplateManager - writing file C:\Users\RJ\Downloads\Capstone Project System\Capstone_MateryalPH\packages\api-contract\generated\typescript\src\models\AccountCodeConfirmation.ts
[main] [34mINFO [0;39m o.o.codegen.TemplateManager - writing file C:\Users\RJ\Downloads\Capstone Project System\Capstone_MateryalPH\packages\api-contract\generated\typescript\docs\AccountCodeConfirmation.md
[main] [34mINFO [0;39m o.o.codegen.TemplateManager - writing file C:\Users\RJ\Downloads\Capstone Project System\Capstone_MateryalPH\packages\api-contract\generated\typescript\src\models\AccountDelegation.ts
[main] [34mINFO [0;39m o.o.codegen.TemplateManager - writing file C:\Users\RJ\Downloads\Capstone Project System\Capstone_MateryalPH\packages\api-contract\generated\typescript\docs\AccountDelegation.md
[main] [34mINFO [0;39m o.o.codegen.TemplateManager - writing file C:\Users\RJ\Downloads\Capstone Project System\Capstone_MateryalPH\packages\api-contract\generated\typescript\src\models\AccountEmailChange.ts
[main] [34mINFO [0;39m o.o.codegen.TemplateManager - writing file C:\Users\RJ\Downloads\Capstone Project System\Capstone_MateryalPH\packages\api-contract\generated\typescript\docs\AccountEmailChange.md
[main] [34mINFO [0;39m o.o.codegen.TemplateManager - writing file C:\Users\RJ\Downloads\Capstone Project System\Capstone_MateryalPH\packages\api-contract\generated\typescript\src\models\AccountFactorEnrollment.ts
[main] [34mINFO [0;39m o.o.codegen.TemplateManager - writing file C:\Users\RJ\Downloads\Capstone Project System\Capstone_MateryalPH\packages\api-contract\generated\typescript\docs\AccountFactorEnrollment.md
[main] [34mINFO [0;39m o.o.codegen.TemplateManager - writing file C:\Users\RJ\Downloads\Capstone Project System\Capstone_MateryalPH\packages\api-contract\generated\typescript\src\models\AccountFactorEnrollmentEnvelope.ts
[main] [34mINFO [0;39m o.o.codegen.TemplateManager - writing file C:\Users\RJ\Downloads\Capstone Project System\Capstone_MateryalPH\packages\api-contract\generated\typescript\docs\AccountFactorEnrollmentEnvelope.md
[main] [34mINFO [0;39m o.o.codegen.TemplateManager - writing file C:\Users\RJ\Downloads\Capstone Project System\Capstone_MateryalPH\packages\api-contract\generated\typescript\src\models\AccountMembership.ts
[main] [34mINFO [0;39m o.o.codegen.TemplateManager - writing file C:\Users\RJ\Downloads\Capstone Project System\Capstone_MateryalPH\packages\api-contract\generated\typescript\docs\AccountMembership.md
[main] [34mINFO [0;39m o.o.codegen.TemplateManager - writing file C:\Users\RJ\Downloads\Capstone Project System\Capstone_MateryalPH\packages\api-contract\generated\typescript\src\models\AccountMembershipListEnvelope.ts
[main] [34mINFO [0;39m o.o.codegen.TemplateManager - writing file C:\Users\RJ\Downloads\Capstone Project System\Capstone_MateryalPH\packages\api-contract\generated\typescript\docs\AccountMembershipListEnvelope.md
[main] [34mINFO [0;39m o.o.codegen.TemplateManager - writing file C:\Users\RJ\Downloads\Capstone Project System\Capstone_MateryalPH\packages\api-contract\generated\typescript\src\models\AccountMembershipStatus.ts
[main] [34mINFO [0;39m o.o.codegen.TemplateManager - writing file C:\Users\RJ\Downloads\Capstone Project System\Capstone_MateryalPH\packages\api-contract\generated\typescript\docs\AccountMembershipStatus.md
[main] [34mINFO [0;39m o.o.codegen.TemplateManager - writing file C:\Users\RJ\Downloads\Capstone Project System\Capstone_MateryalPH\packages\api-contract\generated\typescript\src\models\AccountMutationResult.ts
[main] [34mINFO [0;39m o.o.codegen.TemplateManager - writing file C:\Users\RJ\Downloads\Capstone Project System\Capstone_MateryalPH\packages\api-contract\generated\typescript\docs\AccountMutationResult.md
[main] [34mINFO [0;39m o.o.codegen.TemplateManager - writing file C:\Users\RJ\Downloads\Capstone Project System\Capstone_MateryalPH\packages\api-contract\generated\typescript\src\models\AccountMutationResultEnvelope.ts
[main] [34mINFO [0;39m o.o.codegen.TemplateManager - writing file C:\Users\RJ\Downloads\Capstone Project System\Capstone_MateryalPH\packages\api-contract\generated\typescript\docs\AccountMutationResultEnvelope.md
[main] [34mINFO [0;39m o.o.codegen.TemplateManager - writing file C:\Users\RJ\Downloads\Capstone Project System\Capstone_MateryalPH\packages\api-contract\generated\typescript\src\models\AccountPasswordChange.ts
[main] [34mINFO [0;39m o.o.codegen.TemplateManager - writing file C:\Users\RJ\Downloads\Capstone Project System\Capstone_MateryalPH\packages\api-contract\generated\typescript\docs\AccountPasswordChange.md
[main] [34mINFO [0;39m o.o.codegen.TemplateManager - writing file C:\Users\RJ\Downloads\Capstone Project System\Capstone_MateryalPH\packages\api-contract\generated\typescript\src\models\AccountPendingChange.ts
[main] [34mINFO [0;39m o.o.codegen.TemplateManager - writing file C:\Users\RJ\Downloads\Capstone Project System\Capstone_MateryalPH\packages\api-contract\generated\typescript\docs\AccountPendingChange.md
[main] [34mINFO [0;39m o.o.codegen.TemplateManager - writing file C:\Users\RJ\Downloads\Capstone Project System\Capstone_MateryalPH\packages\api-contract\generated\typescript\src\models\AccountPendingChangeEnvelope.ts
[main] [34mINFO [0;39m o.o.codegen.TemplateManager - writing file C:\Users\RJ\Downloads\Capstone Project System\Capstone_MateryalPH\packages\api-contract\generated\typescript\docs\AccountPendingChangeEnvelope.md
[main] [34mINFO [0;39m o.o.codegen.TemplateManager - writing file C:\Users\RJ\Downloads\Capstone Project System\Capstone_MateryalPH\packages\api-contract\generated\typescript\src\models\AccountProfile.ts
[main] [34mINFO [0;39m o.o.codegen.TemplateManager - writing file C:\Users\RJ\Downloads\Capstone Project System\Capstone_MateryalPH\packages\api-contract\generated\typescript\docs\AccountProfile.md
[main] [34mINFO [0;39m o.o.codegen.TemplateManager - writing file C:\Users\RJ\Downloads\Capstone Project System\Capstone_MateryalPH\packages\api-contract\generated\typescript\src\models\AccountProfileEnvelope.ts
[main] [34mINFO [0;39m o.o.codegen.TemplateManager - writing file C:\Users\RJ\Downloads\Capstone Project System\Capstone_MateryalPH\packages\api-contract\generated\typescript\docs\AccountProfileEnvelope.md
[main] [34mINFO [0;39m o.o.codegen.TemplateManager - writing file C:\Users\RJ\Downloads\Capstone Project System\Capstone_MateryalPH\packages\api-contract\generated\typescript\src\models\AccountProfileUpdate.ts
[main] [34mINFO [0;39m o.o.codegen.TemplateManager - writing file C:\Users\RJ\Downloads\Capstone Project System\Capstone_MateryalPH\packages\api-contract\generated\typescript\docs\AccountProfileUpdate.md
[main] [34mINFO [0;39m o.o.codegen.TemplateManager - writing file C:\Users\RJ\Downloads\Capstone Project System\Capstone_MateryalPH\packages\api-contract\generated\typescript\src\models\AccountReauthentication.ts
[main] [34mINFO [0;39m o.o.codegen.TemplateManager - writing file C:\Users\RJ\Downloads\Capstone Project System\Capstone_MateryalPH\packages\api-contract\generated\typescript\docs\AccountReauthentication.md
[main] [34mINFO [0;39m o.o.codegen.TemplateManager - writing file C:\Users\RJ\Downloads\Capstone Project System\Capstone_MateryalPH\packages\api-contract\generated\typescript\src\models\AccountRecoveryCodes.ts
[main] [34mINFO [0;39m o.o.codegen.TemplateManager - writing file C:\Users\RJ\Downloads\Capstone Project System\Capstone_MateryalPH\packages\api-contract\generated\typescript\docs\AccountRecoveryCodes.md
[main] [34mINFO [0;39m o.o.codegen.TemplateManager - writing file C:\Users\RJ\Downloads\Capstone Project System\Capstone_MateryalPH\packages\api-contract\generated\typescript\src\models\AccountRecoveryCodesEnvelope.ts
[main] [34mINFO [0;39m o.o.codegen.TemplateManager - writing file C:\Users\RJ\Downloads\Capstone Project System\Capstone_MateryalPH\packages\api-contract\generated\typescript\docs\AccountRecoveryCodesEnvelope.md
[main] [34mINFO [0;39m o.o.codegen.TemplateManager - writing file C:\Users\RJ\Downloads\Capstone Project System\Capstone_MateryalPH\packages\api-contract\generated\typescript\src\models\AccountRole.ts
[main] [34mINFO [0;39m o.o.codegen.TemplateManager - writing file C:\Users\RJ\Downloads\Capstone Project System\Capstone_MateryalPH\packages\api-contract\generated\typescript\docs\AccountRole.md
[main] [34mINFO [0;39m o.o.codegen.TemplateManager - writing file C:\Users\RJ\Downloads\Capstone Project System\Capstone_MateryalPH\packages\api-contract\generated\typescript\src\models\AccountRoleListEnvelope.ts
[main] [34mINFO [0;39m o.o.codegen.TemplateManager - writing file C:\Users\RJ\Downloads\Capstone Project System\Capstone_MateryalPH\packages\api-contract\generated\typescript\docs\AccountRoleListEnvelope.md
[main] [34mINFO [0;39m o.o.codegen.TemplateManager - writing file C:\Users\RJ\Downloads\Capstone Project System\Capstone_MateryalPH\packages\api-contract\generated\typescript\src\models\AccountSecurity.ts
[main] [34mINFO [0;39m o.o.codegen.TemplateManager - writing file C:\Users\RJ\Downloads\Capstone Project System\Capstone_MateryalPH\packages\api-contract\generated\typescript\docs\AccountSecurity.md
[main] [34mINFO [0;39m o.o.codegen.TemplateManager - writing file C:\Users\RJ\Downloads\Capstone Project System\Capstone_MateryalPH\packages\api-contract\generated\typescript\src\models\AccountSecurityEnvelope.ts
[main] [34mINFO [0;39m o.o.codegen.TemplateManager - writing file C:\Users\RJ\Downloads\Capstone Project System\Capstone_MateryalPH\packages\api-contract\generated\typescript\docs\AccountSecurityEnvelope.md
[main] [34mINFO [0;39m o.o.codegen.TemplateManager - writing file C:\Users\RJ\Downloads\Capstone Project System\Capstone_MateryalPH\packages\api-contract\generated\typescript\src\models\AccountSession.ts
[main] [34mINFO [0;39m o.o.codegen.TemplateManager - writing file C:\Users\RJ\Downloads\Capstone Project System\Capstone_MateryalPH\packages\api-contract\generated\typescript\docs\AccountSession.md
[main] [34mINFO [0;39m o.o.codegen.TemplateManager - writing file C:\Users\RJ\Downloads\Capstone Project System\Capstone_MateryalPH\packages\api-contract\generated\typescript\src\models\AccountSessionListEnvelope.ts
[main] [34mINFO [0;39m o.o.codegen.TemplateManager - writing file C:\Users\RJ\Downloads\Capstone Project System\Capstone_MateryalPH\packages\api-contract\generated\typescript\docs\AccountSessionListEnvelope.md
[main] [34mINFO [0;39m o.o.codegen.TemplateManager - writing file C:\Users\RJ\Downloads\Capstone Project System\Capstone_MateryalPH\packages\api-contract\generated\typescript\src\models\AccountSessionRevocation.ts
[main] [34mINFO [0;39m o.o.codegen.TemplateManager - writing file C:\Users\RJ\Downloads\Capstone Project System\Capstone_MateryalPH\packages\api-contract\generated\typescript\docs\AccountSessionRevocation.md
[main] [34mINFO [0;39m o.o.codegen.TemplateManager - writing file C:\Users\RJ\Downloads\Capstone Project System\Capstone_MateryalPH\packages\api-contract\generated\typescript\src\models\AccountType.ts
[main] [34mINFO [0;39m o.o.codegen.TemplateManager - writing file C:\Users\RJ\Downloads\Capstone Project System\Capstone_MateryalPH\packages\api-contract\generated\typescript\docs\AccountType.md
[main] [34mINFO [0;39m o.o.codegen.TemplateManager - writing file C:\Users\RJ\Downloads\Capstone Project System\Capstone_MateryalPH\packages\api-contract\generated\typescript\src\models\AdminDashboardAuditEnvelope.ts
[main] [34mINFO [0;39m o.o.codegen.TemplateManager - writing file C:\Users\RJ\Downloads\Capstone Project System\Capstone_MateryalPH\packages\api-contract\generated\typescript\docs\AdminDashboardAuditEnvelope.md
[main] [34mINFO [0;39m o.o.codegen.TemplateManager - writing file C:\Users\RJ\Downloads\Capstone Project System\Capstone_MateryalPH\packages\api-contract\generated\typescript\src\models\AdminDashboardEnvelope.ts
[main] [34mINFO [0;39m o.o.codegen.TemplateManager - writing file C:\Users\RJ\Downloads\Capstone Project System\Capstone_MateryalPH\packages\api-contract\generated\typescript\docs\AdminDashboardEnvelope.md
[main] [34mINFO [0;39m o.o.codegen.TemplateManager - writing file C:\Users\RJ\Downloads\Capstone Project System\Capstone_MateryalPH\packages\api-contract\generated\typescript\src\models\AdminDashboardSummary.ts
[main] [34mINFO [0;39m o.o.codegen.TemplateManager - writing file C:\Users\RJ\Downloads\Capstone Project System\Capstone_MateryalPH\packages\api-contract\generated\typescript\docs\AdminDashboardSummary.md
[main] [34mINFO [0;39m o.o.codegen.TemplateManager - writing file C:\Users\RJ\Downloads\Capstone Project System\Capstone_MateryalPH\packages\api-contract\generated\typescript\src\models\AdminInvitationRequest.ts
[main] [34mINFO [0;39m o.o.codegen.TemplateManager - writing file C:\Users\RJ\Downloads\Capstone Project System\Capstone_MateryalPH\packages\api-contract\generated\typescript\docs\AdminInvitationRequest.md
[main] [34mINFO [0;39m o.o.codegen.TemplateManager - writing file C:\Users\RJ\Downloads\Capstone Project System\Capstone_MateryalPH\packages\api-contract\generated\typescript\src\models\AdminVendorVerificationDecision.ts
[main] [34mINFO [0;39m o.o.codegen.TemplateManager - writing file C:\Users\RJ\Downloads\Capstone Project System\Capstone_MateryalPH\packages\api-contract\generated\typescript\docs\AdminVendorVerificationDecision.md
[main] [34mINFO [0;39m o.o.codegen.TemplateManager - writing file C:\Users\RJ\Downloads\Capstone Project System\Capstone_MateryalPH\packages\api-contract\generated\typescript\src\models\AdminVendorVerificationDetailEnvelope.ts
[main] [34mINFO [0;39m o.o.codegen.TemplateManager - writing file C:\Users\RJ\Downloads\Capstone Project System\Capstone_MateryalPH\packages\api-contract\generated\typescript\docs\AdminVendorVerificationDetailEnvelope.md
[main] [34mINFO [0;39m o.o.codegen.TemplateManager - writing file C:\Users\RJ\Downloads\Capstone Project System\Capstone_MateryalPH\packages\api-contract\generated\typescript\src\models\AdminVendorVerificationQueueEnvelope.ts
[main] [34mINFO [0;39m o.o.codegen.TemplateManager - writing file C:\Users\RJ\Downloads\Capstone Project System\Capstone_MateryalPH\packages\api-contract\generated\typescript\docs\AdminVendorVerificationQueueEnvelope.md
[main] [34mINFO [0;39m o.o.codegen.TemplateManager - writing file C:\Users\RJ\Downloads\Capstone Project System\Capstone_MateryalPH\packages\api-contract\generated\typescript\src\models\AdminVendorVerificationQueueItem.ts
[main] [34mINFO [0;39m o.o.codegen.TemplateManager - writing file C:\Users\RJ\Downloads\Capstone Project System\Capstone_MateryalPH\packages\api-contract\generated\typescript\docs\AdminVendorVerificationQueueItem.md
[main] [34mINFO [0;39m o.o.codegen.TemplateManager - writing file C:\Users\RJ\Downloads\Capstone Project System\Capstone_MateryalPH\packages\api-contract\generated\typescript\src\models\Agreement.ts
[main] [34mINFO [0;39m o.o.codegen.TemplateManager - writing file C:\Users\RJ\Downloads\Capstone Project System\Capstone_MateryalPH\packages\api-contract\generated\typescript\docs\Agreement.md
[main] [34mINFO [0;39m o.o.codegen.TemplateManager - writing file C:\Users\RJ\Downloads\Capstone Project System\Capstone_MateryalPH\packages\api-contract\generated\typescript\src\models\AgreementListEnvelope.ts
[main] [34mINFO [0;39m o.o.codegen.TemplateManager - writing file C:\Users\RJ\Downloads\Capstone Project System\Capstone_MateryalPH\packages\api-contract\generated\typescript\docs\AgreementListEnvelope.md
[main] [34mINFO [0;39m o.o.codegen.TemplateManager - writing file C:\Users\RJ\Downloads\Capstone Project System\Capstone_MateryalPH\packages\api-contract\generated\typescript\src\models\ApiError.ts
[main] [34mINFO [0;39m o.o.codegen.TemplateManager - writing file C:\Users\RJ\Downloads\Capstone Project System\Capstone_MateryalPH\packages\api-contract\generated\typescript\docs\ApiError.md
[main] [34mINFO [0;39m o.o.codegen.TemplateManager - writing file C:\Users\RJ\Downloads\Capstone Project System\Capstone_MateryalPH\packages\api-contract\generated\typescript\src\models\AuthEnvelope.ts
[main] [34mINFO [0;39m o.o.codegen.TemplateManager - writing file C:\Users\RJ\Downloads\Capstone Project System\Capstone_MateryalPH\packages\api-contract\generated\typescript\docs\AuthEnvelope.md
[main] [34mINFO [0;39m o.o.codegen.TemplateManager - writing file C:\Users\RJ\Downloads\Capstone Project System\Capstone_MateryalPH\packages\api-contract\generated\typescript\src\models\AuthEnvelopeAllOfData.ts
[main] [34mINFO [0;39m o.o.codegen.TemplateManager - writing file C:\Users\RJ\Downloads\Capstone Project System\Capstone_MateryalPH\packages\api-contract\generated\typescript\docs\AuthEnvelopeAllOfData.md
[main] [34mINFO [0;39m o.o.codegen.TemplateManager - writing file C:\Users\RJ\Downloads\Capstone Project System\Capstone_MateryalPH\packages\api-contract\generated\typescript\src\models\BotProofEnvelope.ts
[main] [34mINFO [0;39m o.o.codegen.TemplateManager - writing file C:\Users\RJ\Downloads\Capstone Project System\Capstone_MateryalPH\packages\api-contract\generated\typescript\docs\BotProofEnvelope.md
[main] [34mINFO [0;39m o.o.codegen.TemplateManager - writing file C:\Users\RJ\Downloads\Capstone Project System\Capstone_MateryalPH\packages\api-contract\generated\typescript\src\models\BotProofEnvelopeAllOfData.ts
[main] [34mINFO [0;39m o.o.codegen.TemplateManager - writing file C:\Users\RJ\Downloads\Capstone Project System\Capstone_MateryalPH\packages\api-contract\generated\typescript\docs\BotProofEnvelopeAllOfData.md
[main] [34mINFO [0;39m o.o.codegen.TemplateManager - writing file C:\Users\RJ\Downloads\Capstone Project System\Capstone_MateryalPH\packages\api-contract\generated\typescript\src\models\BotStepUpErrorEnvelope.ts
[main] [34mINFO [0;39m o.o.codegen.TemplateManager - writing file C:\Users\RJ\Downloads\Capstone Project System\Capstone_MateryalPH\packages\api-contract\generated\typescript\docs\BotStepUpErrorEnvelope.md
[main] [34mINFO [0;39m o.o.codegen.TemplateManager - writing file C:\Users\RJ\Downloads\Capstone Project System\Capstone_MateryalPH\packages\api-contract\generated\typescript\src\models\BotStepUpErrorEnvelopeAllOfErrors.ts
[main] [34mINFO [0;39m o.o.codegen.TemplateManager - writing file C:\Users\RJ\Downloads\Capstone Project System\Capstone_MateryalPH\packages\api-contract\generated\typescript\docs\BotStepUpErrorEnvelopeAllOfErrors.md
[main] [34mINFO [0;39m o.o.codegen.TemplateManager - writing file C:\Users\RJ\Downloads\Capstone Project System\Capstone_MateryalPH\packages\api-contract\generated\typescript\src\models\BotStepUpErrorEnvelopeAllOfErrorsAllOfDetails.ts
[main] [34mINFO [0;39m o.o.codegen.TemplateManager - writing file C:\Users\RJ\Downloads\Capstone Project System\Capstone_MateryalPH\packages\api-contract\generated\typescript\docs\BotStepUpErrorEnvelopeAllOfErrorsAllOfDetails.md
[main] [34mINFO [0;39m o.o.codegen.TemplateManager - writing file C:\Users\RJ\Downloads\Capstone Project System\Capstone_MateryalPH\packages\api-contract\generated\typescript\src\models\BuyerMobileGoogleOidcStartRequest.ts
[main] [34mINFO [0;39m o.o.codegen.TemplateManager - writing file C:\Users\RJ\Downloads\Capstone Project System\Capstone_MateryalPH\packages\api-contract\generated\typescript\docs\BuyerMobileGoogleOidcStartRequest.md
[main] [34mINFO [0;39m o.o.codegen.TemplateManager - writing file C:\Users\RJ\Downloads\Capstone Project System\Capstone_MateryalPH\packages\api-contract\generated\typescript\src\models\BuyerMobileLoginRequest.ts
[main] [34mINFO [0;39m o.o.codegen.TemplateManager - writing file C:\Users\RJ\Downloads\Capstone Project System\Capstone_MateryalPH\packages\api-contract\generated\typescript\docs\BuyerMobileLoginRequest.md
[main] [34mINFO [0;39m o.o.codegen.TemplateManager - writing file C:\Users\RJ\Downloads\Capstone Project System\Capstone_MateryalPH\packages\api-contract\generated\typescript\src\models\BuyerMobilePasswordRecoveryRequest.ts
[main] [34mINFO [0;39m o.o.codegen.TemplateManager - writing file C:\Users\RJ\Downloads\Capstone Project System\Capstone_MateryalPH\packages\api-contract\generated\typescript\docs\BuyerMobilePasswordRecoveryRequest.md
[main] [34mINFO [0;39m o.o.codegen.TemplateManager - writing file C:\Users\RJ\Downloads\Capstone Project System\Capstone_MateryalPH\packages\api-contract\generated\typescript\src\models\BuyerMobileRefreshRequest.ts
[main] [34mINFO [0;39m o.o.codegen.TemplateManager - writing file C:\Users\RJ\Downloads\Capstone Project System\Capstone_MateryalPH\packages\api-contract\generated\typescript\docs\BuyerMobileRefreshRequest.md
[main] [34mINFO [0;39m o.o.codegen.TemplateManager - writing file C:\Users\RJ\Downloads\Capstone Project System\Capstone_MateryalPH\packages\api-contract\generated\typescript\src\models\BuyerMobileRegisterRequest.ts
[main] [34mINFO [0;39m o.o.codegen.TemplateManager - writing file C:\Users\RJ\Downloads\Capstone Project System\Capstone_MateryalPH\packages\api-contract\generated\typescript\docs\BuyerMobileRegisterRequest.md
[main] [34mINFO [0;39m o.o.codegen.TemplateManager - writing file C:\Users\RJ\Downloads\Capstone Project System\Capstone_MateryalPH\packages\api-contract\generated\typescript\src\models\CsrfEnvelope.ts
[main] [34mINFO [0;39m o.o.codegen.TemplateManager - writing file C:\Users\RJ\Downloads\Capstone Project System\Capstone_MateryalPH\packages\api-contract\generated\typescript\docs\CsrfEnvelope.md
[main] [34mINFO [0;39m o.o.codegen.TemplateManager - writing file C:\Users\RJ\Downloads\Capstone Project System\Capstone_MateryalPH\packages\api-contract\generated\typescript\src\models\CsrfEnvelopeAllOfData.ts
[main] [34mINFO [0;39m o.o.codegen.TemplateManager - writing file C:\Users\RJ\Downloads\Capstone Project System\Capstone_MateryalPH\packages\api-contract\generated\typescript\docs\CsrfEnvelopeAllOfData.md
[main] [34mINFO [0;39m o.o.codegen.TemplateManager - writing file C:\Users\RJ\Downloads\Capstone Project System\Capstone_MateryalPH\packages\api-contract\generated\typescript\src\models\EmailRequest.ts
[main] [34mINFO [0;39m o.o.codegen.TemplateManager - writing file C:\Users\RJ\Downloads\Capstone Project System\Capstone_MateryalPH\packages\api-contract\generated\typescript\docs\EmailRequest.md
[main] [34mINFO [0;39m o.o.codegen.TemplateManager - writing file C:\Users\RJ\Downloads\Capstone Project System\Capstone_MateryalPH\packages\api-contract\generated\typescript\src\models\ErrorEnvelope.ts
[main] [34mINFO [0;39m o.o.codegen.TemplateManager - writing file C:\Users\RJ\Downloads\Capstone Project System\Capstone_MateryalPH\packages\api-contract\generated\typescript\docs\ErrorEnvelope.md
[main] [34mINFO [0;39m o.o.codegen.TemplateManager - writing file C:\Users\RJ\Downloads\Capstone Project System\Capstone_MateryalPH\packages\api-contract\generated\typescript\src\models\FeeAssessment.ts
[main] [34mINFO [0;39m o.o.codegen.TemplateManager - writing file C:\Users\RJ\Downloads\Capstone Project System\Capstone_MateryalPH\packages\api-contract\generated\typescript\docs\FeeAssessment.md
[main] [34mINFO [0;39m o.o.codegen.TemplateManager - writing file C:\Users\RJ\Downloads\Capstone Project System\Capstone_MateryalPH\packages\api-contract\generated\typescript\src\models\FinancialSnapshot.ts
[main] [34mINFO [0;39m o.o.codegen.TemplateManager - writing file C:\Users\RJ\Downloads\Capstone Project System\Capstone_MateryalPH\packages\api-contract\generated\typescript\docs\FinancialSnapshot.md
[main] [34mINFO [0;39m o.o.codegen.TemplateManager - writing file C:\Users\RJ\Downloads\Capstone Project System\Capstone_MateryalPH\packages\api-contract\generated\typescript\src\models\GoogleMobileExchangeRequest.ts
[main] [34mINFO [0;39m o.o.codegen.TemplateManager - writing file C:\Users\RJ\Downloads\Capstone Project System\Capstone_MateryalPH\packages\api-contract\generated\typescript\docs\GoogleMobileExchangeRequest.md
[main] [34mINFO [0;39m o.o.codegen.TemplateManager - writing file C:\Users\RJ\Downloads\Capstone Project System\Capstone_MateryalPH\packages\api-contract\generated\typescript\src\models\GoogleOidcStartRequest.ts
[main] [34mINFO [0;39m o.o.codegen.TemplateManager - writing file C:\Users\RJ\Downloads\Capstone Project System\Capstone_MateryalPH\packages\api-contract\generated\typescript\docs\GoogleOidcStartRequest.md
[main] [34mINFO [0;39m o.o.codegen.TemplateManager - writing file C:\Users\RJ\Downloads\Capstone Project System\Capstone_MateryalPH\packages\api-contract\generated\typescript\src\models\HealthEnvelope.ts
[main] [34mINFO [0;39m o.o.codegen.TemplateManager - writing file C:\Users\RJ\Downloads\Capstone Project System\Capstone_MateryalPH\packages\api-contract\generated\typescript\docs\HealthEnvelope.md
[main] [34mINFO [0;39m o.o.codegen.TemplateManager - writing file C:\Users\RJ\Downloads\Capstone Project System\Capstone_MateryalPH\packages\api-contract\generated\typescript\src\models\HealthEnvelopeAllOfData.ts
[main] [34mINFO [0;39m o.o.codegen.TemplateManager - writing file C:\Users\RJ\Downloads\Capstone Project System\Capstone_MateryalPH\packages\api-contract\generated\typescript\docs\HealthEnvelopeAllOfData.md
[main] [34mINFO [0;39m o.o.codegen.TemplateManager - writing file C:\Users\RJ\Downloads\Capstone Project System\Capstone_MateryalPH\packages\api-contract\generated\typescript\src\models\LoginRequest.ts
[main] [34mINFO [0;39m o.o.codegen.TemplateManager - writing file C:\Users\RJ\Downloads\Capstone Project System\Capstone_MateryalPH\packages\api-contract\generated\typescript\docs\LoginRequest.md
[main] [34mINFO [0;39m o.o.codegen.TemplateManager - writing file C:\Users\RJ\Downloads\Capstone Project System\Capstone_MateryalPH\packages\api-contract\generated\typescript\src\models\MaterialPriceObservation.ts
[main] [34mINFO [0;39m o.o.codegen.TemplateManager - writing file C:\Users\RJ\Downloads\Capstone Project System\Capstone_MateryalPH\packages\api-contract\generated\typescript\docs\MaterialPriceObservation.md
[main] [34mINFO [0;39m o.o.codegen.TemplateManager - writing file C:\Users\RJ\Downloads\Capstone Project System\Capstone_MateryalPH\packages\api-contract\generated\typescript\src\models\MfaCodeRequest.ts
[main] [34mINFO [0;39m o.o.codegen.TemplateManager - writing file C:\Users\RJ\Downloads\Capstone Project System\Capstone_MateryalPH\packages\api-contract\generated\typescript\docs\MfaCodeRequest.md
[main] [34mINFO [0;39m o.o.codegen.TemplateManager - writing file C:\Users\RJ\Downloads\Capstone Project System\Capstone_MateryalPH\packages\api-contract\generated\typescript\src\models\MfaEnrollmentEnvelope.ts
[main] [34mINFO [0;39m o.o.codegen.TemplateManager - writing file C:\Users\RJ\Downloads\Capstone Project System\Capstone_MateryalPH\packages\api-contract\generated\typescript\docs\MfaEnrollmentEnvelope.md
[main] [34mINFO [0;39m o.o.codegen.TemplateManager - writing file C:\Users\RJ\Downloads\Capstone Project System\Capstone_MateryalPH\packages\api-contract\generated\typescript\src\models\MfaEnrollmentEnvelopeAllOfData.ts
[main] [34mINFO [0;39m o.o.codegen.TemplateManager - writing file C:\Users\RJ\Downloads\Capstone Project System\Capstone_MateryalPH\packages\api-contract\generated\typescript\docs\MfaEnrollmentEnvelopeAllOfData.md
[main] [34mINFO [0;39m o.o.codegen.TemplateManager - writing file C:\Users\RJ\Downloads\Capstone Project System\Capstone_MateryalPH\packages\api-contract\generated\typescript\src\models\MfaRecoveryRequest.ts
[main] [34mINFO [0;39m o.o.codegen.TemplateManager - writing file C:\Users\RJ\Downloads\Capstone Project System\Capstone_MateryalPH\packages\api-contract\generated\typescript\docs\MfaRecoveryRequest.md
[main] [34mINFO [0;39m o.o.codegen.TemplateManager - writing file C:\Users\RJ\Downloads\Capstone Project System\Capstone_MateryalPH\packages\api-contract\generated\typescript\src\models\MfaStatusEnvelope.ts
[main] [34mINFO [0;39m o.o.codegen.TemplateManager - writing file C:\Users\RJ\Downloads\Capstone Project System\Capstone_MateryalPH\packages\api-contract\generated\typescript\docs\MfaStatusEnvelope.md
[main] [34mINFO [0;39m o.o.codegen.TemplateManager - writing file C:\Users\RJ\Downloads\Capstone Project System\Capstone_MateryalPH\packages\api-contract\generated\typescript\src\models\MfaStatusEnvelopeAllOfData.ts
[main] [34mINFO [0;39m o.o.codegen.TemplateManager - writing file C:\Users\RJ\Downloads\Capstone Project System\Capstone_MateryalPH\packages\api-contract\generated\typescript\docs\MfaStatusEnvelopeAllOfData.md
[main] [34mINFO [0;39m o.o.codegen.TemplateManager - writing file C:\Users\RJ\Downloads\Capstone Project System\Capstone_MateryalPH\packages\api-contract\generated\typescript\src\models\PasswordRecoveryRequest.ts
[main] [34mINFO [0;39m o.o.codegen.TemplateManager - writing file C:\Users\RJ\Downloads\Capstone Project System\Capstone_MateryalPH\packages\api-contract\generated\typescript\docs\PasswordRecoveryRequest.md
[main] [34mINFO [0;39m o.o.codegen.TemplateManager - writing file C:\Users\RJ\Downloads\Capstone Project System\Capstone_MateryalPH\packages\api-contract\generated\typescript\src\models\PasswordResetRequest.ts
[main] [34mINFO [0;39m o.o.codegen.TemplateManager - writing file C:\Users\RJ\Downloads\Capstone Project System\Capstone_MateryalPH\packages\api-contract\generated\typescript\docs\PasswordResetRequest.md
[main] [34mINFO [0;39m o.o.codegen.TemplateManager - writing file C:\Users\RJ\Downloads\Capstone Project System\Capstone_MateryalPH\packages\api-contract\generated\typescript\src\models\RegisterRequest.ts
[main] [34mINFO [0;39m o.o.codegen.TemplateManager - writing file C:\Users\RJ\Downloads\Capstone Project System\Capstone_MateryalPH\packages\api-contract\generated\typescript\docs\RegisterRequest.md
[main] [34mINFO [0;39m o.o.codegen.TemplateManager - writing file C:\Users\RJ\Downloads\Capstone Project System\Capstone_MateryalPH\packages\api-contract\generated\typescript\src\models\RegistrationEnvelope.ts
[main] [34mINFO [0;39m o.o.codegen.TemplateManager - writing file C:\Users\RJ\Downloads\Capstone Project System\Capstone_MateryalPH\packages\api-contract\generated\typescript\docs\RegistrationEnvelope.md
[main] [34mINFO [0;39m o.o.codegen.TemplateManager - writing file C:\Users\RJ\Downloads\Capstone Project System\Capstone_MateryalPH\packages\api-contract\generated\typescript\src\models\RegistrationEnvelopeAllOfData.ts
[main] [34mINFO [0;39m o.o.codegen.TemplateManager - writing file C:\Users\RJ\Downloads\Capstone Project System\Capstone_MateryalPH\packages\api-contract\generated\typescript\docs\RegistrationEnvelopeAllOfData.md
[main] [34mINFO [0;39m o.o.codegen.TemplateManager - writing file C:\Users\RJ\Downloads\Capstone Project System\Capstone_MateryalPH\packages\api-contract\generated\typescript\src\models\ResendBotChallengeRequest.ts
[main] [34mINFO [0;39m o.o.codegen.TemplateManager - writing file C:\Users\RJ\Downloads\Capstone Project System\Capstone_MateryalPH\packages\api-contract\generated\typescript\docs\ResendBotChallengeRequest.md
[main] [34mINFO [0;39m o.o.codegen.TemplateManager - writing file C:\Users\RJ\Downloads\Capstone Project System\Capstone_MateryalPH\packages\api-contract\generated\typescript\src\models\SuccessEnvelope.ts
[main] [34mINFO [0;39m o.o.codegen.TemplateManager - writing file C:\Users\RJ\Downloads\Capstone Project System\Capstone_MateryalPH\packages\api-contract\generated\typescript\docs\SuccessEnvelope.md
[main] [34mINFO [0;39m o.o.codegen.TemplateManager - writing file C:\Users\RJ\Downloads\Capstone Project System\Capstone_MateryalPH\packages\api-contract\generated\typescript\src\models\UserIdentity.ts
[main] [34mINFO [0;39m o.o.codegen.TemplateManager - writing file C:\Users\RJ\Downloads\Capstone Project System\Capstone_MateryalPH\packages\api-contract\generated\typescript\docs\UserIdentity.md
[main] [34mINFO [0;39m o.o.codegen.TemplateManager - writing file C:\Users\RJ\Downloads\Capstone Project System\Capstone_MateryalPH\packages\api-contract\generated\typescript\src\models\VendorAddressGeocode.ts
[main] [34mINFO [0;39m o.o.codegen.TemplateManager - writing file C:\Users\RJ\Downloads\Capstone Project System\Capstone_MateryalPH\packages\api-contract\generated\typescript\docs\VendorAddressGeocode.md
[main] [34mINFO [0;39m o.o.codegen.TemplateManager - writing file C:\Users\RJ\Downloads\Capstone Project System\Capstone_MateryalPH\packages\api-contract\generated\typescript\src\models\VendorAddressGeocodeEnvelope.ts
[main] [34mINFO [0;39m o.o.codegen.TemplateManager - writing file C:\Users\RJ\Downloads\Capstone Project System\Capstone_MateryalPH\packages\api-contract\generated\typescript\docs\VendorAddressGeocodeEnvelope.md
[main] [34mINFO [0;39m o.o.codegen.TemplateManager - writing file C:\Users\RJ\Downloads\Capstone Project System\Capstone_MateryalPH\packages\api-contract\generated\typescript\src\models\VendorBotProtectionEvidence.ts
[main] [34mINFO [0;39m o.o.codegen.TemplateManager - writing file C:\Users\RJ\Downloads\Capstone Project System\Capstone_MateryalPH\packages\api-contract\generated\typescript\docs\VendorBotProtectionEvidence.md
[main] [34mINFO [0;39m o.o.codegen.TemplateManager - writing file C:\Users\RJ\Downloads\Capstone Project System\Capstone_MateryalPH\packages\api-contract\generated\typescript\src\models\VendorDocument.ts
[main] [34mINFO [0;39m o.o.codegen.TemplateManager - writing file C:\Users\RJ\Downloads\Capstone Project System\Capstone_MateryalPH\packages\api-contract\generated\typescript\docs\VendorDocument.md
[main] [34mINFO [0;39m o.o.codegen.TemplateManager - writing file C:\Users\RJ\Downloads\Capstone Project System\Capstone_MateryalPH\packages\api-contract\generated\typescript\src\models\VendorDocumentEnvelope.ts
[main] [34mINFO [0;39m o.o.codegen.TemplateManager - writing file C:\Users\RJ\Downloads\Capstone Project System\Capstone_MateryalPH\packages\api-contract\generated\typescript\docs\VendorDocumentEnvelope.md
[main] [34mINFO [0;39m o.o.codegen.TemplateManager - writing file C:\Users\RJ\Downloads\Capstone Project System\Capstone_MateryalPH\packages\api-contract\generated\typescript\src\models\VendorFile.ts
[main] [34mINFO [0;39m o.o.codegen.TemplateManager - writing file C:\Users\RJ\Downloads\Capstone Project System\Capstone_MateryalPH\packages\api-contract\generated\typescript\docs\VendorFile.md
[main] [34mINFO [0;39m o.o.codegen.TemplateManager - writing file C:\Users\RJ\Downloads\Capstone Project System\Capstone_MateryalPH\packages\api-contract\generated\typescript\src\models\VendorFileEnvelope.ts
[main] [34mINFO [0;39m o.o.codegen.TemplateManager - writing file C:\Users\RJ\Downloads\Capstone Project System\Capstone_MateryalPH\packages\api-contract\generated\typescript\docs\VendorFileEnvelope.md
[main] [34mINFO [0;39m o.o.codegen.TemplateManager - writing file C:\Users\RJ\Downloads\Capstone Project System\Capstone_MateryalPH\packages\api-contract\generated\typescript\src\models\VendorInvitation.ts
[main] [34mINFO [0;39m o.o.codegen.TemplateManager - writing file C:\Users\RJ\Downloads\Capstone Project System\Capstone_MateryalPH\packages\api-contract\generated\typescript\docs\VendorInvitation.md
[main] [34mINFO [0;39m o.o.codegen.TemplateManager - writing file C:\Users\RJ\Downloads\Capstone Project System\Capstone_MateryalPH\packages\api-contract\generated\typescript\src\models\VendorInvitationAcceptance.ts
[main] [34mINFO [0;39m o.o.codegen.TemplateManager - writing file C:\Users\RJ\Downloads\Capstone Project System\Capstone_MateryalPH\packages\api-contract\generated\typescript\docs\VendorInvitationAcceptance.md
[main] [34mINFO [0;39m o.o.codegen.TemplateManager - writing file C:\Users\RJ\Downloads\Capstone Project System\Capstone_MateryalPH\packages\api-contract\generated\typescript\src\models\VendorInvitationEnvelope.ts
[main] [34mINFO [0;39m o.o.codegen.TemplateManager - writing file C:\Users\RJ\Downloads\Capstone Project System\Capstone_MateryalPH\packages\api-contract\generated\typescript\docs\VendorInvitationEnvelope.md
[main] [34mINFO [0;39m o.o.codegen.TemplateManager - writing file C:\Users\RJ\Downloads\Capstone Project System\Capstone_MateryalPH\packages\api-contract\generated\typescript\src\models\VendorInvitationRequest.ts
[main] [34mINFO [0;39m o.o.codegen.TemplateManager - writing file C:\Users\RJ\Downloads\Capstone Project System\Capstone_MateryalPH\packages\api-contract\generated\typescript\docs\VendorInvitationRequest.md
[main] [34mINFO [0;39m o.o.codegen.TemplateManager - writing file C:\Users\RJ\Downloads\Capstone Project System\Capstone_MateryalPH\packages\api-contract\generated\typescript\src\models\VendorMediaEnvelope.ts
[main] [34mINFO [0;39m o.o.codegen.TemplateManager - writing file C:\Users\RJ\Downloads\Capstone Project System\Capstone_MateryalPH\packages\api-contract\generated\typescript\docs\VendorMediaEnvelope.md
[main] [34mINFO [0;39m o.o.codegen.TemplateManager - writing file C:\Users\RJ\Downloads\Capstone Project System\Capstone_MateryalPH\packages\api-contract\generated\typescript\src\models\VendorOnboardingEnvelope.ts
[main] [34mINFO [0;39m o.o.codegen.TemplateManager - writing file C:\Users\RJ\Downloads\Capstone Project System\Capstone_MateryalPH\packages\api-contract\generated\typescript\docs\VendorOnboardingEnvelope.md
[main] [34mINFO [0;39m o.o.codegen.TemplateManager - writing file C:\Users\RJ\Downloads\Capstone Project System\Capstone_MateryalPH\packages\api-contract\generated\typescript\src\models\VendorOnboardingSection.ts
[main] [34mINFO [0;39m o.o.codegen.TemplateManager - writing file C:\Users\RJ\Downloads\Capstone Project System\Capstone_MateryalPH\packages\api-contract\generated\typescript\docs\VendorOnboardingSection.md
[main] [34mINFO [0;39m o.o.codegen.TemplateManager - writing file C:\Users\RJ\Downloads\Capstone Project System\Capstone_MateryalPH\packages\api-contract\generated\typescript\src\models\VendorOnboardingSnapshot.ts
[main] [34mINFO [0;39m o.o.codegen.TemplateManager - writing file C:\Users\RJ\Downloads\Capstone Project System\Capstone_MateryalPH\packages\api-contract\generated\typescript\docs\VendorOnboardingSnapshot.md
[main] [34mINFO [0;39m o.o.codegen.TemplateManager - writing file C:\Users\RJ\Downloads\Capstone Project System\Capstone_MateryalPH\packages\api-contract\generated\typescript\src\models\VendorOnboardingStep.ts
[main] [34mINFO [0;39m o.o.codegen.TemplateManager - writing file C:\Users\RJ\Downloads\Capstone Project System\Capstone_MateryalPH\packages\api-contract\generated\typescript\docs\VendorOnboardingStep.md
[main] [34mINFO [0;39m o.o.codegen.TemplateManager - writing file C:\Users\RJ\Downloads\Capstone Project System\Capstone_MateryalPH\packages\api-contract\generated\typescript\src\models\VendorPaymentConnection.ts
[main] [34mINFO [0;39m o.o.codegen.TemplateManager - writing file C:\Users\RJ\Downloads\Capstone Project System\Capstone_MateryalPH\packages\api-contract\generated\typescript\docs\VendorPaymentConnection.md
[main] [34mINFO [0;39m o.o.codegen.TemplateManager - writing file C:\Users\RJ\Downloads\Capstone Project System\Capstone_MateryalPH\packages\api-contract\generated\typescript\src\models\VendorPaymentReconciliationEnvelope.ts
[main] [34mINFO [0;39m o.o.codegen.TemplateManager - writing file C:\Users\RJ\Downloads\Capstone Project System\Capstone_MateryalPH\packages\api-contract\generated\typescript\docs\VendorPaymentReconciliationEnvelope.md
[main] [34mINFO [0;39m o.o.codegen.TemplateManager - writing file C:\Users\RJ\Downloads\Capstone Project System\Capstone_MateryalPH\packages\api-contract\generated\typescript\src\models\VendorRestriction.ts
[main] [34mINFO [0;39m o.o.codegen.TemplateManager - writing file C:\Users\RJ\Downloads\Capstone Project System\Capstone_MateryalPH\packages\api-contract\generated\typescript\docs\VendorRestriction.md
[main] [34mINFO [0;39m o.o.codegen.TemplateManager - writing file C:\Users\RJ\Downloads\Capstone Project System\Capstone_MateryalPH\packages\api-contract\generated\typescript\src\models\VendorRestrictionEnvelope.ts
[main] [34mINFO [0;39m o.o.codegen.TemplateManager - writing file C:\Users\RJ\Downloads\Capstone Project System\Capstone_MateryalPH\packages\api-contract\generated\typescript\docs\VendorRestrictionEnvelope.md
[main] [34mINFO [0;39m o.o.codegen.TemplateManager - writing file C:\Users\RJ\Downloads\Capstone Project System\Capstone_MateryalPH\packages\api-contract\generated\typescript\src\models\VendorSetupComplete.ts
[main] [34mINFO [0;39m o.o.codegen.TemplateManager - writing file C:\Users\RJ\Downloads\Capstone Project System\Capstone_MateryalPH\packages\api-contract\generated\typescript\docs\VendorSetupComplete.md
[main] [34mINFO [0;39m o.o.codegen.TemplateManager - writing file C:\Users\RJ\Downloads\Capstone Project System\Capstone_MateryalPH\packages\api-contract\generated\typescript\src\models\VendorSetupDraft.ts
[main] [34mINFO [0;39m o.o.codegen.TemplateManager - writing file C:\Users\RJ\Downloads\Capstone Project System\Capstone_MateryalPH\packages\api-contract\generated\typescript\docs\VendorSetupDraft.md
[main] [34mINFO [0;39m o.o.codegen.TemplateManager - writing file C:\Users\RJ\Downloads\Capstone Project System\Capstone_MateryalPH\packages\api-contract\generated\typescript\src\models\VendorSetupDraftDelivery.ts
[main] [34mINFO [0;39m o.o.codegen.TemplateManager - writing file C:\Users\RJ\Downloads\Capstone Project System\Capstone_MateryalPH\packages\api-contract\generated\typescript\docs\VendorSetupDraftDelivery.md
[main] [34mINFO [0;39m o.o.codegen.TemplateManager - writing file C:\Users\RJ\Downloads\Capstone Project System\Capstone_MateryalPH\packages\api-contract\generated\typescript\src\models\VendorSetupDraftVehiclesInner.ts
[main] [34mINFO [0;39m o.o.codegen.TemplateManager - writing file C:\Users\RJ\Downloads\Capstone Project System\Capstone_MateryalPH\packages\api-contract\generated\typescript\docs\VendorSetupDraftVehiclesInner.md
[main] [34mINFO [0;39m o.o.codegen.TemplateManager - writing file C:\Users\RJ\Downloads\Capstone Project System\Capstone_MateryalPH\packages\api-contract\generated\typescript\src\models\VendorStoreEmailConfirmation.ts
[main] [34mINFO [0;39m o.o.codegen.TemplateManager - writing file C:\Users\RJ\Downloads\Capstone Project System\Capstone_MateryalPH\packages\api-contract\generated\typescript\docs\VendorStoreEmailConfirmation.md
[main] [34mINFO [0;39m o.o.codegen.TemplateManager - writing file C:\Users\RJ\Downloads\Capstone Project System\Capstone_MateryalPH\packages\api-contract\generated\typescript\src\models\VendorStoreEmailEnvelope.ts
[main] [34mINFO [0;39m o.o.codegen.TemplateManager - writing file C:\Users\RJ\Downloads\Capstone Project System\Capstone_MateryalPH\packages\api-contract\generated\typescript\docs\VendorStoreEmailEnvelope.md
[main] [34mINFO [0;39m o.o.codegen.TemplateManager - writing file C:\Users\RJ\Downloads\Capstone Project System\Capstone_MateryalPH\packages\api-contract\generated\typescript\src\models\VendorVerificationDraft.ts
[main] [34mINFO [0;39m o.o.codegen.TemplateManager - writing file C:\Users\RJ\Downloads\Capstone Project System\Capstone_MateryalPH\packages\api-contract\generated\typescript\docs\VendorVerificationDraft.md
[main] [34mINFO [0;39m o.o.codegen.TemplateManager - writing file C:\Users\RJ\Downloads\Capstone Project System\Capstone_MateryalPH\packages\api-contract\generated\typescript\src\models\VendorVerificationDraftLegalIdentity.ts
[main] [34mINFO [0;39m o.o.codegen.TemplateManager - writing file C:\Users\RJ\Downloads\Capstone Project System\Capstone_MateryalPH\packages\api-contract\generated\typescript\docs\VendorVerificationDraftLegalIdentity.md
[main] [34mINFO [0;39m o.o.codegen.TemplateManager - writing file C:\Users\RJ\Downloads\Capstone Project System\Capstone_MateryalPH\packages\api-contract\generated\typescript\src\models\VendorVerificationDraftTaxProfile.ts
[main] [34mINFO [0;39m o.o.codegen.TemplateManager - writing file C:\Users\RJ\Downloads\Capstone Project System\Capstone_MateryalPH\packages\api-contract\generated\typescript\docs\VendorVerificationDraftTaxProfile.md
[main] [34mINFO [0;39m o.o.codegen.TemplateManager - writing file C:\Users\RJ\Downloads\Capstone Project System\Capstone_MateryalPH\packages\api-contract\generated\typescript\src\models\VendorVerificationSubmit.ts
[main] [34mINFO [0;39m o.o.codegen.TemplateManager - writing file C:\Users\RJ\Downloads\Capstone Project System\Capstone_MateryalPH\packages\api-contract\generated\typescript\docs\VendorVerificationSubmit.md
[main] [34mINFO [0;39m o.o.codegen.TemplateManager - writing file C:\Users\RJ\Downloads\Capstone Project System\Capstone_MateryalPH\packages\api-contract\generated\typescript\src\models\VendorWebhookEnvelope.ts
[main] [34mINFO [0;39m o.o.codegen.TemplateManager - writing file C:\Users\RJ\Downloads\Capstone Project System\Capstone_MateryalPH\packages\api-contract\generated\typescript\docs\VendorWebhookEnvelope.md
[main] [34mINFO [0;39m o.o.codegen.TemplateManager - writing file C:\Users\RJ\Downloads\Capstone Project System\Capstone_MateryalPH\packages\api-contract\generated\typescript\src\models\VerifyBotChallengeRequest.ts
[main] [34mINFO [0;39m o.o.codegen.TemplateManager - writing file C:\Users\RJ\Downloads\Capstone Project System\Capstone_MateryalPH\packages\api-contract\generated\typescript\docs\VerifyBotChallengeRequest.md
[main] [34mINFO [0;39m o.o.codegen.TemplateManager - writing file C:\Users\RJ\Downloads\Capstone Project System\Capstone_MateryalPH\packages\api-contract\generated\typescript\src\models\VerifyEmailRequest.ts
[main] [34mINFO [0;39m o.o.codegen.TemplateManager - writing file C:\Users\RJ\Downloads\Capstone Project System\Capstone_MateryalPH\packages\api-contract\generated\typescript\docs\VerifyEmailRequest.md
[main] [34mINFO [0;39m o.o.codegen.TemplateManager - writing file C:\Users\RJ\Downloads\Capstone Project System\Capstone_MateryalPH\packages\api-contract\generated\typescript\src\models\XenditAccountVerificationWebhook.ts
[main] [34mINFO [0;39m o.o.codegen.TemplateManager - writing file C:\Users\RJ\Downloads\Capstone Project System\Capstone_MateryalPH\packages\api-contract\generated\typescript\docs\XenditAccountVerificationWebhook.md
[main] [34mINFO [0;39m o.o.codegen.TemplateManager - writing file C:\Users\RJ\Downloads\Capstone Project System\Capstone_MateryalPH\packages\api-contract\generated\typescript\src\apis\AccountsApi.ts
[main] [34mINFO [0;39m o.o.codegen.TemplateManager - writing file C:\Users\RJ\Downloads\Capstone Project System\Capstone_MateryalPH\packages\api-contract\generated\typescript\docs\AccountsApi.md
[main] [34mINFO [0;39m o.o.codegen.TemplateManager - writing file C:\Users\RJ\Downloads\Capstone Project System\Capstone_MateryalPH\packages\api-contract\generated\typescript\src\apis\AdminVendorVerificationApi.ts
[main] [34mINFO [0;39m o.o.codegen.TemplateManager - writing file C:\Users\RJ\Downloads\Capstone Project System\Capstone_MateryalPH\packages\api-contract\generated\typescript\docs\AdminVendorVerificationApi.md
[main] [34mINFO [0;39m o.o.codegen.TemplateManager - writing file C:\Users\RJ\Downloads\Capstone Project System\Capstone_MateryalPH\packages\api-contract\generated\typescript\src\apis\AgreementsApi.ts
[main] [34mINFO [0;39m o.o.codegen.TemplateManager - writing file C:\Users\RJ\Downloads\Capstone Project System\Capstone_MateryalPH\packages\api-contract\generated\typescript\docs\AgreementsApi.md
[main] [34mINFO [0;39m o.o.codegen.TemplateManager - writing file C:\Users\RJ\Downloads\Capstone Project System\Capstone_MateryalPH\packages\api-contract\generated\typescript\src\apis\AuthenticationApi.ts
[main] [34mINFO [0;39m o.o.codegen.TemplateManager - writing file C:\Users\RJ\Downloads\Capstone Project System\Capstone_MateryalPH\packages\api-contract\generated\typescript\docs\AuthenticationApi.md
[main] [34mINFO [0;39m o.o.codegen.TemplateManager - writing file C:\Users\RJ\Downloads\Capstone Project System\Capstone_MateryalPH\packages\api-contract\generated\typescript\src\apis\SystemApi.ts
[main] [34mINFO [0;39m o.o.codegen.TemplateManager - writing file C:\Users\RJ\Downloads\Capstone Project System\Capstone_MateryalPH\packages\api-contract\generated\typescript\docs\SystemApi.md
[main] [34mINFO [0;39m o.o.codegen.TemplateManager - writing file C:\Users\RJ\Downloads\Capstone Project System\Capstone_MateryalPH\packages\api-contract\generated\typescript\src\apis\VendorOnboardingApi.ts
[main] [34mINFO [0;39m o.o.codegen.TemplateManager - writing file C:\Users\RJ\Downloads\Capstone Project System\Capstone_MateryalPH\packages\api-contract\generated\typescript\docs\VendorOnboardingApi.md
[main] [34mINFO [0;39m o.o.codegen.TemplateManager - writing file C:\Users\RJ\Downloads\Capstone Project System\Capstone_MateryalPH\packages\api-contract\generated\typescript\src\index.ts
[main] [34mINFO [0;39m o.o.codegen.TemplateManager - writing file C:\Users\RJ\Downloads\Capstone Project System\Capstone_MateryalPH\packages\api-contract\generated\typescript\src\runtime.ts
[main] [34mINFO [0;39m o.o.codegen.TemplateManager - writing file C:\Users\RJ\Downloads\Capstone Project System\Capstone_MateryalPH\packages\api-contract\generated\typescript\README.md
[main] [34mINFO [0;39m o.o.codegen.TemplateManager - writing file C:\Users\RJ\Downloads\Capstone Project System\Capstone_MateryalPH\packages\api-contract\generated\typescript\package.json
[main] [34mINFO [0;39m o.o.codegen.TemplateManager - writing file C:\Users\RJ\Downloads\Capstone Project System\Capstone_MateryalPH\packages\api-contract\generated\typescript\tsconfig.json
[main] [34mINFO [0;39m o.o.codegen.TemplateManager - writing file C:\Users\RJ\Downloads\Capstone Project System\Capstone_MateryalPH\packages\api-contract\generated\typescript\tsconfig.esm.json
[main] [34mINFO [0;39m o.o.codegen.TemplateManager - writing file C:\Users\RJ\Downloads\Capstone Project System\Capstone_MateryalPH\packages\api-contract\generated\typescript\.npmignore
[main] [34mINFO [0;39m o.o.codegen.TemplateManager - writing file C:\Users\RJ\Downloads\Capstone Project System\Capstone_MateryalPH\packages\api-contract\generated\typescript\.gitignore
[main] [34mINFO [0;39m o.o.codegen.TemplateManager - writing file C:\Users\RJ\Downloads\Capstone Project System\Capstone_MateryalPH\packages\api-contract\generated\typescript\src\models\index.ts
[main] [34mINFO [0;39m o.o.codegen.TemplateManager - writing file C:\Users\RJ\Downloads\Capstone Project System\Capstone_MateryalPH\packages\api-contract\generated\typescript\src\apis\index.ts
[main] [34mINFO [0;39m o.o.codegen.TemplateManager - Skipped C:\Users\RJ\Downloads\Capstone Project System\Capstone_MateryalPH\packages\api-contract\generated\typescript\.openapi-generator-ignore (Skipped by supportingFiles options supplied by user.)
[main] [34mINFO [0;39m o.o.codegen.TemplateManager - writing file C:\Users\RJ\Downloads\Capstone Project System\Capstone_MateryalPH\packages\api-contract\generated\typescript\.openapi-generator\VERSION
[main] [34mINFO [0;39m o.o.codegen.TemplateManager - writing file C:\Users\RJ\Downloads\Capstone Project System\Capstone_MateryalPH\packages\api-contract\generated\typescript\.openapi-generator\FILES
############################################################################################
# Thanks for using OpenAPI Generator.                                                      #
# We appreciate your support! Please consider donating to help us maintain this project.   #
# https://opencollective.com/openapi_generator/donate                                      #
############################################################################################
[main] [31mWARN [0;39m o.o.codegen.DefaultCodegen - OpenAPI 3.1 support is still in beta. To report an issue related to 3.1 spec, please kindly open an issue in the Github repo: https://github.com/openAPITools/openapi-generator.
[main] [34mINFO [0;39m o.o.codegen.DefaultGenerator - Generating with dryRun=false
[main] [34mINFO [0;39m o.o.codegen.DefaultGenerator - OpenAPI Generator: dart-dio (client)
[main] [34mINFO [0;39m o.o.codegen.DefaultGenerator - Generator 'dart-dio' is considered stable.
[main] [34mINFO [0;39m o.o.c.languages.AbstractDartCodegen - Environment variable DART_POST_PROCESS_FILE not defined so the Dart code may not be properly formatted. To define it, try `export DART_POST_PROCESS_FILE="/usr/local/bin/dartfmt -w"` (Linux/Mac)
[main] [34mINFO [0;39m o.o.c.languages.AbstractDartCodegen - NOTE: To enable file post-processing, 'enablePostProcessFile' must be set to `true` (--enable-post-process-file for CLI).
[main] [31mWARN [0;39m o.o.codegen.utils.ModelUtils - Failed to get the schema name: null
[main] [34mINFO [0;39m o.o.codegen.InlineModelResolver - Inline schema created as uploadAccountPhoto_request. To have complete control of the model name, set the `title` field or use the modelNameMapping option (e.g. --model-name-mappings uploadAccountPhoto_request=NewModel,ModelA=NewModelA in CLI) or inlineSchemaNameMapping option (--inline-schema-name-mappings uploadAccountPhoto_request=NewModel,ModelA=NewModelA in CLI).
[main] [34mINFO [0;39m o.o.codegen.InlineModelResolver - Inline schema created as HealthEnvelope_allOf_data. To have complete control of the model name, set the `title` field or use the modelNameMapping option (e.g. --model-name-mappings HealthEnvelope_allOf_data=NewModel,ModelA=NewModelA in CLI) or inlineSchemaNameMapping option (--inline-schema-name-mappings HealthEnvelope_allOf_data=NewModel,ModelA=NewModelA in CLI).
[main] [34mINFO [0;39m o.o.codegen.InlineModelResolver - Inline schema created as CsrfEnvelope_allOf_data. To have complete control of the model name, set the `title` field or use the modelNameMapping option (e.g. --model-name-mappings CsrfEnvelope_allOf_data=NewModel,ModelA=NewModelA in CLI) or inlineSchemaNameMapping option (--inline-schema-name-mappings CsrfEnvelope_allOf_data=NewModel,ModelA=NewModelA in CLI).
[main] [34mINFO [0;39m o.o.codegen.InlineModelResolver - Inline schema created as BotProofEnvelope_allOf_data. To have complete control of the model name, set the `title` field or use the modelNameMapping option (e.g. --model-name-mappings BotProofEnvelope_allOf_data=NewModel,ModelA=NewModelA in CLI) or inlineSchemaNameMapping option (--inline-schema-name-mappings BotProofEnvelope_allOf_data=NewModel,ModelA=NewModelA in CLI).
[main] [34mINFO [0;39m o.o.codegen.InlineModelResolver - Inline schema created as AuthEnvelope_allOf_data. To have complete control of the model name, set the `title` field or use the modelNameMapping option (e.g. --model-name-mappings AuthEnvelope_allOf_data=NewModel,ModelA=NewModelA in CLI) or inlineSchemaNameMapping option (--inline-schema-name-mappings AuthEnvelope_allOf_data=NewModel,ModelA=NewModelA in CLI).
[main] [34mINFO [0;39m o.o.codegen.InlineModelResolver - Inline schema created as MfaStatusEnvelope_allOf_data. To have complete control of the model name, set the `title` field or use the modelNameMapping option (e.g. --model-name-mappings MfaStatusEnvelope_allOf_data=NewModel,ModelA=NewModelA in CLI) or inlineSchemaNameMapping option (--inline-schema-name-mappings MfaStatusEnvelope_allOf_data=NewModel,ModelA=NewModelA in CLI).
[main] [34mINFO [0;39m o.o.codegen.InlineModelResolver - Inline schema created as MfaEnrollmentEnvelope_allOf_data. To have complete control of the model name, set the `title` field or use the modelNameMapping option (e.g. --model-name-mappings MfaEnrollmentEnvelope_allOf_data=NewModel,ModelA=NewModelA in CLI) or inlineSchemaNameMapping option (--inline-schema-name-mappings MfaEnrollmentEnvelope_allOf_data=NewModel,ModelA=NewModelA in CLI).
[main] [34mINFO [0;39m o.o.codegen.InlineModelResolver - Inline schema created as RegistrationEnvelope_allOf_data. To have complete control of the model name, set the `title` field or use the modelNameMapping option (e.g. --model-name-mappings RegistrationEnvelope_allOf_data=NewModel,ModelA=NewModelA in CLI) or inlineSchemaNameMapping option (--inline-schema-name-mappings RegistrationEnvelope_allOf_data=NewModel,ModelA=NewModelA in CLI).
[main] [34mINFO [0;39m o.o.codegen.InlineModelResolver - Inline schema created as VendorVerificationDraft_legal_identity. To have complete control of the model name, set the `title` field or use the modelNameMapping option (e.g. --model-name-mappings VendorVerificationDraft_legal_identity=NewModel,ModelA=NewModelA in CLI) or inlineSchemaNameMapping option (--inline-schema-name-mappings VendorVerificationDraft_legal_identity=NewModel,ModelA=NewModelA in CLI).
[main] [34mINFO [0;39m o.o.codegen.InlineModelResolver - Inline schema created as VendorVerificationDraft_tax_profile. To have complete control of the model name, set the `title` field or use the modelNameMapping option (e.g. --model-name-mappings VendorVerificationDraft_tax_profile=NewModel,ModelA=NewModelA in CLI) or inlineSchemaNameMapping option (--inline-schema-name-mappings VendorVerificationDraft_tax_profile=NewModel,ModelA=NewModelA in CLI).
[main] [34mINFO [0;39m o.o.codegen.InlineModelResolver - Inline schema created as VendorSetupDraft_delivery. To have complete control of the model name, set the `title` field or use the modelNameMapping option (e.g. --model-name-mappings VendorSetupDraft_delivery=NewModel,ModelA=NewModelA in CLI) or inlineSchemaNameMapping option (--inline-schema-name-mappings VendorSetupDraft_delivery=NewModel,ModelA=NewModelA in CLI).
[main] [34mINFO [0;39m o.o.codegen.InlineModelResolver - Inline schema created as VendorSetupDraft_vehicles_inner. To have complete control of the model name, set the `title` field or use the modelNameMapping option (e.g. --model-name-mappings VendorSetupDraft_vehicles_inner=NewModel,ModelA=NewModelA in CLI) or inlineSchemaNameMapping option (--inline-schema-name-mappings VendorSetupDraft_vehicles_inner=NewModel,ModelA=NewModelA in CLI).
[main] [34mINFO [0;39m o.o.codegen.utils.URLPathUtils - 'host' (OAS 2.0) or 'servers' (OAS 3.0) not defined in the spec. Default to [http://localhost] for server URL [http://localhost/api/v1]
[main] [34mINFO [0;39m o.o.codegen.DefaultGenerator - Model Meta not generated since it's a free-form object
[main] [34mINFO [0;39m o.o.codegen.DefaultGenerator - Model VendorDocumentUpload not generated since it's marked as unused (due to form parameters) and `skipFormModel` (global property) set to true (default)
[main] [34mINFO [0;39m o.o.codegen.DefaultGenerator - Model VendorMediaUpload not generated since it's marked as unused (due to form parameters) and `skipFormModel` (global property) set to true (default)
[main] [34mINFO [0;39m o.o.codegen.DefaultGenerator - Model uploadAccountPhoto_request not generated since it's marked as unused (due to form parameters) and `skipFormModel` (global property) set to true (default)
[main] [34mINFO [0;39m o.o.codegen.TemplateManager - writing file C:\Users\RJ\Downloads\Capstone Project System\Capstone_MateryalPH\packages\api-contract\generated\dart\lib\src\model\account_admin_change.dart
[main] [34mINFO [0;39m o.o.codegen.TemplateManager - writing file C:\Users\RJ\Downloads\Capstone Project System\Capstone_MateryalPH\packages\api-contract\generated\dart\test\account_admin_change_test.dart
[main] [34mINFO [0;39m o.o.codegen.TemplateManager - writing file C:\Users\RJ\Downloads\Capstone Project System\Capstone_MateryalPH\packages\api-contract\generated\dart\doc\AccountAdminChange.md
[main] [34mINFO [0;39m o.o.codegen.TemplateManager - writing file C:\Users\RJ\Downloads\Capstone Project System\Capstone_MateryalPH\packages\api-contract\generated\dart\lib\src\model\account_admin_invitation.dart
[main] [34mINFO [0;39m o.o.codegen.TemplateManager - writing file C:\Users\RJ\Downloads\Capstone Project System\Capstone_MateryalPH\packages\api-contract\generated\dart\test\account_admin_invitation_test.dart
[main] [34mINFO [0;39m o.o.codegen.TemplateManager - writing file C:\Users\RJ\Downloads\Capstone Project System\Capstone_MateryalPH\packages\api-contract\generated\dart\doc\AccountAdminInvitation.md
[main] [34mINFO [0;39m o.o.codegen.TemplateManager - writing file C:\Users\RJ\Downloads\Capstone Project System\Capstone_MateryalPH\packages\api-contract\generated\dart\lib\src\model\account_administrator.dart
[main] [34mINFO [0;39m o.o.codegen.TemplateManager - writing file C:\Users\RJ\Downloads\Capstone Project System\Capstone_MateryalPH\packages\api-contract\generated\dart\test\account_administrator_test.dart
[main] [34mINFO [0;39m o.o.codegen.TemplateManager - writing file C:\Users\RJ\Downloads\Capstone Project System\Capstone_MateryalPH\packages\api-contract\generated\dart\doc\AccountAdministrator.md
[main] [34mINFO [0;39m o.o.codegen.TemplateManager - writing file C:\Users\RJ\Downloads\Capstone Project System\Capstone_MateryalPH\packages\api-contract\generated\dart\lib\src\model\account_administrator_list_envelope.dart
[main] [34mINFO [0;39m o.o.codegen.TemplateManager - writing file C:\Users\RJ\Downloads\Capstone Project System\Capstone_MateryalPH\packages\api-contract\generated\dart\test\account_administrator_list_envelope_test.dart
[main] [34mINFO [0;39m o.o.codegen.TemplateManager - writing file C:\Users\RJ\Downloads\Capstone Project System\Capstone_MateryalPH\packages\api-contract\generated\dart\doc\AccountAdministratorListEnvelope.md
[main] [34mINFO [0;39m o.o.codegen.TemplateManager - writing file C:\Users\RJ\Downloads\Capstone Project System\Capstone_MateryalPH\packages\api-contract\generated\dart\lib\src\model\account_agreement.dart
[main] [34mINFO [0;39m o.o.codegen.TemplateManager - writing file C:\Users\RJ\Downloads\Capstone Project System\Capstone_MateryalPH\packages\api-contract\generated\dart\test\account_agreement_test.dart
[main] [34mINFO [0;39m o.o.codegen.TemplateManager - writing file C:\Users\RJ\Downloads\Capstone Project System\Capstone_MateryalPH\packages\api-contract\generated\dart\doc\AccountAgreement.md
[main] [34mINFO [0;39m o.o.codegen.TemplateManager - writing file C:\Users\RJ\Downloads\Capstone Project System\Capstone_MateryalPH\packages\api-contract\generated\dart\lib\src\model\account_agreement_acceptance.dart
[main] [34mINFO [0;39m o.o.codegen.TemplateManager - writing file C:\Users\RJ\Downloads\Capstone Project System\Capstone_MateryalPH\packages\api-contract\generated\dart\test\account_agreement_acceptance_test.dart
[main] [34mINFO [0;39m o.o.codegen.TemplateManager - writing file C:\Users\RJ\Downloads\Capstone Project System\Capstone_MateryalPH\packages\api-contract\generated\dart\doc\AccountAgreementAcceptance.md
[main] [34mINFO [0;39m o.o.codegen.TemplateManager - writing file C:\Users\RJ\Downloads\Capstone Project System\Capstone_MateryalPH\packages\api-contract\generated\dart\lib\src\model\account_agreement_list_envelope.dart
[main] [34mINFO [0;39m o.o.codegen.TemplateManager - writing file C:\Users\RJ\Downloads\Capstone Project System\Capstone_MateryalPH\packages\api-contract\generated\dart\test\account_agreement_list_envelope_test.dart
[main] [34mINFO [0;39m o.o.codegen.TemplateManager - writing file C:\Users\RJ\Downloads\Capstone Project System\Capstone_MateryalPH\packages\api-contract\generated\dart\doc\AccountAgreementListEnvelope.md
[main] [34mINFO [0;39m o.o.codegen.TemplateManager - writing file C:\Users\RJ\Downloads\Capstone Project System\Capstone_MateryalPH\packages\api-contract\generated\dart\lib\src\model\account_code_confirmation.dart
[main] [34mINFO [0;39m o.o.codegen.TemplateManager - writing file C:\Users\RJ\Downloads\Capstone Project System\Capstone_MateryalPH\packages\api-contract\generated\dart\test\account_code_confirmation_test.dart
[main] [34mINFO [0;39m o.o.codegen.TemplateManager - writing file C:\Users\RJ\Downloads\Capstone Project System\Capstone_MateryalPH\packages\api-contract\generated\dart\doc\AccountCodeConfirmation.md
[main] [34mINFO [0;39m o.o.codegen.TemplateManager - writing file C:\Users\RJ\Downloads\Capstone Project System\Capstone_MateryalPH\packages\api-contract\generated\dart\lib\src\model\account_delegation.dart
[main] [34mINFO [0;39m o.o.codegen.TemplateManager - writing file C:\Users\RJ\Downloads\Capstone Project System\Capstone_MateryalPH\packages\api-contract\generated\dart\test\account_delegation_test.dart
[main] [34mINFO [0;39m o.o.codegen.TemplateManager - writing file C:\Users\RJ\Downloads\Capstone Project System\Capstone_MateryalPH\packages\api-contract\generated\dart\doc\AccountDelegation.md
[main] [34mINFO [0;39m o.o.codegen.TemplateManager - writing file C:\Users\RJ\Downloads\Capstone Project System\Capstone_MateryalPH\packages\api-contract\generated\dart\lib\src\model\account_email_change.dart
[main] [34mINFO [0;39m o.o.codegen.TemplateManager - writing file C:\Users\RJ\Downloads\Capstone Project System\Capstone_MateryalPH\packages\api-contract\generated\dart\test\account_email_change_test.dart
[main] [34mINFO [0;39m o.o.codegen.TemplateManager - writing file C:\Users\RJ\Downloads\Capstone Project System\Capstone_MateryalPH\packages\api-contract\generated\dart\doc\AccountEmailChange.md
[main] [34mINFO [0;39m o.o.codegen.TemplateManager - writing file C:\Users\RJ\Downloads\Capstone Project System\Capstone_MateryalPH\packages\api-contract\generated\dart\lib\src\model\account_factor_enrollment.dart
[main] [34mINFO [0;39m o.o.codegen.TemplateManager - writing file C:\Users\RJ\Downloads\Capstone Project System\Capstone_MateryalPH\packages\api-contract\generated\dart\test\account_factor_enrollment_test.dart
[main] [34mINFO [0;39m o.o.codegen.TemplateManager - writing file C:\Users\RJ\Downloads\Capstone Project System\Capstone_MateryalPH\packages\api-contract\generated\dart\doc\AccountFactorEnrollment.md
[main] [34mINFO [0;39m o.o.codegen.TemplateManager - writing file C:\Users\RJ\Downloads\Capstone Project System\Capstone_MateryalPH\packages\api-contract\generated\dart\lib\src\model\account_factor_enrollment_envelope.dart
[main] [34mINFO [0;39m o.o.codegen.TemplateManager - writing file C:\Users\RJ\Downloads\Capstone Project System\Capstone_MateryalPH\packages\api-contract\generated\dart\test\account_factor_enrollment_envelope_test.dart
[main] [34mINFO [0;39m o.o.codegen.TemplateManager - writing file C:\Users\RJ\Downloads\Capstone Project System\Capstone_MateryalPH\packages\api-contract\generated\dart\doc\AccountFactorEnrollmentEnvelope.md
[main] [34mINFO [0;39m o.o.codegen.TemplateManager - writing file C:\Users\RJ\Downloads\Capstone Project System\Capstone_MateryalPH\packages\api-contract\generated\dart\lib\src\model\account_membership.dart
[main] [34mINFO [0;39m o.o.codegen.TemplateManager - writing file C:\Users\RJ\Downloads\Capstone Project System\Capstone_MateryalPH\packages\api-contract\generated\dart\test\account_membership_test.dart
[main] [34mINFO [0;39m o.o.codegen.TemplateManager - writing file C:\Users\RJ\Downloads\Capstone Project System\Capstone_MateryalPH\packages\api-contract\generated\dart\doc\AccountMembership.md
[main] [34mINFO [0;39m o.o.codegen.TemplateManager - writing file C:\Users\RJ\Downloads\Capstone Project System\Capstone_MateryalPH\packages\api-contract\generated\dart\lib\src\model\account_membership_list_envelope.dart
[main] [34mINFO [0;39m o.o.codegen.TemplateManager - writing file C:\Users\RJ\Downloads\Capstone Project System\Capstone_MateryalPH\packages\api-contract\generated\dart\test\account_membership_list_envelope_test.dart
[main] [34mINFO [0;39m o.o.codegen.TemplateManager - writing file C:\Users\RJ\Downloads\Capstone Project System\Capstone_MateryalPH\packages\api-contract\generated\dart\doc\AccountMembershipListEnvelope.md
[main] [34mINFO [0;39m o.o.codegen.TemplateManager - writing file C:\Users\RJ\Downloads\Capstone Project System\Capstone_MateryalPH\packages\api-contract\generated\dart\lib\src\model\account_membership_status.dart
[main] [34mINFO [0;39m o.o.codegen.TemplateManager - writing file C:\Users\RJ\Downloads\Capstone Project System\Capstone_MateryalPH\packages\api-contract\generated\dart\test\account_membership_status_test.dart
[main] [34mINFO [0;39m o.o.codegen.TemplateManager - writing file C:\Users\RJ\Downloads\Capstone Project System\Capstone_MateryalPH\packages\api-contract\generated\dart\doc\AccountMembershipStatus.md
[main] [34mINFO [0;39m o.o.codegen.TemplateManager - writing file C:\Users\RJ\Downloads\Capstone Project System\Capstone_MateryalPH\packages\api-contract\generated\dart\lib\src\model\account_mutation_result.dart
[main] [34mINFO [0;39m o.o.codegen.TemplateManager - writing file C:\Users\RJ\Downloads\Capstone Project System\Capstone_MateryalPH\packages\api-contract\generated\dart\test\account_mutation_result_test.dart
[main] [34mINFO [0;39m o.o.codegen.TemplateManager - writing file C:\Users\RJ\Downloads\Capstone Project System\Capstone_MateryalPH\packages\api-contract\generated\dart\doc\AccountMutationResult.md
[main] [34mINFO [0;39m o.o.codegen.TemplateManager - writing file C:\Users\RJ\Downloads\Capstone Project System\Capstone_MateryalPH\packages\api-contract\generated\dart\lib\src\model\account_mutation_result_envelope.dart
[main] [34mINFO [0;39m o.o.codegen.TemplateManager - writing file C:\Users\RJ\Downloads\Capstone Project System\Capstone_MateryalPH\packages\api-contract\generated\dart\test\account_mutation_result_envelope_test.dart
[main] [34mINFO [0;39m o.o.codegen.TemplateManager - writing file C:\Users\RJ\Downloads\Capstone Project System\Capstone_MateryalPH\packages\api-contract\generated\dart\doc\AccountMutationResultEnvelope.md
[main] [34mINFO [0;39m o.o.codegen.TemplateManager - writing file C:\Users\RJ\Downloads\Capstone Project System\Capstone_MateryalPH\packages\api-contract\generated\dart\lib\src\model\account_password_change.dart
[main] [34mINFO [0;39m o.o.codegen.TemplateManager - writing file C:\Users\RJ\Downloads\Capstone Project System\Capstone_MateryalPH\packages\api-contract\generated\dart\test\account_password_change_test.dart
[main] [34mINFO [0;39m o.o.codegen.TemplateManager - writing file C:\Users\RJ\Downloads\Capstone Project System\Capstone_MateryalPH\packages\api-contract\generated\dart\doc\AccountPasswordChange.md
[main] [34mINFO [0;39m o.o.codegen.TemplateManager - writing file C:\Users\RJ\Downloads\Capstone Project System\Capstone_MateryalPH\packages\api-contract\generated\dart\lib\src\model\account_pending_change.dart
[main] [34mINFO [0;39m o.o.codegen.TemplateManager - writing file C:\Users\RJ\Downloads\Capstone Project System\Capstone_MateryalPH\packages\api-contract\generated\dart\test\account_pending_change_test.dart
[main] [34mINFO [0;39m o.o.codegen.TemplateManager - writing file C:\Users\RJ\Downloads\Capstone Project System\Capstone_MateryalPH\packages\api-contract\generated\dart\doc\AccountPendingChange.md
[main] [34mINFO [0;39m o.o.codegen.TemplateManager - writing file C:\Users\RJ\Downloads\Capstone Project System\Capstone_MateryalPH\packages\api-contract\generated\dart\lib\src\model\account_pending_change_envelope.dart
[main] [34mINFO [0;39m o.o.codegen.TemplateManager - writing file C:\Users\RJ\Downloads\Capstone Project System\Capstone_MateryalPH\packages\api-contract\generated\dart\test\account_pending_change_envelope_test.dart
[main] [34mINFO [0;39m o.o.codegen.TemplateManager - writing file C:\Users\RJ\Downloads\Capstone Project System\Capstone_MateryalPH\packages\api-contract\generated\dart\doc\AccountPendingChangeEnvelope.md
[main] [34mINFO [0;39m o.o.codegen.TemplateManager - writing file C:\Users\RJ\Downloads\Capstone Project System\Capstone_MateryalPH\packages\api-contract\generated\dart\lib\src\model\account_profile.dart
[main] [34mINFO [0;39m o.o.codegen.TemplateManager - writing file C:\Users\RJ\Downloads\Capstone Project System\Capstone_MateryalPH\packages\api-contract\generated\dart\test\account_profile_test.dart
[main] [34mINFO [0;39m o.o.codegen.TemplateManager - writing file C:\Users\RJ\Downloads\Capstone Project System\Capstone_MateryalPH\packages\api-contract\generated\dart\doc\AccountProfile.md
[main] [34mINFO [0;39m o.o.codegen.TemplateManager - writing file C:\Users\RJ\Downloads\Capstone Project System\Capstone_MateryalPH\packages\api-contract\generated\dart\lib\src\model\account_profile_envelope.dart
[main] [34mINFO [0;39m o.o.codegen.TemplateManager - writing file C:\Users\RJ\Downloads\Capstone Project System\Capstone_MateryalPH\packages\api-contract\generated\dart\test\account_profile_envelope_test.dart
[main] [34mINFO [0;39m o.o.codegen.TemplateManager - writing file C:\Users\RJ\Downloads\Capstone Project System\Capstone_MateryalPH\packages\api-contract\generated\dart\doc\AccountProfileEnvelope.md
[main] [34mINFO [0;39m o.o.codegen.TemplateManager - writing file C:\Users\RJ\Downloads\Capstone Project System\Capstone_MateryalPH\packages\api-contract\generated\dart\lib\src\model\account_profile_update.dart
[main] [34mINFO [0;39m o.o.codegen.TemplateManager - writing file C:\Users\RJ\Downloads\Capstone Project System\Capstone_MateryalPH\packages\api-contract\generated\dart\test\account_profile_update_test.dart
[main] [34mINFO [0;39m o.o.codegen.TemplateManager - writing file C:\Users\RJ\Downloads\Capstone Project System\Capstone_MateryalPH\packages\api-contract\generated\dart\doc\AccountProfileUpdate.md
[main] [34mINFO [0;39m o.o.codegen.TemplateManager - writing file C:\Users\RJ\Downloads\Capstone Project System\Capstone_MateryalPH\packages\api-contract\generated\dart\lib\src\model\account_reauthentication.dart
[main] [34mINFO [0;39m o.o.codegen.TemplateManager - writing file C:\Users\RJ\Downloads\Capstone Project System\Capstone_MateryalPH\packages\api-contract\generated\dart\test\account_reauthentication_test.dart
[main] [34mINFO [0;39m o.o.codegen.TemplateManager - writing file C:\Users\RJ\Downloads\Capstone Project System\Capstone_MateryalPH\packages\api-contract\generated\dart\doc\AccountReauthentication.md
[main] [34mINFO [0;39m o.o.codegen.TemplateManager - writing file C:\Users\RJ\Downloads\Capstone Project System\Capstone_MateryalPH\packages\api-contract\generated\dart\lib\src\model\account_recovery_codes.dart
[main] [34mINFO [0;39m o.o.codegen.TemplateManager - writing file C:\Users\RJ\Downloads\Capstone Project System\Capstone_MateryalPH\packages\api-contract\generated\dart\test\account_recovery_codes_test.dart
[main] [34mINFO [0;39m o.o.codegen.TemplateManager - writing file C:\Users\RJ\Downloads\Capstone Project System\Capstone_MateryalPH\packages\api-contract\generated\dart\doc\AccountRecoveryCodes.md
[main] [34mINFO [0;39m o.o.codegen.TemplateManager - writing file C:\Users\RJ\Downloads\Capstone Project System\Capstone_MateryalPH\packages\api-contract\generated\dart\lib\src\model\account_recovery_codes_envelope.dart
[main] [34mINFO [0;39m o.o.codegen.TemplateManager - writing file C:\Users\RJ\Downloads\Capstone Project System\Capstone_MateryalPH\packages\api-contract\generated\dart\test\account_recovery_codes_envelope_test.dart
[main] [34mINFO [0;39m o.o.codegen.TemplateManager - writing file C:\Users\RJ\Downloads\Capstone Project System\Capstone_MateryalPH\packages\api-contract\generated\dart\doc\AccountRecoveryCodesEnvelope.md
[main] [34mINFO [0;39m o.o.codegen.TemplateManager - writing file C:\Users\RJ\Downloads\Capstone Project System\Capstone_MateryalPH\packages\api-contract\generated\dart\lib\src\model\account_role.dart
[main] [34mINFO [0;39m o.o.codegen.TemplateManager - writing file C:\Users\RJ\Downloads\Capstone Project System\Capstone_MateryalPH\packages\api-contract\generated\dart\test\account_role_test.dart
[main] [34mINFO [0;39m o.o.codegen.TemplateManager - writing file C:\Users\RJ\Downloads\Capstone Project System\Capstone_MateryalPH\packages\api-contract\generated\dart\doc\AccountRole.md
[main] [34mINFO [0;39m o.o.codegen.TemplateManager - writing file C:\Users\RJ\Downloads\Capstone Project System\Capstone_MateryalPH\packages\api-contract\generated\dart\lib\src\model\account_role_list_envelope.dart
[main] [34mINFO [0;39m o.o.codegen.TemplateManager - writing file C:\Users\RJ\Downloads\Capstone Project System\Capstone_MateryalPH\packages\api-contract\generated\dart\test\account_role_list_envelope_test.dart
[main] [34mINFO [0;39m o.o.codegen.TemplateManager - writing file C:\Users\RJ\Downloads\Capstone Project System\Capstone_MateryalPH\packages\api-contract\generated\dart\doc\AccountRoleListEnvelope.md
[main] [34mINFO [0;39m o.o.codegen.TemplateManager - writing file C:\Users\RJ\Downloads\Capstone Project System\Capstone_MateryalPH\packages\api-contract\generated\dart\lib\src\model\account_security.dart
[main] [34mINFO [0;39m o.o.codegen.TemplateManager - writing file C:\Users\RJ\Downloads\Capstone Project System\Capstone_MateryalPH\packages\api-contract\generated\dart\test\account_security_test.dart
[main] [34mINFO [0;39m o.o.codegen.TemplateManager - writing file C:\Users\RJ\Downloads\Capstone Project System\Capstone_MateryalPH\packages\api-contract\generated\dart\doc\AccountSecurity.md
[main] [34mINFO [0;39m o.o.codegen.TemplateManager - writing file C:\Users\RJ\Downloads\Capstone Project System\Capstone_MateryalPH\packages\api-contract\generated\dart\lib\src\model\account_security_envelope.dart
[main] [34mINFO [0;39m o.o.codegen.TemplateManager - writing file C:\Users\RJ\Downloads\Capstone Project System\Capstone_MateryalPH\packages\api-contract\generated\dart\test\account_security_envelope_test.dart
[main] [34mINFO [0;39m o.o.codegen.TemplateManager - writing file C:\Users\RJ\Downloads\Capstone Project System\Capstone_MateryalPH\packages\api-contract\generated\dart\doc\AccountSecurityEnvelope.md
[main] [34mINFO [0;39m o.o.codegen.TemplateManager - writing file C:\Users\RJ\Downloads\Capstone Project System\Capstone_MateryalPH\packages\api-contract\generated\dart\lib\src\model\account_session.dart
[main] [34mINFO [0;39m o.o.codegen.TemplateManager - writing file C:\Users\RJ\Downloads\Capstone Project System\Capstone_MateryalPH\packages\api-contract\generated\dart\test\account_session_test.dart
[main] [34mINFO [0;39m o.o.codegen.TemplateManager - writing file C:\Users\RJ\Downloads\Capstone Project System\Capstone_MateryalPH\packages\api-contract\generated\dart\doc\AccountSession.md
[main] [34mINFO [0;39m o.o.codegen.TemplateManager - writing file C:\Users\RJ\Downloads\Capstone Project System\Capstone_MateryalPH\packages\api-contract\generated\dart\lib\src\model\account_session_list_envelope.dart
[main] [34mINFO [0;39m o.o.codegen.TemplateManager - writing file C:\Users\RJ\Downloads\Capstone Project System\Capstone_MateryalPH\packages\api-contract\generated\dart\test\account_session_list_envelope_test.dart
[main] [34mINFO [0;39m o.o.codegen.TemplateManager - writing file C:\Users\RJ\Downloads\Capstone Project System\Capstone_MateryalPH\packages\api-contract\generated\dart\doc\AccountSessionListEnvelope.md
[main] [34mINFO [0;39m o.o.codegen.TemplateManager - writing file C:\Users\RJ\Downloads\Capstone Project System\Capstone_MateryalPH\packages\api-contract\generated\dart\lib\src\model\account_session_revocation.dart
[main] [34mINFO [0;39m o.o.codegen.TemplateManager - writing file C:\Users\RJ\Downloads\Capstone Project System\Capstone_MateryalPH\packages\api-contract\generated\dart\test\account_session_revocation_test.dart
[main] [34mINFO [0;39m o.o.codegen.TemplateManager - writing file C:\Users\RJ\Downloads\Capstone Project System\Capstone_MateryalPH\packages\api-contract\generated\dart\doc\AccountSessionRevocation.md
[main] [34mINFO [0;39m o.o.codegen.TemplateManager - writing file C:\Users\RJ\Downloads\Capstone Project System\Capstone_MateryalPH\packages\api-contract\generated\dart\lib\src\model\account_type.dart
[main] [34mINFO [0;39m o.o.codegen.TemplateManager - writing file C:\Users\RJ\Downloads\Capstone Project System\Capstone_MateryalPH\packages\api-contract\generated\dart\test\account_type_test.dart
[main] [34mINFO [0;39m o.o.codegen.TemplateManager - writing file C:\Users\RJ\Downloads\Capstone Project System\Capstone_MateryalPH\packages\api-contract\generated\dart\doc\AccountType.md
[main] [34mINFO [0;39m o.o.codegen.TemplateManager - writing file C:\Users\RJ\Downloads\Capstone Project System\Capstone_MateryalPH\packages\api-contract\generated\dart\lib\src\model\admin_dashboard_audit_envelope.dart
[main] [34mINFO [0;39m o.o.codegen.TemplateManager - writing file C:\Users\RJ\Downloads\Capstone Project System\Capstone_MateryalPH\packages\api-contract\generated\dart\test\admin_dashboard_audit_envelope_test.dart
[main] [34mINFO [0;39m o.o.codegen.TemplateManager - writing file C:\Users\RJ\Downloads\Capstone Project System\Capstone_MateryalPH\packages\api-contract\generated\dart\doc\AdminDashboardAuditEnvelope.md
[main] [34mINFO [0;39m o.o.codegen.TemplateManager - writing file C:\Users\RJ\Downloads\Capstone Project System\Capstone_MateryalPH\packages\api-contract\generated\dart\lib\src\model\admin_dashboard_envelope.dart
[main] [34mINFO [0;39m o.o.codegen.TemplateManager - writing file C:\Users\RJ\Downloads\Capstone Project System\Capstone_MateryalPH\packages\api-contract\generated\dart\test\admin_dashboard_envelope_test.dart
[main] [34mINFO [0;39m o.o.codegen.TemplateManager - writing file C:\Users\RJ\Downloads\Capstone Project System\Capstone_MateryalPH\packages\api-contract\generated\dart\doc\AdminDashboardEnvelope.md
[main] [34mINFO [0;39m o.o.codegen.TemplateManager - writing file C:\Users\RJ\Downloads\Capstone Project System\Capstone_MateryalPH\packages\api-contract\generated\dart\lib\src\model\admin_dashboard_summary.dart
[main] [34mINFO [0;39m o.o.codegen.TemplateManager - writing file C:\Users\RJ\Downloads\Capstone Project System\Capstone_MateryalPH\packages\api-contract\generated\dart\test\admin_dashboard_summary_test.dart
[main] [34mINFO [0;39m o.o.codegen.TemplateManager - writing file C:\Users\RJ\Downloads\Capstone Project System\Capstone_MateryalPH\packages\api-contract\generated\dart\doc\AdminDashboardSummary.md
[main] [34mINFO [0;39m o.o.codegen.TemplateManager - writing file C:\Users\RJ\Downloads\Capstone Project System\Capstone_MateryalPH\packages\api-contract\generated\dart\lib\src\model\admin_invitation_request.dart
[main] [34mINFO [0;39m o.o.codegen.TemplateManager - writing file C:\Users\RJ\Downloads\Capstone Project System\Capstone_MateryalPH\packages\api-contract\generated\dart\test\admin_invitation_request_test.dart
[main] [34mINFO [0;39m o.o.codegen.TemplateManager - writing file C:\Users\RJ\Downloads\Capstone Project System\Capstone_MateryalPH\packages\api-contract\generated\dart\doc\AdminInvitationRequest.md
[main] [34mINFO [0;39m o.o.codegen.TemplateManager - writing file C:\Users\RJ\Downloads\Capstone Project System\Capstone_MateryalPH\packages\api-contract\generated\dart\lib\src\model\admin_vendor_verification_decision.dart
[main] [34mINFO [0;39m o.o.codegen.TemplateManager - writing file C:\Users\RJ\Downloads\Capstone Project System\Capstone_MateryalPH\packages\api-contract\generated\dart\test\admin_vendor_verification_decision_test.dart
[main] [34mINFO [0;39m o.o.codegen.TemplateManager - writing file C:\Users\RJ\Downloads\Capstone Project System\Capstone_MateryalPH\packages\api-contract\generated\dart\doc\AdminVendorVerificationDecision.md
[main] [34mINFO [0;39m o.o.codegen.TemplateManager - writing file C:\Users\RJ\Downloads\Capstone Project System\Capstone_MateryalPH\packages\api-contract\generated\dart\lib\src\model\admin_vendor_verification_detail_envelope.dart
[main] [34mINFO [0;39m o.o.codegen.TemplateManager - writing file C:\Users\RJ\Downloads\Capstone Project System\Capstone_MateryalPH\packages\api-contract\generated\dart\test\admin_vendor_verification_detail_envelope_test.dart
[main] [34mINFO [0;39m o.o.codegen.TemplateManager - writing file C:\Users\RJ\Downloads\Capstone Project System\Capstone_MateryalPH\packages\api-contract\generated\dart\doc\AdminVendorVerificationDetailEnvelope.md
[main] [34mINFO [0;39m o.o.codegen.TemplateManager - writing file C:\Users\RJ\Downloads\Capstone Project System\Capstone_MateryalPH\packages\api-contract\generated\dart\lib\src\model\admin_vendor_verification_queue_envelope.dart
[main] [34mINFO [0;39m o.o.codegen.TemplateManager - writing file C:\Users\RJ\Downloads\Capstone Project System\Capstone_MateryalPH\packages\api-contract\generated\dart\test\admin_vendor_verification_queue_envelope_test.dart
[main] [34mINFO [0;39m o.o.codegen.TemplateManager - writing file C:\Users\RJ\Downloads\Capstone Project System\Capstone_MateryalPH\packages\api-contract\generated\dart\doc\AdminVendorVerificationQueueEnvelope.md
[main] [34mINFO [0;39m o.o.codegen.TemplateManager - writing file C:\Users\RJ\Downloads\Capstone Project System\Capstone_MateryalPH\packages\api-contract\generated\dart\lib\src\model\admin_vendor_verification_queue_item.dart
[main] [34mINFO [0;39m o.o.codegen.TemplateManager - writing file C:\Users\RJ\Downloads\Capstone Project System\Capstone_MateryalPH\packages\api-contract\generated\dart\test\admin_vendor_verification_queue_item_test.dart
[main] [34mINFO [0;39m o.o.codegen.TemplateManager - writing file C:\Users\RJ\Downloads\Capstone Project System\Capstone_MateryalPH\packages\api-contract\generated\dart\doc\AdminVendorVerificationQueueItem.md
[main] [34mINFO [0;39m o.o.codegen.TemplateManager - writing file C:\Users\RJ\Downloads\Capstone Project System\Capstone_MateryalPH\packages\api-contract\generated\dart\lib\src\model\agreement.dart
[main] [34mINFO [0;39m o.o.codegen.TemplateManager - writing file C:\Users\RJ\Downloads\Capstone Project System\Capstone_MateryalPH\packages\api-contract\generated\dart\test\agreement_test.dart
[main] [34mINFO [0;39m o.o.codegen.TemplateManager - writing file C:\Users\RJ\Downloads\Capstone Project System\Capstone_MateryalPH\packages\api-contract\generated\dart\doc\Agreement.md
[main] [34mINFO [0;39m o.o.codegen.TemplateManager - writing file C:\Users\RJ\Downloads\Capstone Project System\Capstone_MateryalPH\packages\api-contract\generated\dart\lib\src\model\agreement_list_envelope.dart
[main] [34mINFO [0;39m o.o.codegen.TemplateManager - writing file C:\Users\RJ\Downloads\Capstone Project System\Capstone_MateryalPH\packages\api-contract\generated\dart\test\agreement_list_envelope_test.dart
[main] [34mINFO [0;39m o.o.codegen.TemplateManager - writing file C:\Users\RJ\Downloads\Capstone Project System\Capstone_MateryalPH\packages\api-contract\generated\dart\doc\AgreementListEnvelope.md
[main] [34mINFO [0;39m o.o.codegen.TemplateManager - writing file C:\Users\RJ\Downloads\Capstone Project System\Capstone_MateryalPH\packages\api-contract\generated\dart\lib\src\model\api_error.dart
[main] [34mINFO [0;39m o.o.codegen.TemplateManager - writing file C:\Users\RJ\Downloads\Capstone Project System\Capstone_MateryalPH\packages\api-contract\generated\dart\test\api_error_test.dart
[main] [34mINFO [0;39m o.o.codegen.TemplateManager - writing file C:\Users\RJ\Downloads\Capstone Project System\Capstone_MateryalPH\packages\api-contract\generated\dart\doc\ApiError.md
[main] [34mINFO [0;39m o.o.codegen.TemplateManager - writing file C:\Users\RJ\Downloads\Capstone Project System\Capstone_MateryalPH\packages\api-contract\generated\dart\lib\src\model\auth_envelope.dart
[main] [34mINFO [0;39m o.o.codegen.TemplateManager - writing file C:\Users\RJ\Downloads\Capstone Project System\Capstone_MateryalPH\packages\api-contract\generated\dart\test\auth_envelope_test.dart
[main] [34mINFO [0;39m o.o.codegen.TemplateManager - writing file C:\Users\RJ\Downloads\Capstone Project System\Capstone_MateryalPH\packages\api-contract\generated\dart\doc\AuthEnvelope.md
[main] [34mINFO [0;39m o.o.codegen.TemplateManager - writing file C:\Users\RJ\Downloads\Capstone Project System\Capstone_MateryalPH\packages\api-contract\generated\dart\lib\src\model\auth_envelope_all_of_data.dart
[main] [34mINFO [0;39m o.o.codegen.TemplateManager - writing file C:\Users\RJ\Downloads\Capstone Project System\Capstone_MateryalPH\packages\api-contract\generated\dart\test\auth_envelope_all_of_data_test.dart
[main] [34mINFO [0;39m o.o.codegen.TemplateManager - writing file C:\Users\RJ\Downloads\Capstone Project System\Capstone_MateryalPH\packages\api-contract\generated\dart\doc\AuthEnvelopeAllOfData.md
[main] [34mINFO [0;39m o.o.codegen.TemplateManager - writing file C:\Users\RJ\Downloads\Capstone Project System\Capstone_MateryalPH\packages\api-contract\generated\dart\lib\src\model\bot_proof_envelope.dart
[main] [34mINFO [0;39m o.o.codegen.TemplateManager - writing file C:\Users\RJ\Downloads\Capstone Project System\Capstone_MateryalPH\packages\api-contract\generated\dart\test\bot_proof_envelope_test.dart
[main] [34mINFO [0;39m o.o.codegen.TemplateManager - writing file C:\Users\RJ\Downloads\Capstone Project System\Capstone_MateryalPH\packages\api-contract\generated\dart\doc\BotProofEnvelope.md
[main] [34mINFO [0;39m o.o.codegen.TemplateManager - writing file C:\Users\RJ\Downloads\Capstone Project System\Capstone_MateryalPH\packages\api-contract\generated\dart\lib\src\model\bot_proof_envelope_all_of_data.dart
[main] [34mINFO [0;39m o.o.codegen.TemplateManager - writing file C:\Users\RJ\Downloads\Capstone Project System\Capstone_MateryalPH\packages\api-contract\generated\dart\test\bot_proof_envelope_all_of_data_test.dart
[main] [34mINFO [0;39m o.o.codegen.TemplateManager - writing file C:\Users\RJ\Downloads\Capstone Project System\Capstone_MateryalPH\packages\api-contract\generated\dart\doc\BotProofEnvelopeAllOfData.md
[main] [34mINFO [0;39m o.o.codegen.TemplateManager - writing file C:\Users\RJ\Downloads\Capstone Project System\Capstone_MateryalPH\packages\api-contract\generated\dart\lib\src\model\bot_step_up_error_envelope.dart
[main] [34mINFO [0;39m o.o.codegen.TemplateManager - writing file C:\Users\RJ\Downloads\Capstone Project System\Capstone_MateryalPH\packages\api-contract\generated\dart\test\bot_step_up_error_envelope_test.dart
[main] [34mINFO [0;39m o.o.codegen.TemplateManager - writing file C:\Users\RJ\Downloads\Capstone Project System\Capstone_MateryalPH\packages\api-contract\generated\dart\doc\BotStepUpErrorEnvelope.md
[main] [34mINFO [0;39m o.o.codegen.TemplateManager - writing file C:\Users\RJ\Downloads\Capstone Project System\Capstone_MateryalPH\packages\api-contract\generated\dart\lib\src\model\bot_step_up_error_envelope_all_of_errors.dart
[main] [34mINFO [0;39m o.o.codegen.TemplateManager - writing file C:\Users\RJ\Downloads\Capstone Project System\Capstone_MateryalPH\packages\api-contract\generated\dart\test\bot_step_up_error_envelope_all_of_errors_test.dart
[main] [34mINFO [0;39m o.o.codegen.TemplateManager - writing file C:\Users\RJ\Downloads\Capstone Project System\Capstone_MateryalPH\packages\api-contract\generated\dart\doc\BotStepUpErrorEnvelopeAllOfErrors.md
[main] [34mINFO [0;39m o.o.codegen.TemplateManager - writing file C:\Users\RJ\Downloads\Capstone Project System\Capstone_MateryalPH\packages\api-contract\generated\dart\lib\src\model\bot_step_up_error_envelope_all_of_errors_all_of_details.dart
[main] [34mINFO [0;39m o.o.codegen.TemplateManager - writing file C:\Users\RJ\Downloads\Capstone Project System\Capstone_MateryalPH\packages\api-contract\generated\dart\test\bot_step_up_error_envelope_all_of_errors_all_of_details_test.dart
[main] [34mINFO [0;39m o.o.codegen.TemplateManager - writing file C:\Users\RJ\Downloads\Capstone Project System\Capstone_MateryalPH\packages\api-contract\generated\dart\doc\BotStepUpErrorEnvelopeAllOfErrorsAllOfDetails.md
[main] [34mINFO [0;39m o.o.codegen.TemplateManager - writing file C:\Users\RJ\Downloads\Capstone Project System\Capstone_MateryalPH\packages\api-contract\generated\dart\lib\src\model\buyer_mobile_google_oidc_start_request.dart
[main] [34mINFO [0;39m o.o.codegen.TemplateManager - writing file C:\Users\RJ\Downloads\Capstone Project System\Capstone_MateryalPH\packages\api-contract\generated\dart\test\buyer_mobile_google_oidc_start_request_test.dart
[main] [34mINFO [0;39m o.o.codegen.TemplateManager - writing file C:\Users\RJ\Downloads\Capstone Project System\Capstone_MateryalPH\packages\api-contract\generated\dart\doc\BuyerMobileGoogleOidcStartRequest.md
[main] [34mINFO [0;39m o.o.codegen.TemplateManager - writing file C:\Users\RJ\Downloads\Capstone Project System\Capstone_MateryalPH\packages\api-contract\generated\dart\lib\src\model\buyer_mobile_login_request.dart
[main] [34mINFO [0;39m o.o.codegen.TemplateManager - writing file C:\Users\RJ\Downloads\Capstone Project System\Capstone_MateryalPH\packages\api-contract\generated\dart\test\buyer_mobile_login_request_test.dart
[main] [34mINFO [0;39m o.o.codegen.TemplateManager - writing file C:\Users\RJ\Downloads\Capstone Project System\Capstone_MateryalPH\packages\api-contract\generated\dart\doc\BuyerMobileLoginRequest.md
[main] [34mINFO [0;39m o.o.codegen.TemplateManager - writing file C:\Users\RJ\Downloads\Capstone Project System\Capstone_MateryalPH\packages\api-contract\generated\dart\lib\src\model\buyer_mobile_password_recovery_request.dart
[main] [34mINFO [0;39m o.o.codegen.TemplateManager - writing file C:\Users\RJ\Downloads\Capstone Project System\Capstone_MateryalPH\packages\api-contract\generated\dart\test\buyer_mobile_password_recovery_request_test.dart
[main] [34mINFO [0;39m o.o.codegen.TemplateManager - writing file C:\Users\RJ\Downloads\Capstone Project System\Capstone_MateryalPH\packages\api-contract\generated\dart\doc\BuyerMobilePasswordRecoveryRequest.md
[main] [34mINFO [0;39m o.o.codegen.TemplateManager - writing file C:\Users\RJ\Downloads\Capstone Project System\Capstone_MateryalPH\packages\api-contract\generated\dart\lib\src\model\buyer_mobile_refresh_request.dart
[main] [34mINFO [0;39m o.o.codegen.TemplateManager - writing file C:\Users\RJ\Downloads\Capstone Project System\Capstone_MateryalPH\packages\api-contract\generated\dart\test\buyer_mobile_refresh_request_test.dart
[main] [34mINFO [0;39m o.o.codegen.TemplateManager - writing file C:\Users\RJ\Downloads\Capstone Project System\Capstone_MateryalPH\packages\api-contract\generated\dart\doc\BuyerMobileRefreshRequest.md
[main] [34mINFO [0;39m o.o.codegen.TemplateManager - writing file C:\Users\RJ\Downloads\Capstone Project System\Capstone_MateryalPH\packages\api-contract\generated\dart\lib\src\model\buyer_mobile_register_request.dart
[main] [34mINFO [0;39m o.o.codegen.TemplateManager - writing file C:\Users\RJ\Downloads\Capstone Project System\Capstone_MateryalPH\packages\api-contract\generated\dart\test\buyer_mobile_register_request_test.dart
[main] [34mINFO [0;39m o.o.codegen.TemplateManager - writing file C:\Users\RJ\Downloads\Capstone Project System\Capstone_MateryalPH\packages\api-contract\generated\dart\doc\BuyerMobileRegisterRequest.md
[main] [34mINFO [0;39m o.o.codegen.TemplateManager - writing file C:\Users\RJ\Downloads\Capstone Project System\Capstone_MateryalPH\packages\api-contract\generated\dart\lib\src\model\csrf_envelope.dart
[main] [34mINFO [0;39m o.o.codegen.TemplateManager - writing file C:\Users\RJ\Downloads\Capstone Project System\Capstone_MateryalPH\packages\api-contract\generated\dart\test\csrf_envelope_test.dart
[main] [34mINFO [0;39m o.o.codegen.TemplateManager - writing file C:\Users\RJ\Downloads\Capstone Project System\Capstone_MateryalPH\packages\api-contract\generated\dart\doc\CsrfEnvelope.md
[main] [34mINFO [0;39m o.o.codegen.TemplateManager - writing file C:\Users\RJ\Downloads\Capstone Project System\Capstone_MateryalPH\packages\api-contract\generated\dart\lib\src\model\csrf_envelope_all_of_data.dart
[main] [34mINFO [0;39m o.o.codegen.TemplateManager - writing file C:\Users\RJ\Downloads\Capstone Project System\Capstone_MateryalPH\packages\api-contract\generated\dart\test\csrf_envelope_all_of_data_test.dart
[main] [34mINFO [0;39m o.o.codegen.TemplateManager - writing file C:\Users\RJ\Downloads\Capstone Project System\Capstone_MateryalPH\packages\api-contract\generated\dart\doc\CsrfEnvelopeAllOfData.md
[main] [34mINFO [0;39m o.o.codegen.TemplateManager - writing file C:\Users\RJ\Downloads\Capstone Project System\Capstone_MateryalPH\packages\api-contract\generated\dart\lib\src\model\email_request.dart
[main] [34mINFO [0;39m o.o.codegen.TemplateManager - writing file C:\Users\RJ\Downloads\Capstone Project System\Capstone_MateryalPH\packages\api-contract\generated\dart\test\email_request_test.dart
[main] [34mINFO [0;39m o.o.codegen.TemplateManager - writing file C:\Users\RJ\Downloads\Capstone Project System\Capstone_MateryalPH\packages\api-contract\generated\dart\doc\EmailRequest.md
[main] [34mINFO [0;39m o.o.codegen.TemplateManager - writing file C:\Users\RJ\Downloads\Capstone Project System\Capstone_MateryalPH\packages\api-contract\generated\dart\lib\src\model\error_envelope.dart
[main] [34mINFO [0;39m o.o.codegen.TemplateManager - writing file C:\Users\RJ\Downloads\Capstone Project System\Capstone_MateryalPH\packages\api-contract\generated\dart\test\error_envelope_test.dart
[main] [34mINFO [0;39m o.o.codegen.TemplateManager - writing file C:\Users\RJ\Downloads\Capstone Project System\Capstone_MateryalPH\packages\api-contract\generated\dart\doc\ErrorEnvelope.md
[main] [34mINFO [0;39m o.o.codegen.TemplateManager - writing file C:\Users\RJ\Downloads\Capstone Project System\Capstone_MateryalPH\packages\api-contract\generated\dart\lib\src\model\fee_assessment.dart
[main] [34mINFO [0;39m o.o.codegen.TemplateManager - writing file C:\Users\RJ\Downloads\Capstone Project System\Capstone_MateryalPH\packages\api-contract\generated\dart\test\fee_assessment_test.dart
[main] [34mINFO [0;39m o.o.codegen.TemplateManager - writing file C:\Users\RJ\Downloads\Capstone Project System\Capstone_MateryalPH\packages\api-contract\generated\dart\doc\FeeAssessment.md
[main] [34mINFO [0;39m o.o.codegen.TemplateManager - writing file C:\Users\RJ\Downloads\Capstone Project System\Capstone_MateryalPH\packages\api-contract\generated\dart\lib\src\model\financial_snapshot.dart
[main] [34mINFO [0;39m o.o.codegen.TemplateManager - writing file C:\Users\RJ\Downloads\Capstone Project System\Capstone_MateryalPH\packages\api-contract\generated\dart\test\financial_snapshot_test.dart
[main] [34mINFO [0;39m o.o.codegen.TemplateManager - writing file C:\Users\RJ\Downloads\Capstone Project System\Capstone_MateryalPH\packages\api-contract\generated\dart\doc\FinancialSnapshot.md
[main] [34mINFO [0;39m o.o.codegen.TemplateManager - writing file C:\Users\RJ\Downloads\Capstone Project System\Capstone_MateryalPH\packages\api-contract\generated\dart\lib\src\model\google_mobile_exchange_request.dart
[main] [34mINFO [0;39m o.o.codegen.TemplateManager - writing file C:\Users\RJ\Downloads\Capstone Project System\Capstone_MateryalPH\packages\api-contract\generated\dart\test\google_mobile_exchange_request_test.dart
[main] [34mINFO [0;39m o.o.codegen.TemplateManager - writing file C:\Users\RJ\Downloads\Capstone Project System\Capstone_MateryalPH\packages\api-contract\generated\dart\doc\GoogleMobileExchangeRequest.md
[main] [34mINFO [0;39m o.o.codegen.TemplateManager - writing file C:\Users\RJ\Downloads\Capstone Project System\Capstone_MateryalPH\packages\api-contract\generated\dart\lib\src\model\google_oidc_start_request.dart
[main] [34mINFO [0;39m o.o.codegen.TemplateManager - writing file C:\Users\RJ\Downloads\Capstone Project System\Capstone_MateryalPH\packages\api-contract\generated\dart\test\google_oidc_start_request_test.dart
[main] [34mINFO [0;39m o.o.codegen.TemplateManager - writing file C:\Users\RJ\Downloads\Capstone Project System\Capstone_MateryalPH\packages\api-contract\generated\dart\doc\GoogleOidcStartRequest.md
[main] [34mINFO [0;39m o.o.codegen.TemplateManager - writing file C:\Users\RJ\Downloads\Capstone Project System\Capstone_MateryalPH\packages\api-contract\generated\dart\lib\src\model\health_envelope.dart
[main] [34mINFO [0;39m o.o.codegen.TemplateManager - writing file C:\Users\RJ\Downloads\Capstone Project System\Capstone_MateryalPH\packages\api-contract\generated\dart\test\health_envelope_test.dart
[main] [34mINFO [0;39m o.o.codegen.TemplateManager - writing file C:\Users\RJ\Downloads\Capstone Project System\Capstone_MateryalPH\packages\api-contract\generated\dart\doc\HealthEnvelope.md
[main] [34mINFO [0;39m o.o.codegen.TemplateManager - writing file C:\Users\RJ\Downloads\Capstone Project System\Capstone_MateryalPH\packages\api-contract\generated\dart\lib\src\model\health_envelope_all_of_data.dart
[main] [34mINFO [0;39m o.o.codegen.TemplateManager - writing file C:\Users\RJ\Downloads\Capstone Project System\Capstone_MateryalPH\packages\api-contract\generated\dart\test\health_envelope_all_of_data_test.dart
[main] [34mINFO [0;39m o.o.codegen.TemplateManager - writing file C:\Users\RJ\Downloads\Capstone Project System\Capstone_MateryalPH\packages\api-contract\generated\dart\doc\HealthEnvelopeAllOfData.md
[main] [34mINFO [0;39m o.o.codegen.TemplateManager - writing file C:\Users\RJ\Downloads\Capstone Project System\Capstone_MateryalPH\packages\api-contract\generated\dart\lib\src\model\login_request.dart
[main] [34mINFO [0;39m o.o.codegen.TemplateManager - writing file C:\Users\RJ\Downloads\Capstone Project System\Capstone_MateryalPH\packages\api-contract\generated\dart\test\login_request_test.dart
[main] [34mINFO [0;39m o.o.codegen.TemplateManager - writing file C:\Users\RJ\Downloads\Capstone Project System\Capstone_MateryalPH\packages\api-contract\generated\dart\doc\LoginRequest.md
[main] [34mINFO [0;39m o.o.codegen.TemplateManager - writing file C:\Users\RJ\Downloads\Capstone Project System\Capstone_MateryalPH\packages\api-contract\generated\dart\lib\src\model\material_price_observation.dart
[main] [34mINFO [0;39m o.o.codegen.TemplateManager - writing file C:\Users\RJ\Downloads\Capstone Project System\Capstone_MateryalPH\packages\api-contract\generated\dart\test\material_price_observation_test.dart
[main] [34mINFO [0;39m o.o.codegen.TemplateManager - writing file C:\Users\RJ\Downloads\Capstone Project System\Capstone_MateryalPH\packages\api-contract\generated\dart\doc\MaterialPriceObservation.md
[main] [34mINFO [0;39m o.o.codegen.TemplateManager - writing file C:\Users\RJ\Downloads\Capstone Project System\Capstone_MateryalPH\packages\api-contract\generated\dart\lib\src\model\mfa_code_request.dart
[main] [34mINFO [0;39m o.o.codegen.TemplateManager - writing file C:\Users\RJ\Downloads\Capstone Project System\Capstone_MateryalPH\packages\api-contract\generated\dart\test\mfa_code_request_test.dart
[main] [34mINFO [0;39m o.o.codegen.TemplateManager - writing file C:\Users\RJ\Downloads\Capstone Project System\Capstone_MateryalPH\packages\api-contract\generated\dart\doc\MfaCodeRequest.md
[main] [34mINFO [0;39m o.o.codegen.TemplateManager - writing file C:\Users\RJ\Downloads\Capstone Project System\Capstone_MateryalPH\packages\api-contract\generated\dart\lib\src\model\mfa_enrollment_envelope.dart
[main] [34mINFO [0;39m o.o.codegen.TemplateManager - writing file C:\Users\RJ\Downloads\Capstone Project System\Capstone_MateryalPH\packages\api-contract\generated\dart\test\mfa_enrollment_envelope_test.dart
[main] [34mINFO [0;39m o.o.codegen.TemplateManager - writing file C:\Users\RJ\Downloads\Capstone Project System\Capstone_MateryalPH\packages\api-contract\generated\dart\doc\MfaEnrollmentEnvelope.md
[main] [34mINFO [0;39m o.o.codegen.TemplateManager - writing file C:\Users\RJ\Downloads\Capstone Project System\Capstone_MateryalPH\packages\api-contract\generated\dart\lib\src\model\mfa_enrollment_envelope_all_of_data.dart
[main] [34mINFO [0;39m o.o.codegen.TemplateManager - writing file C:\Users\RJ\Downloads\Capstone Project System\Capstone_MateryalPH\packages\api-contract\generated\dart\test\mfa_enrollment_envelope_all_of_data_test.dart
[main] [34mINFO [0;39m o.o.codegen.TemplateManager - writing file C:\Users\RJ\Downloads\Capstone Project System\Capstone_MateryalPH\packages\api-contract\generated\dart\doc\MfaEnrollmentEnvelopeAllOfData.md
[main] [34mINFO [0;39m o.o.codegen.TemplateManager - writing file C:\Users\RJ\Downloads\Capstone Project System\Capstone_MateryalPH\packages\api-contract\generated\dart\lib\src\model\mfa_recovery_request.dart
[main] [34mINFO [0;39m o.o.codegen.TemplateManager - writing file C:\Users\RJ\Downloads\Capstone Project System\Capstone_MateryalPH\packages\api-contract\generated\dart\test\mfa_recovery_request_test.dart
[main] [34mINFO [0;39m o.o.codegen.TemplateManager - writing file C:\Users\RJ\Downloads\Capstone Project System\Capstone_MateryalPH\packages\api-contract\generated\dart\doc\MfaRecoveryRequest.md
[main] [34mINFO [0;39m o.o.codegen.TemplateManager - writing file C:\Users\RJ\Downloads\Capstone Project System\Capstone_MateryalPH\packages\api-contract\generated\dart\lib\src\model\mfa_status_envelope.dart
[main] [34mINFO [0;39m o.o.codegen.TemplateManager - writing file C:\Users\RJ\Downloads\Capstone Project System\Capstone_MateryalPH\packages\api-contract\generated\dart\test\mfa_status_envelope_test.dart
[main] [34mINFO [0;39m o.o.codegen.TemplateManager - writing file C:\Users\RJ\Downloads\Capstone Project System\Capstone_MateryalPH\packages\api-contract\generated\dart\doc\MfaStatusEnvelope.md
[main] [34mINFO [0;39m o.o.codegen.TemplateManager - writing file C:\Users\RJ\Downloads\Capstone Project System\Capstone_MateryalPH\packages\api-contract\generated\dart\lib\src\model\mfa_status_envelope_all_of_data.dart
[main] [34mINFO [0;39m o.o.codegen.TemplateManager - writing file C:\Users\RJ\Downloads\Capstone Project System\Capstone_MateryalPH\packages\api-contract\generated\dart\test\mfa_status_envelope_all_of_data_test.dart
[main] [34mINFO [0;39m o.o.codegen.TemplateManager - writing file C:\Users\RJ\Downloads\Capstone Project System\Capstone_MateryalPH\packages\api-contract\generated\dart\doc\MfaStatusEnvelopeAllOfData.md
[main] [34mINFO [0;39m o.o.codegen.TemplateManager - writing file C:\Users\RJ\Downloads\Capstone Project System\Capstone_MateryalPH\packages\api-contract\generated\dart\lib\src\model\password_recovery_request.dart
[main] [34mINFO [0;39m o.o.codegen.TemplateManager - writing file C:\Users\RJ\Downloads\Capstone Project System\Capstone_MateryalPH\packages\api-contract\generated\dart\test\password_recovery_request_test.dart
[main] [34mINFO [0;39m o.o.codegen.TemplateManager - writing file C:\Users\RJ\Downloads\Capstone Project System\Capstone_MateryalPH\packages\api-contract\generated\dart\doc\PasswordRecoveryRequest.md
[main] [34mINFO [0;39m o.o.codegen.TemplateManager - writing file C:\Users\RJ\Downloads\Capstone Project System\Capstone_MateryalPH\packages\api-contract\generated\dart\lib\src\model\password_reset_request.dart
[main] [34mINFO [0;39m o.o.codegen.TemplateManager - writing file C:\Users\RJ\Downloads\Capstone Project System\Capstone_MateryalPH\packages\api-contract\generated\dart\test\password_reset_request_test.dart
[main] [34mINFO [0;39m o.o.codegen.TemplateManager - writing file C:\Users\RJ\Downloads\Capstone Project System\Capstone_MateryalPH\packages\api-contract\generated\dart\doc\PasswordResetRequest.md
[main] [34mINFO [0;39m o.o.codegen.TemplateManager - writing file C:\Users\RJ\Downloads\Capstone Project System\Capstone_MateryalPH\packages\api-contract\generated\dart\lib\src\model\register_request.dart
[main] [34mINFO [0;39m o.o.codegen.TemplateManager - writing file C:\Users\RJ\Downloads\Capstone Project System\Capstone_MateryalPH\packages\api-contract\generated\dart\test\register_request_test.dart
[main] [34mINFO [0;39m o.o.codegen.TemplateManager - writing file C:\Users\RJ\Downloads\Capstone Project System\Capstone_MateryalPH\packages\api-contract\generated\dart\doc\RegisterRequest.md
[main] [34mINFO [0;39m o.o.codegen.TemplateManager - writing file C:\Users\RJ\Downloads\Capstone Project System\Capstone_MateryalPH\packages\api-contract\generated\dart\lib\src\model\registration_envelope.dart
[main] [34mINFO [0;39m o.o.codegen.TemplateManager - writing file C:\Users\RJ\Downloads\Capstone Project System\Capstone_MateryalPH\packages\api-contract\generated\dart\test\registration_envelope_test.dart
[main] [34mINFO [0;39m o.o.codegen.TemplateManager - writing file C:\Users\RJ\Downloads\Capstone Project System\Capstone_MateryalPH\packages\api-contract\generated\dart\doc\RegistrationEnvelope.md
[main] [34mINFO [0;39m o.o.codegen.TemplateManager - writing file C:\Users\RJ\Downloads\Capstone Project System\Capstone_MateryalPH\packages\api-contract\generated\dart\lib\src\model\registration_envelope_all_of_data.dart
[main] [34mINFO [0;39m o.o.codegen.TemplateManager - writing file C:\Users\RJ\Downloads\Capstone Project System\Capstone_MateryalPH\packages\api-contract\generated\dart\test\registration_envelope_all_of_data_test.dart
[main] [34mINFO [0;39m o.o.codegen.TemplateManager - writing file C:\Users\RJ\Downloads\Capstone Project System\Capstone_MateryalPH\packages\api-contract\generated\dart\doc\RegistrationEnvelopeAllOfData.md
[main] [34mINFO [0;39m o.o.codegen.TemplateManager - writing file C:\Users\RJ\Downloads\Capstone Project System\Capstone_MateryalPH\packages\api-contract\generated\dart\lib\src\model\resend_bot_challenge_request.dart
[main] [34mINFO [0;39m o.o.codegen.TemplateManager - writing file C:\Users\RJ\Downloads\Capstone Project System\Capstone_MateryalPH\packages\api-contract\generated\dart\test\resend_bot_challenge_request_test.dart
[main] [34mINFO [0;39m o.o.codegen.TemplateManager - writing file C:\Users\RJ\Downloads\Capstone Project System\Capstone_MateryalPH\packages\api-contract\generated\dart\doc\ResendBotChallengeRequest.md
[main] [34mINFO [0;39m o.o.codegen.TemplateManager - writing file C:\Users\RJ\Downloads\Capstone Project System\Capstone_MateryalPH\packages\api-contract\generated\dart\lib\src\model\success_envelope.dart
[main] [34mINFO [0;39m o.o.codegen.TemplateManager - writing file C:\Users\RJ\Downloads\Capstone Project System\Capstone_MateryalPH\packages\api-contract\generated\dart\test\success_envelope_test.dart
[main] [34mINFO [0;39m o.o.codegen.TemplateManager - writing file C:\Users\RJ\Downloads\Capstone Project System\Capstone_MateryalPH\packages\api-contract\generated\dart\doc\SuccessEnvelope.md
[main] [34mINFO [0;39m o.o.codegen.TemplateManager - writing file C:\Users\RJ\Downloads\Capstone Project System\Capstone_MateryalPH\packages\api-contract\generated\dart\lib\src\model\user_identity.dart
[main] [34mINFO [0;39m o.o.codegen.TemplateManager - writing file C:\Users\RJ\Downloads\Capstone Project System\Capstone_MateryalPH\packages\api-contract\generated\dart\test\user_identity_test.dart
[main] [34mINFO [0;39m o.o.codegen.TemplateManager - writing file C:\Users\RJ\Downloads\Capstone Project System\Capstone_MateryalPH\packages\api-contract\generated\dart\doc\UserIdentity.md
[main] [34mINFO [0;39m o.o.codegen.TemplateManager - writing file C:\Users\RJ\Downloads\Capstone Project System\Capstone_MateryalPH\packages\api-contract\generated\dart\lib\src\model\vendor_address_geocode.dart
[main] [34mINFO [0;39m o.o.codegen.TemplateManager - writing file C:\Users\RJ\Downloads\Capstone Project System\Capstone_MateryalPH\packages\api-contract\generated\dart\test\vendor_address_geocode_test.dart
[main] [34mINFO [0;39m o.o.codegen.TemplateManager - writing file C:\Users\RJ\Downloads\Capstone Project System\Capstone_MateryalPH\packages\api-contract\generated\dart\doc\VendorAddressGeocode.md
[main] [34mINFO [0;39m o.o.codegen.TemplateManager - writing file C:\Users\RJ\Downloads\Capstone Project System\Capstone_MateryalPH\packages\api-contract\generated\dart\lib\src\model\vendor_address_geocode_envelope.dart
[main] [34mINFO [0;39m o.o.codegen.TemplateManager - writing file C:\Users\RJ\Downloads\Capstone Project System\Capstone_MateryalPH\packages\api-contract\generated\dart\test\vendor_address_geocode_envelope_test.dart
[main] [34mINFO [0;39m o.o.codegen.TemplateManager - writing file C:\Users\RJ\Downloads\Capstone Project System\Capstone_MateryalPH\packages\api-contract\generated\dart\doc\VendorAddressGeocodeEnvelope.md
[main] [34mINFO [0;39m o.o.codegen.TemplateManager - writing file C:\Users\RJ\Downloads\Capstone Project System\Capstone_MateryalPH\packages\api-contract\generated\dart\lib\src\model\vendor_bot_protection_evidence.dart
[main] [34mINFO [0;39m o.o.codegen.TemplateManager - writing file C:\Users\RJ\Downloads\Capstone Project System\Capstone_MateryalPH\packages\api-contract\generated\dart\test\vendor_bot_protection_evidence_test.dart
[main] [34mINFO [0;39m o.o.codegen.TemplateManager - writing file C:\Users\RJ\Downloads\Capstone Project System\Capstone_MateryalPH\packages\api-contract\generated\dart\doc\VendorBotProtectionEvidence.md
[main] [34mINFO [0;39m o.o.codegen.TemplateManager - writing file C:\Users\RJ\Downloads\Capstone Project System\Capstone_MateryalPH\packages\api-contract\generated\dart\lib\src\model\vendor_document.dart
[main] [34mINFO [0;39m o.o.codegen.TemplateManager - writing file C:\Users\RJ\Downloads\Capstone Project System\Capstone_MateryalPH\packages\api-contract\generated\dart\test\vendor_document_test.dart
[main] [34mINFO [0;39m o.o.codegen.TemplateManager - writing file C:\Users\RJ\Downloads\Capstone Project System\Capstone_MateryalPH\packages\api-contract\generated\dart\doc\VendorDocument.md
[main] [34mINFO [0;39m o.o.codegen.TemplateManager - writing file C:\Users\RJ\Downloads\Capstone Project System\Capstone_MateryalPH\packages\api-contract\generated\dart\lib\src\model\vendor_document_envelope.dart
[main] [34mINFO [0;39m o.o.codegen.TemplateManager - writing file C:\Users\RJ\Downloads\Capstone Project System\Capstone_MateryalPH\packages\api-contract\generated\dart\test\vendor_document_envelope_test.dart
[main] [34mINFO [0;39m o.o.codegen.TemplateManager - writing file C:\Users\RJ\Downloads\Capstone Project System\Capstone_MateryalPH\packages\api-contract\generated\dart\doc\VendorDocumentEnvelope.md
[main] [34mINFO [0;39m o.o.codegen.TemplateManager - writing file C:\Users\RJ\Downloads\Capstone Project System\Capstone_MateryalPH\packages\api-contract\generated\dart\lib\src\model\vendor_file.dart
[main] [34mINFO [0;39m o.o.codegen.TemplateManager - writing file C:\Users\RJ\Downloads\Capstone Project System\Capstone_MateryalPH\packages\api-contract\generated\dart\test\vendor_file_test.dart
[main] [34mINFO [0;39m o.o.codegen.TemplateManager - writing file C:\Users\RJ\Downloads\Capstone Project System\Capstone_MateryalPH\packages\api-contract\generated\dart\doc\VendorFile.md
[main] [34mINFO [0;39m o.o.codegen.TemplateManager - writing file C:\Users\RJ\Downloads\Capstone Project System\Capstone_MateryalPH\packages\api-contract\generated\dart\lib\src\model\vendor_file_envelope.dart
[main] [34mINFO [0;39m o.o.codegen.TemplateManager - writing file C:\Users\RJ\Downloads\Capstone Project System\Capstone_MateryalPH\packages\api-contract\generated\dart\test\vendor_file_envelope_test.dart
[main] [34mINFO [0;39m o.o.codegen.TemplateManager - writing file C:\Users\RJ\Downloads\Capstone Project System\Capstone_MateryalPH\packages\api-contract\generated\dart\doc\VendorFileEnvelope.md
[main] [34mINFO [0;39m o.o.codegen.TemplateManager - writing file C:\Users\RJ\Downloads\Capstone Project System\Capstone_MateryalPH\packages\api-contract\generated\dart\lib\src\model\vendor_invitation.dart
[main] [34mINFO [0;39m o.o.codegen.TemplateManager - writing file C:\Users\RJ\Downloads\Capstone Project System\Capstone_MateryalPH\packages\api-contract\generated\dart\test\vendor_invitation_test.dart
[main] [34mINFO [0;39m o.o.codegen.TemplateManager - writing file C:\Users\RJ\Downloads\Capstone Project System\Capstone_MateryalPH\packages\api-contract\generated\dart\doc\VendorInvitation.md
[main] [34mINFO [0;39m o.o.codegen.TemplateManager - writing file C:\Users\RJ\Downloads\Capstone Project System\Capstone_MateryalPH\packages\api-contract\generated\dart\lib\src\model\vendor_invitation_acceptance.dart
[main] [34mINFO [0;39m o.o.codegen.TemplateManager - writing file C:\Users\RJ\Downloads\Capstone Project System\Capstone_MateryalPH\packages\api-contract\generated\dart\test\vendor_invitation_acceptance_test.dart
[main] [34mINFO [0;39m o.o.codegen.TemplateManager - writing file C:\Users\RJ\Downloads\Capstone Project System\Capstone_MateryalPH\packages\api-contract\generated\dart\doc\VendorInvitationAcceptance.md
[main] [34mINFO [0;39m o.o.codegen.TemplateManager - writing file C:\Users\RJ\Downloads\Capstone Project System\Capstone_MateryalPH\packages\api-contract\generated\dart\lib\src\model\vendor_invitation_envelope.dart
[main] [34mINFO [0;39m o.o.codegen.TemplateManager - writing file C:\Users\RJ\Downloads\Capstone Project System\Capstone_MateryalPH\packages\api-contract\generated\dart\test\vendor_invitation_envelope_test.dart
[main] [34mINFO [0;39m o.o.codegen.TemplateManager - writing file C:\Users\RJ\Downloads\Capstone Project System\Capstone_MateryalPH\packages\api-contract\generated\dart\doc\VendorInvitationEnvelope.md
[main] [34mINFO [0;39m o.o.codegen.TemplateManager - writing file C:\Users\RJ\Downloads\Capstone Project System\Capstone_MateryalPH\packages\api-contract\generated\dart\lib\src\model\vendor_invitation_request.dart
[main] [34mINFO [0;39m o.o.codegen.TemplateManager - writing file C:\Users\RJ\Downloads\Capstone Project System\Capstone_MateryalPH\packages\api-contract\generated\dart\test\vendor_invitation_request_test.dart
[main] [34mINFO [0;39m o.o.codegen.TemplateManager - writing file C:\Users\RJ\Downloads\Capstone Project System\Capstone_MateryalPH\packages\api-contract\generated\dart\doc\VendorInvitationRequest.md
[main] [34mINFO [0;39m o.o.codegen.TemplateManager - writing file C:\Users\RJ\Downloads\Capstone Project System\Capstone_MateryalPH\packages\api-contract\generated\dart\lib\src\model\vendor_media_envelope.dart
[main] [34mINFO [0;39m o.o.codegen.TemplateManager - writing file C:\Users\RJ\Downloads\Capstone Project System\Capstone_MateryalPH\packages\api-contract\generated\dart\test\vendor_media_envelope_test.dart
[main] [34mINFO [0;39m o.o.codegen.TemplateManager - writing file C:\Users\RJ\Downloads\Capstone Project System\Capstone_MateryalPH\packages\api-contract\generated\dart\doc\VendorMediaEnvelope.md
[main] [34mINFO [0;39m o.o.codegen.TemplateManager - writing file C:\Users\RJ\Downloads\Capstone Project System\Capstone_MateryalPH\packages\api-contract\generated\dart\lib\src\model\vendor_onboarding_envelope.dart
[main] [34mINFO [0;39m o.o.codegen.TemplateManager - writing file C:\Users\RJ\Downloads\Capstone Project System\Capstone_MateryalPH\packages\api-contract\generated\dart\test\vendor_onboarding_envelope_test.dart
[main] [34mINFO [0;39m o.o.codegen.TemplateManager - writing file C:\Users\RJ\Downloads\Capstone Project System\Capstone_MateryalPH\packages\api-contract\generated\dart\doc\VendorOnboardingEnvelope.md
[main] [34mINFO [0;39m o.o.codegen.TemplateManager - writing file C:\Users\RJ\Downloads\Capstone Project System\Capstone_MateryalPH\packages\api-contract\generated\dart\lib\src\model\vendor_onboarding_section.dart
[main] [34mINFO [0;39m o.o.codegen.TemplateManager - writing file C:\Users\RJ\Downloads\Capstone Project System\Capstone_MateryalPH\packages\api-contract\generated\dart\test\vendor_onboarding_section_test.dart
[main] [34mINFO [0;39m o.o.codegen.TemplateManager - writing file C:\Users\RJ\Downloads\Capstone Project System\Capstone_MateryalPH\packages\api-contract\generated\dart\doc\VendorOnboardingSection.md
[main] [34mINFO [0;39m o.o.codegen.TemplateManager - writing file C:\Users\RJ\Downloads\Capstone Project System\Capstone_MateryalPH\packages\api-contract\generated\dart\lib\src\model\vendor_onboarding_snapshot.dart
[main] [34mINFO [0;39m o.o.codegen.TemplateManager - writing file C:\Users\RJ\Downloads\Capstone Project System\Capstone_MateryalPH\packages\api-contract\generated\dart\test\vendor_onboarding_snapshot_test.dart
[main] [34mINFO [0;39m o.o.codegen.TemplateManager - writing file C:\Users\RJ\Downloads\Capstone Project System\Capstone_MateryalPH\packages\api-contract\generated\dart\doc\VendorOnboardingSnapshot.md
[main] [34mINFO [0;39m o.o.codegen.TemplateManager - writing file C:\Users\RJ\Downloads\Capstone Project System\Capstone_MateryalPH\packages\api-contract\generated\dart\lib\src\model\vendor_onboarding_step.dart
[main] [34mINFO [0;39m o.o.codegen.TemplateManager - writing file C:\Users\RJ\Downloads\Capstone Project System\Capstone_MateryalPH\packages\api-contract\generated\dart\test\vendor_onboarding_step_test.dart
[main] [34mINFO [0;39m o.o.codegen.TemplateManager - writing file C:\Users\RJ\Downloads\Capstone Project System\Capstone_MateryalPH\packages\api-contract\generated\dart\doc\VendorOnboardingStep.md
[main] [34mINFO [0;39m o.o.codegen.TemplateManager - writing file C:\Users\RJ\Downloads\Capstone Project System\Capstone_MateryalPH\packages\api-contract\generated\dart\lib\src\model\vendor_payment_connection.dart
[main] [34mINFO [0;39m o.o.codegen.TemplateManager - writing file C:\Users\RJ\Downloads\Capstone Project System\Capstone_MateryalPH\packages\api-contract\generated\dart\test\vendor_payment_connection_test.dart
[main] [34mINFO [0;39m o.o.codegen.TemplateManager - writing file C:\Users\RJ\Downloads\Capstone Project System\Capstone_MateryalPH\packages\api-contract\generated\dart\doc\VendorPaymentConnection.md
[main] [34mINFO [0;39m o.o.codegen.TemplateManager - writing file C:\Users\RJ\Downloads\Capstone Project System\Capstone_MateryalPH\packages\api-contract\generated\dart\lib\src\model\vendor_payment_reconciliation_envelope.dart
[main] [34mINFO [0;39m o.o.codegen.TemplateManager - writing file C:\Users\RJ\Downloads\Capstone Project System\Capstone_MateryalPH\packages\api-contract\generated\dart\test\vendor_payment_reconciliation_envelope_test.dart
[main] [34mINFO [0;39m o.o.codegen.TemplateManager - writing file C:\Users\RJ\Downloads\Capstone Project System\Capstone_MateryalPH\packages\api-contract\generated\dart\doc\VendorPaymentReconciliationEnvelope.md
[main] [34mINFO [0;39m o.o.codegen.TemplateManager - writing file C:\Users\RJ\Downloads\Capstone Project System\Capstone_MateryalPH\packages\api-contract\generated\dart\lib\src\model\vendor_restriction.dart
[main] [34mINFO [0;39m o.o.codegen.TemplateManager - writing file C:\Users\RJ\Downloads\Capstone Project System\Capstone_MateryalPH\packages\api-contract\generated\dart\test\vendor_restriction_test.dart
[main] [34mINFO [0;39m o.o.codegen.TemplateManager - writing file C:\Users\RJ\Downloads\Capstone Project System\Capstone_MateryalPH\packages\api-contract\generated\dart\doc\VendorRestriction.md
[main] [34mINFO [0;39m o.o.codegen.TemplateManager - writing file C:\Users\RJ\Downloads\Capstone Project System\Capstone_MateryalPH\packages\api-contract\generated\dart\lib\src\model\vendor_restriction_envelope.dart
[main] [34mINFO [0;39m o.o.codegen.TemplateManager - writing file C:\Users\RJ\Downloads\Capstone Project System\Capstone_MateryalPH\packages\api-contract\generated\dart\test\vendor_restriction_envelope_test.dart
[main] [34mINFO [0;39m o.o.codegen.TemplateManager - writing file C:\Users\RJ\Downloads\Capstone Project System\Capstone_MateryalPH\packages\api-contract\generated\dart\doc\VendorRestrictionEnvelope.md
[main] [34mINFO [0;39m o.o.codegen.TemplateManager - writing file C:\Users\RJ\Downloads\Capstone Project System\Capstone_MateryalPH\packages\api-contract\generated\dart\lib\src\model\vendor_setup_complete.dart
[main] [34mINFO [0;39m o.o.codegen.TemplateManager - writing file C:\Users\RJ\Downloads\Capstone Project System\Capstone_MateryalPH\packages\api-contract\generated\dart\test\vendor_setup_complete_test.dart
[main] [34mINFO [0;39m o.o.codegen.TemplateManager - writing file C:\Users\RJ\Downloads\Capstone Project System\Capstone_MateryalPH\packages\api-contract\generated\dart\doc\VendorSetupComplete.md
[main] [34mINFO [0;39m o.o.codegen.TemplateManager - writing file C:\Users\RJ\Downloads\Capstone Project System\Capstone_MateryalPH\packages\api-contract\generated\dart\lib\src\model\vendor_setup_draft.dart
[main] [34mINFO [0;39m o.o.codegen.TemplateManager - writing file C:\Users\RJ\Downloads\Capstone Project System\Capstone_MateryalPH\packages\api-contract\generated\dart\test\vendor_setup_draft_test.dart
[main] [34mINFO [0;39m o.o.codegen.TemplateManager - writing file C:\Users\RJ\Downloads\Capstone Project System\Capstone_MateryalPH\packages\api-contract\generated\dart\doc\VendorSetupDraft.md
[main] [34mINFO [0;39m o.o.codegen.TemplateManager - writing file C:\Users\RJ\Downloads\Capstone Project System\Capstone_MateryalPH\packages\api-contract\generated\dart\lib\src\model\vendor_setup_draft_delivery.dart
[main] [34mINFO [0;39m o.o.codegen.TemplateManager - writing file C:\Users\RJ\Downloads\Capstone Project System\Capstone_MateryalPH\packages\api-contract\generated\dart\test\vendor_setup_draft_delivery_test.dart
[main] [34mINFO [0;39m o.o.codegen.TemplateManager - writing file C:\Users\RJ\Downloads\Capstone Project System\Capstone_MateryalPH\packages\api-contract\generated\dart\doc\VendorSetupDraftDelivery.md
[main] [34mINFO [0;39m o.o.codegen.TemplateManager - writing file C:\Users\RJ\Downloads\Capstone Project System\Capstone_MateryalPH\packages\api-contract\generated\dart\lib\src\model\vendor_setup_draft_vehicles_inner.dart
[main] [34mINFO [0;39m o.o.codegen.TemplateManager - writing file C:\Users\RJ\Downloads\Capstone Project System\Capstone_MateryalPH\packages\api-contract\generated\dart\test\vendor_setup_draft_vehicles_inner_test.dart
[main] [34mINFO [0;39m o.o.codegen.TemplateManager - writing file C:\Users\RJ\Downloads\Capstone Project System\Capstone_MateryalPH\packages\api-contract\generated\dart\doc\VendorSetupDraftVehiclesInner.md
[main] [34mINFO [0;39m o.o.codegen.TemplateManager - writing file C:\Users\RJ\Downloads\Capstone Project System\Capstone_MateryalPH\packages\api-contract\generated\dart\lib\src\model\vendor_store_email_confirmation.dart
[main] [34mINFO [0;39m o.o.codegen.TemplateManager - writing file C:\Users\RJ\Downloads\Capstone Project System\Capstone_MateryalPH\packages\api-contract\generated\dart\test\vendor_store_email_confirmation_test.dart
[main] [34mINFO [0;39m o.o.codegen.TemplateManager - writing file C:\Users\RJ\Downloads\Capstone Project System\Capstone_MateryalPH\packages\api-contract\generated\dart\doc\VendorStoreEmailConfirmation.md
[main] [34mINFO [0;39m o.o.codegen.TemplateManager - writing file C:\Users\RJ\Downloads\Capstone Project System\Capstone_MateryalPH\packages\api-contract\generated\dart\lib\src\model\vendor_store_email_envelope.dart
[main] [34mINFO [0;39m o.o.codegen.TemplateManager - writing file C:\Users\RJ\Downloads\Capstone Project System\Capstone_MateryalPH\packages\api-contract\generated\dart\test\vendor_store_email_envelope_test.dart
[main] [34mINFO [0;39m o.o.codegen.TemplateManager - writing file C:\Users\RJ\Downloads\Capstone Project System\Capstone_MateryalPH\packages\api-contract\generated\dart\doc\VendorStoreEmailEnvelope.md
[main] [34mINFO [0;39m o.o.codegen.TemplateManager - writing file C:\Users\RJ\Downloads\Capstone Project System\Capstone_MateryalPH\packages\api-contract\generated\dart\lib\src\model\vendor_verification_draft.dart
[main] [34mINFO [0;39m o.o.codegen.TemplateManager - writing file C:\Users\RJ\Downloads\Capstone Project System\Capstone_MateryalPH\packages\api-contract\generated\dart\test\vendor_verification_draft_test.dart
[main] [34mINFO [0;39m o.o.codegen.TemplateManager - writing file C:\Users\RJ\Downloads\Capstone Project System\Capstone_MateryalPH\packages\api-contract\generated\dart\doc\VendorVerificationDraft.md
[main] [34mINFO [0;39m o.o.codegen.TemplateManager - writing file C:\Users\RJ\Downloads\Capstone Project System\Capstone_MateryalPH\packages\api-contract\generated\dart\lib\src\model\vendor_verification_draft_legal_identity.dart
[main] [34mINFO [0;39m o.o.codegen.TemplateManager - writing file C:\Users\RJ\Downloads\Capstone Project System\Capstone_MateryalPH\packages\api-contract\generated\dart\test\vendor_verification_draft_legal_identity_test.dart
[main] [34mINFO [0;39m o.o.codegen.TemplateManager - writing file C:\Users\RJ\Downloads\Capstone Project System\Capstone_MateryalPH\packages\api-contract\generated\dart\doc\VendorVerificationDraftLegalIdentity.md
[main] [34mINFO [0;39m o.o.codegen.TemplateManager - writing file C:\Users\RJ\Downloads\Capstone Project System\Capstone_MateryalPH\packages\api-contract\generated\dart\lib\src\model\vendor_verification_draft_tax_profile.dart
[main] [34mINFO [0;39m o.o.codegen.TemplateManager - writing file C:\Users\RJ\Downloads\Capstone Project System\Capstone_MateryalPH\packages\api-contract\generated\dart\test\vendor_verification_draft_tax_profile_test.dart
[main] [34mINFO [0;39m o.o.codegen.TemplateManager - writing file C:\Users\RJ\Downloads\Capstone Project System\Capstone_MateryalPH\packages\api-contract\generated\dart\doc\VendorVerificationDraftTaxProfile.md
[main] [34mINFO [0;39m o.o.codegen.TemplateManager - writing file C:\Users\RJ\Downloads\Capstone Project System\Capstone_MateryalPH\packages\api-contract\generated\dart\lib\src\model\vendor_verification_submit.dart
[main] [34mINFO [0;39m o.o.codegen.TemplateManager - writing file C:\Users\RJ\Downloads\Capstone Project System\Capstone_MateryalPH\packages\api-contract\generated\dart\test\vendor_verification_submit_test.dart
[main] [34mINFO [0;39m o.o.codegen.TemplateManager - writing file C:\Users\RJ\Downloads\Capstone Project System\Capstone_MateryalPH\packages\api-contract\generated\dart\doc\VendorVerificationSubmit.md
[main] [34mINFO [0;39m o.o.codegen.TemplateManager - writing file C:\Users\RJ\Downloads\Capstone Project System\Capstone_MateryalPH\packages\api-contract\generated\dart\lib\src\model\vendor_webhook_envelope.dart
[main] [34mINFO [0;39m o.o.codegen.TemplateManager - writing file C:\Users\RJ\Downloads\Capstone Project System\Capstone_MateryalPH\packages\api-contract\generated\dart\test\vendor_webhook_envelope_test.dart
[main] [34mINFO [0;39m o.o.codegen.TemplateManager - writing file C:\Users\RJ\Downloads\Capstone Project System\Capstone_MateryalPH\packages\api-contract\generated\dart\doc\VendorWebhookEnvelope.md
[main] [34mINFO [0;39m o.o.codegen.TemplateManager - writing file C:\Users\RJ\Downloads\Capstone Project System\Capstone_MateryalPH\packages\api-contract\generated\dart\lib\src\model\verify_bot_challenge_request.dart
[main] [34mINFO [0;39m o.o.codegen.TemplateManager - writing file C:\Users\RJ\Downloads\Capstone Project System\Capstone_MateryalPH\packages\api-contract\generated\dart\test\verify_bot_challenge_request_test.dart
[main] [34mINFO [0;39m o.o.codegen.TemplateManager - writing file C:\Users\RJ\Downloads\Capstone Project System\Capstone_MateryalPH\packages\api-contract\generated\dart\doc\VerifyBotChallengeRequest.md
[main] [34mINFO [0;39m o.o.codegen.TemplateManager - writing file C:\Users\RJ\Downloads\Capstone Project System\Capstone_MateryalPH\packages\api-contract\generated\dart\lib\src\model\verify_email_request.dart
[main] [34mINFO [0;39m o.o.codegen.TemplateManager - writing file C:\Users\RJ\Downloads\Capstone Project System\Capstone_MateryalPH\packages\api-contract\generated\dart\test\verify_email_request_test.dart
[main] [34mINFO [0;39m o.o.codegen.TemplateManager - writing file C:\Users\RJ\Downloads\Capstone Project System\Capstone_MateryalPH\packages\api-contract\generated\dart\doc\VerifyEmailRequest.md
[main] [34mINFO [0;39m o.o.codegen.TemplateManager - writing file C:\Users\RJ\Downloads\Capstone Project System\Capstone_MateryalPH\packages\api-contract\generated\dart\lib\src\model\xendit_account_verification_webhook.dart
[main] [34mINFO [0;39m o.o.codegen.TemplateManager - writing file C:\Users\RJ\Downloads\Capstone Project System\Capstone_MateryalPH\packages\api-contract\generated\dart\test\xendit_account_verification_webhook_test.dart
[main] [34mINFO [0;39m o.o.codegen.TemplateManager - writing file C:\Users\RJ\Downloads\Capstone Project System\Capstone_MateryalPH\packages\api-contract\generated\dart\doc\XenditAccountVerificationWebhook.md
[main] [34mINFO [0;39m o.o.codegen.utils.URLPathUtils - 'host' (OAS 2.0) or 'servers' (OAS 3.0) not defined in the spec. Default to [http://localhost] for server URL [http://localhost/api/v1]
[main] [34mINFO [0;39m o.o.codegen.TemplateManager - writing file C:\Users\RJ\Downloads\Capstone Project System\Capstone_MateryalPH\packages\api-contract\generated\dart\lib\src\api\accounts_api.dart
[main] [34mINFO [0;39m o.o.codegen.TemplateManager - writing file C:\Users\RJ\Downloads\Capstone Project System\Capstone_MateryalPH\packages\api-contract\generated\dart\test\accounts_api_test.dart
[main] [34mINFO [0;39m o.o.codegen.TemplateManager - writing file C:\Users\RJ\Downloads\Capstone Project System\Capstone_MateryalPH\packages\api-contract\generated\dart\doc\AccountsApi.md
[main] [34mINFO [0;39m o.o.codegen.TemplateManager - writing file C:\Users\RJ\Downloads\Capstone Project System\Capstone_MateryalPH\packages\api-contract\generated\dart\lib\src\api\admin_vendor_verification_api.dart
[main] [34mINFO [0;39m o.o.codegen.TemplateManager - writing file C:\Users\RJ\Downloads\Capstone Project System\Capstone_MateryalPH\packages\api-contract\generated\dart\test\admin_vendor_verification_api_test.dart
[main] [34mINFO [0;39m o.o.codegen.TemplateManager - writing file C:\Users\RJ\Downloads\Capstone Project System\Capstone_MateryalPH\packages\api-contract\generated\dart\doc\AdminVendorVerificationApi.md
[main] [34mINFO [0;39m o.o.codegen.TemplateManager - writing file C:\Users\RJ\Downloads\Capstone Project System\Capstone_MateryalPH\packages\api-contract\generated\dart\lib\src\api\agreements_api.dart
[main] [34mINFO [0;39m o.o.codegen.TemplateManager - writing file C:\Users\RJ\Downloads\Capstone Project System\Capstone_MateryalPH\packages\api-contract\generated\dart\test\agreements_api_test.dart
[main] [34mINFO [0;39m o.o.codegen.TemplateManager - writing file C:\Users\RJ\Downloads\Capstone Project System\Capstone_MateryalPH\packages\api-contract\generated\dart\doc\AgreementsApi.md
[main] [34mINFO [0;39m o.o.codegen.TemplateManager - writing file C:\Users\RJ\Downloads\Capstone Project System\Capstone_MateryalPH\packages\api-contract\generated\dart\lib\src\api\authentication_api.dart
[main] [34mINFO [0;39m o.o.codegen.TemplateManager - writing file C:\Users\RJ\Downloads\Capstone Project System\Capstone_MateryalPH\packages\api-contract\generated\dart\test\authentication_api_test.dart
[main] [34mINFO [0;39m o.o.codegen.TemplateManager - writing file C:\Users\RJ\Downloads\Capstone Project System\Capstone_MateryalPH\packages\api-contract\generated\dart\doc\AuthenticationApi.md
[main] [34mINFO [0;39m o.o.codegen.TemplateManager - writing file C:\Users\RJ\Downloads\Capstone Project System\Capstone_MateryalPH\packages\api-contract\generated\dart\lib\src\api\system_api.dart
[main] [34mINFO [0;39m o.o.codegen.TemplateManager - writing file C:\Users\RJ\Downloads\Capstone Project System\Capstone_MateryalPH\packages\api-contract\generated\dart\test\system_api_test.dart
[main] [34mINFO [0;39m o.o.codegen.TemplateManager - writing file C:\Users\RJ\Downloads\Capstone Project System\Capstone_MateryalPH\packages\api-contract\generated\dart\doc\SystemApi.md
[main] [34mINFO [0;39m o.o.codegen.TemplateManager - writing file C:\Users\RJ\Downloads\Capstone Project System\Capstone_MateryalPH\packages\api-contract\generated\dart\lib\src\api\vendor_onboarding_api.dart
[main] [34mINFO [0;39m o.o.codegen.TemplateManager - writing file C:\Users\RJ\Downloads\Capstone Project System\Capstone_MateryalPH\packages\api-contract\generated\dart\test\vendor_onboarding_api_test.dart
[main] [34mINFO [0;39m o.o.codegen.TemplateManager - writing file C:\Users\RJ\Downloads\Capstone Project System\Capstone_MateryalPH\packages\api-contract\generated\dart\doc\VendorOnboardingApi.md
[main] [34mINFO [0;39m o.o.codegen.TemplateManager - writing file C:\Users\RJ\Downloads\Capstone Project System\Capstone_MateryalPH\packages\api-contract\generated\dart\pubspec.yaml
[main] [34mINFO [0;39m o.o.codegen.TemplateManager - writing file C:\Users\RJ\Downloads\Capstone Project System\Capstone_MateryalPH\packages\api-contract\generated\dart\analysis_options.yaml
[main] [34mINFO [0;39m o.o.codegen.TemplateManager - writing file C:\Users\RJ\Downloads\Capstone Project System\Capstone_MateryalPH\packages\api-contract\generated\dart\.gitignore
[main] [34mINFO [0;39m o.o.codegen.TemplateManager - writing file C:\Users\RJ\Downloads\Capstone Project System\Capstone_MateryalPH\packages\api-contract\generated\dart\README.md
[main] [34mINFO [0;39m o.o.codegen.TemplateManager - writing file C:\Users\RJ\Downloads\Capstone Project System\Capstone_MateryalPH\packages\api-contract\generated\dart\lib\materyalph_api_client.dart
[main] [34mINFO [0;39m o.o.codegen.TemplateManager - writing file C:\Users\RJ\Downloads\Capstone Project System\Capstone_MateryalPH\packages\api-contract\generated\dart\lib\src\api.dart
[main] [34mINFO [0;39m o.o.codegen.TemplateManager - writing file C:\Users\RJ\Downloads\Capstone Project System\Capstone_MateryalPH\packages\api-contract\generated\dart\lib\src\auth\api_key_auth.dart
[main] [34mINFO [0;39m o.o.codegen.TemplateManager - writing file C:\Users\RJ\Downloads\Capstone Project System\Capstone_MateryalPH\packages\api-contract\generated\dart\lib\src\auth\basic_auth.dart
[main] [34mINFO [0;39m o.o.codegen.TemplateManager - writing file C:\Users\RJ\Downloads\Capstone Project System\Capstone_MateryalPH\packages\api-contract\generated\dart\lib\src\auth\bearer_auth.dart
[main] [34mINFO [0;39m o.o.codegen.TemplateManager - writing file C:\Users\RJ\Downloads\Capstone Project System\Capstone_MateryalPH\packages\api-contract\generated\dart\lib\src\auth\oauth.dart
[main] [34mINFO [0;39m o.o.codegen.TemplateManager - writing file C:\Users\RJ\Downloads\Capstone Project System\Capstone_MateryalPH\packages\api-contract\generated\dart\lib\src\auth\auth.dart
[main] [34mINFO [0;39m o.o.codegen.TemplateManager - writing file C:\Users\RJ\Downloads\Capstone Project System\Capstone_MateryalPH\packages\api-contract\generated\dart\lib\src\serializers.dart
[main] [34mINFO [0;39m o.o.codegen.TemplateManager - writing file C:\Users\RJ\Downloads\Capstone Project System\Capstone_MateryalPH\packages\api-contract\generated\dart\lib\src\api_util.dart
[main] [34mINFO [0;39m o.o.codegen.TemplateManager - writing file C:\Users\RJ\Downloads\Capstone Project System\Capstone_MateryalPH\packages\api-contract\generated\dart\lib\src\model\date.dart
[main] [34mINFO [0;39m o.o.codegen.TemplateManager - writing file C:\Users\RJ\Downloads\Capstone Project System\Capstone_MateryalPH\packages\api-contract\generated\dart\lib\src\date_serializer.dart
[main] [34mINFO [0;39m o.o.codegen.TemplateManager - Skipped C:\Users\RJ\Downloads\Capstone Project System\Capstone_MateryalPH\packages\api-contract\generated\dart\.openapi-generator-ignore (Skipped by supportingFiles options supplied by user.)
[main] [34mINFO [0;39m o.o.codegen.TemplateManager - writing file C:\Users\RJ\Downloads\Capstone Project System\Capstone_MateryalPH\packages\api-contract\generated\dart\.openapi-generator\VERSION
[main] [34mINFO [0;39m o.o.codegen.TemplateManager - writing file C:\Users\RJ\Downloads\Capstone Project System\Capstone_MateryalPH\packages\api-contract\generated\dart\.openapi-generator\FILES
############################################################################################
# Thanks for using OpenAPI Generator.                                                      #
# We appreciate your support! Please consider donating to help us maintain this project.   #
# https://opencollective.com/openapi_generator/donate                                      #
############################################################################################
