
> @materyalph/api-contract@0.0.0 generate
> node scripts/generate-clients.mjs

[main] [31mWARN [0;39m o.o.codegen.DefaultCodegen - OpenAPI 3.1 support is still in beta. To report an issue related to 3.1 spec, please kindly open an issue in the Github repo: https://github.com/openAPITools/openapi-generator.
[main] [34mINFO [0;39m o.o.codegen.DefaultGenerator - Generating with dryRun=false
[main] [34mINFO [0;39m o.o.codegen.DefaultGenerator - OpenAPI Generator: typescript-fetch (client)
[main] [34mINFO [0;39m o.o.codegen.DefaultGenerator - Generator 'typescript-fetch' is considered stable.
[main] [34mINFO [0;39m o.o.c.l.AbstractTypeScriptClientCodegen - Hint: Environment variable 'TS_POST_PROCESS_FILE' (optional) not defined. E.g. to format the source code, please try 'export TS_POST_PROCESS_FILE="/usr/local/bin/prettier --write"' (Linux/Mac)
[main] [34mINFO [0;39m o.o.c.l.AbstractTypeScriptClientCodegen - Note: To enable file post-processing, 'enablePostProcessFile' must be set to `true` (--enable-post-process-file for CLI).
[main] [31mWARN [0;39m o.o.codegen.utils.ModelUtils - Failed to get the schema name: null
[main] [34mINFO [0;39m o.o.codegen.InlineModelResolver - Inline schema created as uploadChatAttachment_request. To have complete control of the model name, set the `title` field or use the modelNameMapping option (e.g. --model-name-mappings uploadChatAttachment_request=NewModel,ModelA=NewModelA in CLI) or inlineSchemaNameMapping option (--inline-schema-name-mappings uploadChatAttachment_request=NewModel,ModelA=NewModelA in CLI).
[main] [34mINFO [0;39m o.o.codegen.InlineModelResolver - Inline schema created as uploadAccountPhoto_request. To have complete control of the model name, set the `title` field or use the modelNameMapping option (e.g. --model-name-mappings uploadAccountPhoto_request=NewModel,ModelA=NewModelA in CLI) or inlineSchemaNameMapping option (--inline-schema-name-mappings uploadAccountPhoto_request=NewModel,ModelA=NewModelA in CLI).
[main] [34mINFO [0;39m o.o.codegen.InlineModelResolver - Inline schema created as HealthEnvelope_allOf_data. To have complete control of the model name, set the `title` field or use the modelNameMapping option (e.g. --model-name-mappings HealthEnvelope_allOf_data=NewModel,ModelA=NewModelA in CLI) or inlineSchemaNameMapping option (--inline-schema-name-mappings HealthEnvelope_allOf_data=NewModel,ModelA=NewModelA in CLI).
[main] [34mINFO [0;39m o.o.codegen.InlineModelResolver - Inline schema created as CsrfEnvelope_allOf_data. To have complete control of the model name, set the `title` field or use the modelNameMapping option (e.g. --model-name-mappings CsrfEnvelope_allOf_data=NewModel,ModelA=NewModelA in CLI) or inlineSchemaNameMapping option (--inline-schema-name-mappings CsrfEnvelope_allOf_data=NewModel,ModelA=NewModelA in CLI).
[main] [34mINFO [0;39m o.o.codegen.InlineModelResolver - Inline schema created as BotProofEnvelope_allOf_data. To have complete control of the model name, set the `title` field or use the modelNameMapping option (e.g. --model-name-mappings BotProofEnvelope_allOf_data=NewModel,ModelA=NewModelA in CLI) or inlineSchemaNameMapping option (--inline-schema-name-mappings BotProofEnvelope_allOf_data=NewModel,ModelA=NewModelA in CLI).
[main] [34mINFO [0;39m o.o.codegen.InlineModelResolver - Inline schema created as AuthEnvelope_allOf_data. To have complete control of the model name, set the `title` field or use the modelNameMapping option (e.g. --model-name-mappings AuthEnvelope_allOf_data=NewModel,ModelA=NewModelA in CLI) or inlineSchemaNameMapping option (--inline-schema-name-mappings AuthEnvelope_allOf_data=NewModel,ModelA=NewModelA in CLI).
[main] [34mINFO [0;39m o.o.codegen.InlineModelResolver - Inline schema created as MfaStatusEnvelope_allOf_data. To have complete control of the model name, set the `title` field or use the modelNameMapping option (e.g. --model-name-mappings MfaStatusEnvelope_allOf_data=NewModel,ModelA=NewModelA in CLI) or inlineSchemaNameMapping option (--inline-schema-name-mappings MfaStatusEnvelope_allOf_data=NewModel,ModelA=NewModelA in CLI).
[main] [34mINFO [0;39m o.o.codegen.InlineModelResolver - Inline schema created as MfaEnrollmentEnvelope_allOf_data. To have complete control of the model name, set the `title` field or use the modelNameMapping option (e.g. --model-name-mappings MfaEnrollmentEnvelope_allOf_data=NewModel,ModelA=NewModelA in CLI) or inlineSchemaNameMapping option (--inline-schema-name-mappings MfaEnrollmentEnvelope_allOf_data=NewModel,ModelA=NewModelA in CLI).
[main] [34mINFO [0;39m o.o.codegen.InlineModelResolver - Inline schema created as RegistrationEnvelope_allOf_data. To have complete control of the model name, set the `title` field or use the modelNameMapping option (e.g. --model-name-mappings RegistrationEnvelope_allOf_data=NewModel,ModelA=NewModelA in CLI) or inlineSchemaNameMapping option (--inline-schema-name-mappings RegistrationEnvelope_allOf_data=NewModel,ModelA=NewModelA in CLI).
[main] [34mINFO [0;39m o.o.codegen.InlineModelResolver - Inline schema created as VendorOnboardingSnapshot_setup. To have complete control of the model name, set the `title` field or use the modelNameMapping option (e.g. --model-name-mappings VendorOnboardingSnapshot_setup=NewModel,ModelA=NewModelA in CLI) or inlineSchemaNameMapping option (--inline-schema-name-mappings VendorOnboardingSnapshot_setup=NewModel,ModelA=NewModelA in CLI).
[main] [34mINFO [0;39m o.o.codegen.InlineModelResolver - Inline schema created as PublicStoreListEnvelope_meta. To have complete control of the model name, set the `title` field or use the modelNameMapping option (e.g. --model-name-mappings PublicStoreListEnvelope_meta=NewModel,ModelA=NewModelA in CLI) or inlineSchemaNameMapping option (--inline-schema-name-mappings PublicStoreListEnvelope_meta=NewModel,ModelA=NewModelA in CLI).
[main] [34mINFO [0;39m o.o.codegen.InlineModelResolver - Inline schema created as VendorVerificationDraft_classification. To have complete control of the model name, set the `title` field or use the modelNameMapping option (e.g. --model-name-mappings VendorVerificationDraft_classification=NewModel,ModelA=NewModelA in CLI) or inlineSchemaNameMapping option (--inline-schema-name-mappings VendorVerificationDraft_classification=NewModel,ModelA=NewModelA in CLI).
[main] [34mINFO [0;39m o.o.codegen.InlineModelResolver - Inline schema created as VendorVerificationDraft_representative. To have complete control of the model name, set the `title` field or use the modelNameMapping option (e.g. --model-name-mappings VendorVerificationDraft_representative=NewModel,ModelA=NewModelA in CLI) or inlineSchemaNameMapping option (--inline-schema-name-mappings VendorVerificationDraft_representative=NewModel,ModelA=NewModelA in CLI).
[main] [34mINFO [0;39m o.o.codegen.InlineModelResolver - Inline schema created as VendorVerificationDraft_legal_identity. To have complete control of the model name, set the `title` field or use the modelNameMapping option (e.g. --model-name-mappings VendorVerificationDraft_legal_identity=NewModel,ModelA=NewModelA in CLI) or inlineSchemaNameMapping option (--inline-schema-name-mappings VendorVerificationDraft_legal_identity=NewModel,ModelA=NewModelA in CLI).
[main] [34mINFO [0;39m o.o.codegen.InlineModelResolver - Inline schema created as VendorVerificationDraft_tax_profile. To have complete control of the model name, set the `title` field or use the modelNameMapping option (e.g. --model-name-mappings VendorVerificationDraft_tax_profile=NewModel,ModelA=NewModelA in CLI) or inlineSchemaNameMapping option (--inline-schema-name-mappings VendorVerificationDraft_tax_profile=NewModel,ModelA=NewModelA in CLI).
[main] [34mINFO [0;39m o.o.codegen.InlineModelResolver - Inline schema created as VendorSetupDraft_delivery. To have complete control of the model name, set the `title` field or use the modelNameMapping option (e.g. --model-name-mappings VendorSetupDraft_delivery=NewModel,ModelA=NewModelA in CLI) or inlineSchemaNameMapping option (--inline-schema-name-mappings VendorSetupDraft_delivery=NewModel,ModelA=NewModelA in CLI).
[main] [34mINFO [0;39m o.o.codegen.InlineModelResolver - Inline schema created as VendorSetupDraft_vehicles_inner. To have complete control of the model name, set the `title` field or use the modelNameMapping option (e.g. --model-name-mappings VendorSetupDraft_vehicles_inner=NewModel,ModelA=NewModelA in CLI) or inlineSchemaNameMapping option (--inline-schema-name-mappings VendorSetupDraft_vehicles_inner=NewModel,ModelA=NewModelA in CLI).
[main] [34mINFO [0;39m o.o.codegen.InlineModelResolver - Inline schema created as PsgcSearchEnvelope_data. To have complete control of the model name, set the `title` field or use the modelNameMapping option (e.g. --model-name-mappings PsgcSearchEnvelope_data=NewModel,ModelA=NewModelA in CLI) or inlineSchemaNameMapping option (--inline-schema-name-mappings PsgcSearchEnvelope_data=NewModel,ModelA=NewModelA in CLI).
[main] [34mINFO [0;39m o.o.codegen.InlineModelResolver - Inline schema created as VendorTeamActivityEnvelope_meta. To have complete control of the model name, set the `title` field or use the modelNameMapping option (e.g. --model-name-mappings VendorTeamActivityEnvelope_meta=NewModel,ModelA=NewModelA in CLI) or inlineSchemaNameMapping option (--inline-schema-name-mappings VendorTeamActivityEnvelope_meta=NewModel,ModelA=NewModelA in CLI).
[main] [34mINFO [0;39m o.o.codegen.InlineModelResolver - Inline schema created as XenditAccountVerificationWebhook_data_account_info. To have complete control of the model name, set the `title` field or use the modelNameMapping option (e.g. --model-name-mappings XenditAccountVerificationWebhook_data_account_info=NewModel,ModelA=NewModelA in CLI) or inlineSchemaNameMapping option (--inline-schema-name-mappings XenditAccountVerificationWebhook_data_account_info=NewModel,ModelA=NewModelA in CLI).
[main] [34mINFO [0;39m o.o.codegen.InlineModelResolver - Inline schema created as XenditAccountVerificationWebhook_data. To have complete control of the model name, set the `title` field or use the modelNameMapping option (e.g. --model-name-mappings XenditAccountVerificationWebhook_data=NewModel,ModelA=NewModelA in CLI) or inlineSchemaNameMapping option (--inline-schema-name-mappings XenditAccountVerificationWebhook_data=NewModel,ModelA=NewModelA in CLI).
[main] [34mINFO [0;39m o.o.codegen.InlineModelResolver - Inline schema created as CatalogListingDeletedEnvelope_data. To have complete control of the model name, set the `title` field or use the modelNameMapping option (e.g. --model-name-mappings CatalogListingDeletedEnvelope_data=NewModel,ModelA=NewModelA in CLI) or inlineSchemaNameMapping option (--inline-schema-name-mappings CatalogListingDeletedEnvelope_data=NewModel,ModelA=NewModelA in CLI).
[main] [34mINFO [0;39m o.o.codegen.InlineModelResolver - Inline schema created as ProductComplianceCaseEnvelope_data. To have complete control of the model name, set the `title` field or use the modelNameMapping option (e.g. --model-name-mappings ProductComplianceCaseEnvelope_data=NewModel,ModelA=NewModelA in CLI) or inlineSchemaNameMapping option (--inline-schema-name-mappings ProductComplianceCaseEnvelope_data=NewModel,ModelA=NewModelA in CLI).
[main] [34mINFO [0;39m o.o.codegen.InlineModelResolver - Inline schema created as ComparableGroupEnvelope_data. To have complete control of the model name, set the `title` field or use the modelNameMapping option (e.g. --model-name-mappings ComparableGroupEnvelope_data=NewModel,ModelA=NewModelA in CLI) or inlineSchemaNameMapping option (--inline-schema-name-mappings ComparableGroupEnvelope_data=NewModel,ModelA=NewModelA in CLI).
[main] [34mINFO [0;39m o.o.codegen.InlineModelResolver - Inline schema created as InventoryLedgerMeta_summary. To have complete control of the model name, set the `title` field or use the modelNameMapping option (e.g. --model-name-mappings InventoryLedgerMeta_summary=NewModel,ModelA=NewModelA in CLI) or inlineSchemaNameMapping option (--inline-schema-name-mappings InventoryLedgerMeta_summary=NewModel,ModelA=NewModelA in CLI).
[main] [34mINFO [0;39m o.o.codegen.InlineModelResolver - Inline schema created as InventoryLedgerMeta_stale_listings. To have complete control of the model name, set the `title` field or use the modelNameMapping option (e.g. --model-name-mappings InventoryLedgerMeta_stale_listings=NewModel,ModelA=NewModelA in CLI) or inlineSchemaNameMapping option (--inline-schema-name-mappings InventoryLedgerMeta_stale_listings=NewModel,ModelA=NewModelA in CLI).
[main] [34mINFO [0;39m o.o.codegen.InlineModelResolver - Inline schema created as InventoryLedgerMeta_permissions. To have complete control of the model name, set the `title` field or use the modelNameMapping option (e.g. --model-name-mappings InventoryLedgerMeta_permissions=NewModel,ModelA=NewModelA in CLI) or inlineSchemaNameMapping option (--inline-schema-name-mappings InventoryLedgerMeta_permissions=NewModel,ModelA=NewModelA in CLI).
[main] [34mINFO [0;39m o.o.codegen.InlineModelResolver - Inline schema created as AutoAcceptPolicyDetail_stock. To have complete control of the model name, set the `title` field or use the modelNameMapping option (e.g. --model-name-mappings AutoAcceptPolicyDetail_stock=NewModel,ModelA=NewModelA in CLI) or inlineSchemaNameMapping option (--inline-schema-name-mappings AutoAcceptPolicyDetail_stock=NewModel,ModelA=NewModelA in CLI).
[main] [34mINFO [0;39m o.o.codegen.InlineModelResolver - Inline schema created as AutoAcceptPolicyDetail_scope. To have complete control of the model name, set the `title` field or use the modelNameMapping option (e.g. --model-name-mappings AutoAcceptPolicyDetail_scope=NewModel,ModelA=NewModelA in CLI) or inlineSchemaNameMapping option (--inline-schema-name-mappings AutoAcceptPolicyDetail_scope=NewModel,ModelA=NewModelA in CLI).
[main] [34mINFO [0;39m o.o.codegen.InlineModelResolver - Inline schema created as AutoAcceptPolicyDetail_permissions. To have complete control of the model name, set the `title` field or use the modelNameMapping option (e.g. --model-name-mappings AutoAcceptPolicyDetail_permissions=NewModel,ModelA=NewModelA in CLI) or inlineSchemaNameMapping option (--inline-schema-name-mappings AutoAcceptPolicyDetail_permissions=NewModel,ModelA=NewModelA in CLI).
[main] [34mINFO [0;39m o.o.codegen.InlineModelResolver - Inline schema created as FleetVehicleListMeta_delivery. To have complete control of the model name, set the `title` field or use the modelNameMapping option (e.g. --model-name-mappings FleetVehicleListMeta_delivery=NewModel,ModelA=NewModelA in CLI) or inlineSchemaNameMapping option (--inline-schema-name-mappings FleetVehicleListMeta_delivery=NewModel,ModelA=NewModelA in CLI).
[main] [34mINFO [0;39m o.o.codegen.InlineModelResolver - Inline schema created as FleetVehicleListMeta_permissions. To have complete control of the model name, set the `title` field or use the modelNameMapping option (e.g. --model-name-mappings FleetVehicleListMeta_permissions=NewModel,ModelA=NewModelA in CLI) or inlineSchemaNameMapping option (--inline-schema-name-mappings FleetVehicleListMeta_permissions=NewModel,ModelA=NewModelA in CLI).
[main] [34mINFO [0;39m o.o.codegen.InlineModelResolver - Inline schema created as FleetVehicleListMeta_limits. To have complete control of the model name, set the `title` field or use the modelNameMapping option (e.g. --model-name-mappings FleetVehicleListMeta_limits=NewModel,ModelA=NewModelA in CLI) or inlineSchemaNameMapping option (--inline-schema-name-mappings FleetVehicleListMeta_limits=NewModel,ModelA=NewModelA in CLI).
[main] [34mINFO [0;39m o.o.codegen.InlineModelResolver - Inline schema created as FleetVehicleImageEnvelope_data. To have complete control of the model name, set the `title` field or use the modelNameMapping option (e.g. --model-name-mappings FleetVehicleImageEnvelope_data=NewModel,ModelA=NewModelA in CLI) or inlineSchemaNameMapping option (--inline-schema-name-mappings FleetVehicleImageEnvelope_data=NewModel,ModelA=NewModelA in CLI).
[main] [34mINFO [0;39m o.o.codegen.utils.URLPathUtils - 'host' (OAS 2.0) or 'servers' (OAS 3.0) not defined in the spec. Default to [http://localhost] for server URL [http://localhost/api/v1]
[main] [34mINFO [0;39m o.o.codegen.DefaultGenerator - Model Meta not generated since it's a free-form object
[main] [34mINFO [0;39m o.o.codegen.DefaultGenerator - Model VendorDocumentUpload not generated since it's marked as unused (due to form parameters) and `skipFormModel` (global property) set to true (default)
[main] [34mINFO [0;39m o.o.codegen.DefaultGenerator - Model VendorMediaUpload not generated since it's marked as unused (due to form parameters) and `skipFormModel` (global property) set to true (default)
[main] [34mINFO [0;39m o.o.codegen.DefaultGenerator - Model CatalogMediaUpload not generated since it's marked as unused (due to form parameters) and `skipFormModel` (global property) set to true (default)
[main] [34mINFO [0;39m o.o.codegen.DefaultGenerator - Model ComplianceEvidenceUpload not generated since it's marked as unused (due to form parameters) and `skipFormModel` (global property) set to true (default)
[main] [34mINFO [0;39m o.o.codegen.DefaultGenerator - Model CatalogImportUpload not generated since it's marked as unused (due to form parameters) and `skipFormModel` (global property) set to true (default)
[main] [34mINFO [0;39m o.o.codegen.DefaultGenerator - Model ComplianceRegisterUpload not generated since it's marked as unused (due to form parameters) and `skipFormModel` (global property) set to true (default)
[main] [34mINFO [0;39m o.o.codegen.DefaultGenerator - Model FleetVehicleImageUpload not generated since it's marked as unused (due to form parameters) and `skipFormModel` (global property) set to true (default)
[main] [34mINFO [0;39m o.o.codegen.DefaultGenerator - Model uploadChatAttachment_request not generated since it's marked as unused (due to form parameters) and `skipFormModel` (global property) set to true (default)
[main] [34mINFO [0;39m o.o.codegen.DefaultGenerator - Model uploadAccountPhoto_request not generated since it's marked as unused (due to form parameters) and `skipFormModel` (global property) set to true (default)
[main] [34mINFO [0;39m o.o.codegen.TemplateManager - writing file C:\Users\RJ\Downloads\Capstone Project System\Capstone_MateryalPH\packages\api-contract\generated\typescript\src\models\AccountAdminChange.ts
[main] [34mINFO [0;39m o.o.codegen.TemplateManager - skipping unchanged file C:\Users\RJ\Downloads\Capstone Project System\Capstone_MateryalPH\packages\api-contract\generated\typescript\docs\AccountAdminChange.md
[main] [34mINFO [0;39m o.o.codegen.TemplateManager - writing file C:\Users\RJ\Downloads\Capstone Project System\Capstone_MateryalPH\packages\api-contract\generated\typescript\src\models\AccountAdminInvitation.ts
[main] [34mINFO [0;39m o.o.codegen.TemplateManager - skipping unchanged file C:\Users\RJ\Downloads\Capstone Project System\Capstone_MateryalPH\packages\api-contract\generated\typescript\docs\AccountAdminInvitation.md
[main] [34mINFO [0;39m o.o.codegen.TemplateManager - writing file C:\Users\RJ\Downloads\Capstone Project System\Capstone_MateryalPH\packages\api-contract\generated\typescript\src\models\AccountAdministrator.ts
[main] [34mINFO [0;39m o.o.codegen.TemplateManager - skipping unchanged file C:\Users\RJ\Downloads\Capstone Project System\Capstone_MateryalPH\packages\api-contract\generated\typescript\docs\AccountAdministrator.md
[main] [34mINFO [0;39m o.o.codegen.TemplateManager - writing file C:\Users\RJ\Downloads\Capstone Project System\Capstone_MateryalPH\packages\api-contract\generated\typescript\src\models\AccountAdministratorListEnvelope.ts
[main] [34mINFO [0;39m o.o.codegen.TemplateManager - skipping unchanged file C:\Users\RJ\Downloads\Capstone Project System\Capstone_MateryalPH\packages\api-contract\generated\typescript\docs\AccountAdministratorListEnvelope.md
[main] [34mINFO [0;39m o.o.codegen.TemplateManager - writing file C:\Users\RJ\Downloads\Capstone Project System\Capstone_MateryalPH\packages\api-contract\generated\typescript\src\models\AccountAgreement.ts
[main] [34mINFO [0;39m o.o.codegen.TemplateManager - skipping unchanged file C:\Users\RJ\Downloads\Capstone Project System\Capstone_MateryalPH\packages\api-contract\generated\typescript\docs\AccountAgreement.md
[main] [34mINFO [0;39m o.o.codegen.TemplateManager - writing file C:\Users\RJ\Downloads\Capstone Project System\Capstone_MateryalPH\packages\api-contract\generated\typescript\src\models\AccountAgreementAcceptance.ts
[main] [34mINFO [0;39m o.o.codegen.TemplateManager - skipping unchanged file C:\Users\RJ\Downloads\Capstone Project System\Capstone_MateryalPH\packages\api-contract\generated\typescript\docs\AccountAgreementAcceptance.md
[main] [34mINFO [0;39m o.o.codegen.TemplateManager - writing file C:\Users\RJ\Downloads\Capstone Project System\Capstone_MateryalPH\packages\api-contract\generated\typescript\src\models\AccountAgreementListEnvelope.ts
[main] [34mINFO [0;39m o.o.codegen.TemplateManager - skipping unchanged file C:\Users\RJ\Downloads\Capstone Project System\Capstone_MateryalPH\packages\api-contract\generated\typescript\docs\AccountAgreementListEnvelope.md
[main] [34mINFO [0;39m o.o.codegen.TemplateManager - writing file C:\Users\RJ\Downloads\Capstone Project System\Capstone_MateryalPH\packages\api-contract\generated\typescript\src\models\AccountCodeConfirmation.ts
[main] [34mINFO [0;39m o.o.codegen.TemplateManager - skipping unchanged file C:\Users\RJ\Downloads\Capstone Project System\Capstone_MateryalPH\packages\api-contract\generated\typescript\docs\AccountCodeConfirmation.md
[main] [34mINFO [0;39m o.o.codegen.TemplateManager - writing file C:\Users\RJ\Downloads\Capstone Project System\Capstone_MateryalPH\packages\api-contract\generated\typescript\src\models\AccountDelegation.ts
[main] [34mINFO [0;39m o.o.codegen.TemplateManager - skipping unchanged file C:\Users\RJ\Downloads\Capstone Project System\Capstone_MateryalPH\packages\api-contract\generated\typescript\docs\AccountDelegation.md
[main] [34mINFO [0;39m o.o.codegen.TemplateManager - writing file C:\Users\RJ\Downloads\Capstone Project System\Capstone_MateryalPH\packages\api-contract\generated\typescript\src\models\AccountEmailChange.ts
[main] [34mINFO [0;39m o.o.codegen.TemplateManager - skipping unchanged file C:\Users\RJ\Downloads\Capstone Project System\Capstone_MateryalPH\packages\api-contract\generated\typescript\docs\AccountEmailChange.md
[main] [34mINFO [0;39m o.o.codegen.TemplateManager - writing file C:\Users\RJ\Downloads\Capstone Project System\Capstone_MateryalPH\packages\api-contract\generated\typescript\src\models\AccountFactorEnrollment.ts
[main] [34mINFO [0;39m o.o.codegen.TemplateManager - skipping unchanged file C:\Users\RJ\Downloads\Capstone Project System\Capstone_MateryalPH\packages\api-contract\generated\typescript\docs\AccountFactorEnrollment.md
[main] [34mINFO [0;39m o.o.codegen.TemplateManager - writing file C:\Users\RJ\Downloads\Capstone Project System\Capstone_MateryalPH\packages\api-contract\generated\typescript\src\models\AccountFactorEnrollmentEnvelope.ts
[main] [34mINFO [0;39m o.o.codegen.TemplateManager - skipping unchanged file C:\Users\RJ\Downloads\Capstone Project System\Capstone_MateryalPH\packages\api-contract\generated\typescript\docs\AccountFactorEnrollmentEnvelope.md
[main] [34mINFO [0;39m o.o.codegen.TemplateManager - writing file C:\Users\RJ\Downloads\Capstone Project System\Capstone_MateryalPH\packages\api-contract\generated\typescript\src\models\AccountMembership.ts
[main] [34mINFO [0;39m o.o.codegen.TemplateManager - skipping unchanged file C:\Users\RJ\Downloads\Capstone Project System\Capstone_MateryalPH\packages\api-contract\generated\typescript\docs\AccountMembership.md
[main] [34mINFO [0;39m o.o.codegen.TemplateManager - writing file C:\Users\RJ\Downloads\Capstone Project System\Capstone_MateryalPH\packages\api-contract\generated\typescript\src\models\AccountMembershipListEnvelope.ts
[main] [34mINFO [0;39m o.o.codegen.TemplateManager - skipping unchanged file C:\Users\RJ\Downloads\Capstone Project System\Capstone_MateryalPH\packages\api-contract\generated\typescript\docs\AccountMembershipListEnvelope.md
[main] [34mINFO [0;39m o.o.codegen.TemplateManager - writing file C:\Users\RJ\Downloads\Capstone Project System\Capstone_MateryalPH\packages\api-contract\generated\typescript\src\models\AccountMembershipStatus.ts
[main] [34mINFO [0;39m o.o.codegen.TemplateManager - skipping unchanged file C:\Users\RJ\Downloads\Capstone Project System\Capstone_MateryalPH\packages\api-contract\generated\typescript\docs\AccountMembershipStatus.md
[main] [34mINFO [0;39m o.o.codegen.TemplateManager - writing file C:\Users\RJ\Downloads\Capstone Project System\Capstone_MateryalPH\packages\api-contract\generated\typescript\src\models\AccountMutationResult.ts
[main] [34mINFO [0;39m o.o.codegen.TemplateManager - skipping unchanged file C:\Users\RJ\Downloads\Capstone Project System\Capstone_MateryalPH\packages\api-contract\generated\typescript\docs\AccountMutationResult.md
[main] [34mINFO [0;39m o.o.codegen.TemplateManager - writing file C:\Users\RJ\Downloads\Capstone Project System\Capstone_MateryalPH\packages\api-contract\generated\typescript\src\models\AccountMutationResultEnvelope.ts
[main] [34mINFO [0;39m o.o.codegen.TemplateManager - skipping unchanged file C:\Users\RJ\Downloads\Capstone Project System\Capstone_MateryalPH\packages\api-contract\generated\typescript\docs\AccountMutationResultEnvelope.md
[main] [34mINFO [0;39m o.o.codegen.TemplateManager - writing file C:\Users\RJ\Downloads\Capstone Project System\Capstone_MateryalPH\packages\api-contract\generated\typescript\src\models\AccountPasswordChange.ts
[main] [34mINFO [0;39m o.o.codegen.TemplateManager - skipping unchanged file C:\Users\RJ\Downloads\Capstone Project System\Capstone_MateryalPH\packages\api-contract\generated\typescript\docs\AccountPasswordChange.md
[main] [34mINFO [0;39m o.o.codegen.TemplateManager - writing file C:\Users\RJ\Downloads\Capstone Project System\Capstone_MateryalPH\packages\api-contract\generated\typescript\src\models\AccountPendingChange.ts
[main] [34mINFO [0;39m o.o.codegen.TemplateManager - skipping unchanged file C:\Users\RJ\Downloads\Capstone Project System\Capstone_MateryalPH\packages\api-contract\generated\typescript\docs\AccountPendingChange.md
[main] [34mINFO [0;39m o.o.codegen.TemplateManager - writing file C:\Users\RJ\Downloads\Capstone Project System\Capstone_MateryalPH\packages\api-contract\generated\typescript\src\models\AccountPendingChangeEnvelope.ts
[main] [34mINFO [0;39m o.o.codegen.TemplateManager - skipping unchanged file C:\Users\RJ\Downloads\Capstone Project System\Capstone_MateryalPH\packages\api-contract\generated\typescript\docs\AccountPendingChangeEnvelope.md
[main] [34mINFO [0;39m o.o.codegen.TemplateManager - writing file C:\Users\RJ\Downloads\Capstone Project System\Capstone_MateryalPH\packages\api-contract\generated\typescript\src\models\AccountProfile.ts
[main] [34mINFO [0;39m o.o.codegen.TemplateManager - skipping unchanged file C:\Users\RJ\Downloads\Capstone Project System\Capstone_MateryalPH\packages\api-contract\generated\typescript\docs\AccountProfile.md
[main] [34mINFO [0;39m o.o.codegen.TemplateManager - writing file C:\Users\RJ\Downloads\Capstone Project System\Capstone_MateryalPH\packages\api-contract\generated\typescript\src\models\AccountProfileEnvelope.ts
[main] [34mINFO [0;39m o.o.codegen.TemplateManager - skipping unchanged file C:\Users\RJ\Downloads\Capstone Project System\Capstone_MateryalPH\packages\api-contract\generated\typescript\docs\AccountProfileEnvelope.md
[main] [34mINFO [0;39m o.o.codegen.TemplateManager - writing file C:\Users\RJ\Downloads\Capstone Project System\Capstone_MateryalPH\packages\api-contract\generated\typescript\src\models\AccountProfileUpdate.ts
[main] [34mINFO [0;39m o.o.codegen.TemplateManager - skipping unchanged file C:\Users\RJ\Downloads\Capstone Project System\Capstone_MateryalPH\packages\api-contract\generated\typescript\docs\AccountProfileUpdate.md
[main] [34mINFO [0;39m o.o.codegen.TemplateManager - writing file C:\Users\RJ\Downloads\Capstone Project System\Capstone_MateryalPH\packages\api-contract\generated\typescript\src\models\AccountReauthentication.ts
[main] [34mINFO [0;39m o.o.codegen.TemplateManager - skipping unchanged file C:\Users\RJ\Downloads\Capstone Project System\Capstone_MateryalPH\packages\api-contract\generated\typescript\docs\AccountReauthentication.md
[main] [34mINFO [0;39m o.o.codegen.TemplateManager - writing file C:\Users\RJ\Downloads\Capstone Project System\Capstone_MateryalPH\packages\api-contract\generated\typescript\src\models\AccountRecoveryCodes.ts
[main] [34mINFO [0;39m o.o.codegen.TemplateManager - skipping unchanged file C:\Users\RJ\Downloads\Capstone Project System\Capstone_MateryalPH\packages\api-contract\generated\typescript\docs\AccountRecoveryCodes.md
[main] [34mINFO [0;39m o.o.codegen.TemplateManager - writing file C:\Users\RJ\Downloads\Capstone Project System\Capstone_MateryalPH\packages\api-contract\generated\typescript\src\models\AccountRecoveryCodesEnvelope.ts
[main] [34mINFO [0;39m o.o.codegen.TemplateManager - skipping unchanged file C:\Users\RJ\Downloads\Capstone Project System\Capstone_MateryalPH\packages\api-contract\generated\typescript\docs\AccountRecoveryCodesEnvelope.md
[main] [34mINFO [0;39m o.o.codegen.TemplateManager - writing file C:\Users\RJ\Downloads\Capstone Project System\Capstone_MateryalPH\packages\api-contract\generated\typescript\src\models\AccountRole.ts
[main] [34mINFO [0;39m o.o.codegen.TemplateManager - skipping unchanged file C:\Users\RJ\Downloads\Capstone Project System\Capstone_MateryalPH\packages\api-contract\generated\typescript\docs\AccountRole.md
[main] [34mINFO [0;39m o.o.codegen.TemplateManager - writing file C:\Users\RJ\Downloads\Capstone Project System\Capstone_MateryalPH\packages\api-contract\generated\typescript\src\models\AccountRoleListEnvelope.ts
[main] [34mINFO [0;39m o.o.codegen.TemplateManager - skipping unchanged file C:\Users\RJ\Downloads\Capstone Project System\Capstone_MateryalPH\packages\api-contract\generated\typescript\docs\AccountRoleListEnvelope.md
[main] [34mINFO [0;39m o.o.codegen.TemplateManager - writing file C:\Users\RJ\Downloads\Capstone Project System\Capstone_MateryalPH\packages\api-contract\generated\typescript\src\models\AccountSecurity.ts
[main] [34mINFO [0;39m o.o.codegen.TemplateManager - skipping unchanged file C:\Users\RJ\Downloads\Capstone Project System\Capstone_MateryalPH\packages\api-contract\generated\typescript\docs\AccountSecurity.md
[main] [34mINFO [0;39m o.o.codegen.TemplateManager - writing file C:\Users\RJ\Downloads\Capstone Project System\Capstone_MateryalPH\packages\api-contract\generated\typescript\src\models\AccountSecurityEnvelope.ts
[main] [34mINFO [0;39m o.o.codegen.TemplateManager - skipping unchanged file C:\Users\RJ\Downloads\Capstone Project System\Capstone_MateryalPH\packages\api-contract\generated\typescript\docs\AccountSecurityEnvelope.md
[main] [34mINFO [0;39m o.o.codegen.TemplateManager - writing file C:\Users\RJ\Downloads\Capstone Project System\Capstone_MateryalPH\packages\api-contract\generated\typescript\src\models\AccountSession.ts
[main] [34mINFO [0;39m o.o.codegen.TemplateManager - skipping unchanged file C:\Users\RJ\Downloads\Capstone Project System\Capstone_MateryalPH\packages\api-contract\generated\typescript\docs\AccountSession.md
[main] [34mINFO [0;39m o.o.codegen.TemplateManager - writing file C:\Users\RJ\Downloads\Capstone Project System\Capstone_MateryalPH\packages\api-contract\generated\typescript\src\models\AccountSessionListEnvelope.ts
[main] [34mINFO [0;39m o.o.codegen.TemplateManager - skipping unchanged file C:\Users\RJ\Downloads\Capstone Project System\Capstone_MateryalPH\packages\api-contract\generated\typescript\docs\AccountSessionListEnvelope.md
[main] [34mINFO [0;39m o.o.codegen.TemplateManager - writing file C:\Users\RJ\Downloads\Capstone Project System\Capstone_MateryalPH\packages\api-contract\generated\typescript\src\models\AccountSessionRevocation.ts
[main] [34mINFO [0;39m o.o.codegen.TemplateManager - skipping unchanged file C:\Users\RJ\Downloads\Capstone Project System\Capstone_MateryalPH\packages\api-contract\generated\typescript\docs\AccountSessionRevocation.md
[main] [34mINFO [0;39m o.o.codegen.TemplateManager - writing file C:\Users\RJ\Downloads\Capstone Project System\Capstone_MateryalPH\packages\api-contract\generated\typescript\src\models\AccountType.ts
[main] [34mINFO [0;39m o.o.codegen.TemplateManager - skipping unchanged file C:\Users\RJ\Downloads\Capstone Project System\Capstone_MateryalPH\packages\api-contract\generated\typescript\docs\AccountType.md
[main] [34mINFO [0;39m o.o.codegen.TemplateManager - writing file C:\Users\RJ\Downloads\Capstone Project System\Capstone_MateryalPH\packages\api-contract\generated\typescript\src\models\AddressComponents.ts
[main] [34mINFO [0;39m o.o.codegen.TemplateManager - skipping unchanged file C:\Users\RJ\Downloads\Capstone Project System\Capstone_MateryalPH\packages\api-contract\generated\typescript\docs\AddressComponents.md
[main] [34mINFO [0;39m o.o.codegen.TemplateManager - writing file C:\Users\RJ\Downloads\Capstone Project System\Capstone_MateryalPH\packages\api-contract\generated\typescript\src\models\AdminDashboardAuditEnvelope.ts
[main] [34mINFO [0;39m o.o.codegen.TemplateManager - skipping unchanged file C:\Users\RJ\Downloads\Capstone Project System\Capstone_MateryalPH\packages\api-contract\generated\typescript\docs\AdminDashboardAuditEnvelope.md
[main] [34mINFO [0;39m o.o.codegen.TemplateManager - writing file C:\Users\RJ\Downloads\Capstone Project System\Capstone_MateryalPH\packages\api-contract\generated\typescript\src\models\AdminDashboardEnvelope.ts
[main] [34mINFO [0;39m o.o.codegen.TemplateManager - skipping unchanged file C:\Users\RJ\Downloads\Capstone Project System\Capstone_MateryalPH\packages\api-contract\generated\typescript\docs\AdminDashboardEnvelope.md
[main] [34mINFO [0;39m o.o.codegen.TemplateManager - writing file C:\Users\RJ\Downloads\Capstone Project System\Capstone_MateryalPH\packages\api-contract\generated\typescript\src\models\AdminDashboardSummary.ts
[main] [34mINFO [0;39m o.o.codegen.TemplateManager - skipping unchanged file C:\Users\RJ\Downloads\Capstone Project System\Capstone_MateryalPH\packages\api-contract\generated\typescript\docs\AdminDashboardSummary.md
[main] [34mINFO [0;39m o.o.codegen.TemplateManager - writing file C:\Users\RJ\Downloads\Capstone Project System\Capstone_MateryalPH\packages\api-contract\generated\typescript\src\models\AdminInvitationRequest.ts
[main] [34mINFO [0;39m o.o.codegen.TemplateManager - skipping unchanged file C:\Users\RJ\Downloads\Capstone Project System\Capstone_MateryalPH\packages\api-contract\generated\typescript\docs\AdminInvitationRequest.md
[main] [34mINFO [0;39m o.o.codegen.TemplateManager - writing file C:\Users\RJ\Downloads\Capstone Project System\Capstone_MateryalPH\packages\api-contract\generated\typescript\src\models\AdminVendorVerificationDecision.ts
[main] [34mINFO [0;39m o.o.codegen.TemplateManager - skipping unchanged file C:\Users\RJ\Downloads\Capstone Project System\Capstone_MateryalPH\packages\api-contract\generated\typescript\docs\AdminVendorVerificationDecision.md
[main] [34mINFO [0;39m o.o.codegen.TemplateManager - writing file C:\Users\RJ\Downloads\Capstone Project System\Capstone_MateryalPH\packages\api-contract\generated\typescript\src\models\AdminVendorVerificationDetailEnvelope.ts
[main] [34mINFO [0;39m o.o.codegen.TemplateManager - skipping unchanged file C:\Users\RJ\Downloads\Capstone Project System\Capstone_MateryalPH\packages\api-contract\generated\typescript\docs\AdminVendorVerificationDetailEnvelope.md
[main] [34mINFO [0;39m o.o.codegen.TemplateManager - writing file C:\Users\RJ\Downloads\Capstone Project System\Capstone_MateryalPH\packages\api-contract\generated\typescript\src\models\AdminVendorVerificationQueueEnvelope.ts
[main] [34mINFO [0;39m o.o.codegen.TemplateManager - skipping unchanged file C:\Users\RJ\Downloads\Capstone Project System\Capstone_MateryalPH\packages\api-contract\generated\typescript\docs\AdminVendorVerificationQueueEnvelope.md
[main] [34mINFO [0;39m o.o.codegen.TemplateManager - writing file C:\Users\RJ\Downloads\Capstone Project System\Capstone_MateryalPH\packages\api-contract\generated\typescript\src\models\AdminVendorVerificationQueueItem.ts
[main] [34mINFO [0;39m o.o.codegen.TemplateManager - skipping unchanged file C:\Users\RJ\Downloads\Capstone Project System\Capstone_MateryalPH\packages\api-contract\generated\typescript\docs\AdminVendorVerificationQueueItem.md
[main] [34mINFO [0;39m o.o.codegen.TemplateManager - writing file C:\Users\RJ\Downloads\Capstone Project System\Capstone_MateryalPH\packages\api-contract\generated\typescript\src\models\Agreement.ts
[main] [34mINFO [0;39m o.o.codegen.TemplateManager - skipping unchanged file C:\Users\RJ\Downloads\Capstone Project System\Capstone_MateryalPH\packages\api-contract\generated\typescript\docs\Agreement.md
[main] [34mINFO [0;39m o.o.codegen.TemplateManager - writing file C:\Users\RJ\Downloads\Capstone Project System\Capstone_MateryalPH\packages\api-contract\generated\typescript\src\models\AgreementListEnvelope.ts
[main] [34mINFO [0;39m o.o.codegen.TemplateManager - skipping unchanged file C:\Users\RJ\Downloads\Capstone Project System\Capstone_MateryalPH\packages\api-contract\generated\typescript\docs\AgreementListEnvelope.md
[main] [34mINFO [0;39m o.o.codegen.TemplateManager - writing file C:\Users\RJ\Downloads\Capstone Project System\Capstone_MateryalPH\packages\api-contract\generated\typescript\src\models\ApiError.ts
[main] [34mINFO [0;39m o.o.codegen.TemplateManager - skipping unchanged file C:\Users\RJ\Downloads\Capstone Project System\Capstone_MateryalPH\packages\api-contract\generated\typescript\docs\ApiError.md
[main] [34mINFO [0;39m o.o.codegen.TemplateManager - writing file C:\Users\RJ\Downloads\Capstone Project System\Capstone_MateryalPH\packages\api-contract\generated\typescript\src\models\AuthEnvelope.ts
[main] [34mINFO [0;39m o.o.codegen.TemplateManager - skipping unchanged file C:\Users\RJ\Downloads\Capstone Project System\Capstone_MateryalPH\packages\api-contract\generated\typescript\docs\AuthEnvelope.md
[main] [34mINFO [0;39m o.o.codegen.TemplateManager - writing file C:\Users\RJ\Downloads\Capstone Project System\Capstone_MateryalPH\packages\api-contract\generated\typescript\src\models\AuthEnvelopeAllOfData.ts
[main] [34mINFO [0;39m o.o.codegen.TemplateManager - skipping unchanged file C:\Users\RJ\Downloads\Capstone Project System\Capstone_MateryalPH\packages\api-contract\generated\typescript\docs\AuthEnvelopeAllOfData.md
[main] [34mINFO [0;39m o.o.codegen.TemplateManager - writing file C:\Users\RJ\Downloads\Capstone Project System\Capstone_MateryalPH\packages\api-contract\generated\typescript\src\models\AutoAcceptAllotmentUpdate.ts
[main] [34mINFO [0;39m o.o.codegen.TemplateManager - skipping unchanged file C:\Users\RJ\Downloads\Capstone Project System\Capstone_MateryalPH\packages\api-contract\generated\typescript\docs\AutoAcceptAllotmentUpdate.md
[main] [34mINFO [0;39m o.o.codegen.TemplateManager - writing file C:\Users\RJ\Downloads\Capstone Project System\Capstone_MateryalPH\packages\api-contract\generated\typescript\src\models\AutoAcceptOutcome.ts
[main] [34mINFO [0;39m o.o.codegen.TemplateManager - skipping unchanged file C:\Users\RJ\Downloads\Capstone Project System\Capstone_MateryalPH\packages\api-contract\generated\typescript\docs\AutoAcceptOutcome.md
[main] [34mINFO [0;39m o.o.codegen.TemplateManager - writing file C:\Users\RJ\Downloads\Capstone Project System\Capstone_MateryalPH\packages\api-contract\generated\typescript\src\models\AutoAcceptPause.ts
[main] [34mINFO [0;39m o.o.codegen.TemplateManager - skipping unchanged file C:\Users\RJ\Downloads\Capstone Project System\Capstone_MateryalPH\packages\api-contract\generated\typescript\docs\AutoAcceptPause.md
[main] [34mINFO [0;39m o.o.codegen.TemplateManager - writing file C:\Users\RJ\Downloads\Capstone Project System\Capstone_MateryalPH\packages\api-contract\generated\typescript\src\models\AutoAcceptPolicy.ts
[main] [34mINFO [0;39m o.o.codegen.TemplateManager - skipping unchanged file C:\Users\RJ\Downloads\Capstone Project System\Capstone_MateryalPH\packages\api-contract\generated\typescript\docs\AutoAcceptPolicy.md
[main] [34mINFO [0;39m o.o.codegen.TemplateManager - writing file C:\Users\RJ\Downloads\Capstone Project System\Capstone_MateryalPH\packages\api-contract\generated\typescript\src\models\AutoAcceptPolicyConfigure.ts
[main] [34mINFO [0;39m o.o.codegen.TemplateManager - skipping unchanged file C:\Users\RJ\Downloads\Capstone Project System\Capstone_MateryalPH\packages\api-contract\generated\typescript\docs\AutoAcceptPolicyConfigure.md
[main] [34mINFO [0;39m o.o.codegen.TemplateManager - writing file C:\Users\RJ\Downloads\Capstone Project System\Capstone_MateryalPH\packages\api-contract\generated\typescript\src\models\AutoAcceptPolicyDetail.ts
[main] [34mINFO [0;39m o.o.codegen.TemplateManager - skipping unchanged file C:\Users\RJ\Downloads\Capstone Project System\Capstone_MateryalPH\packages\api-contract\generated\typescript\docs\AutoAcceptPolicyDetail.md
[main] [34mINFO [0;39m o.o.codegen.TemplateManager - writing file C:\Users\RJ\Downloads\Capstone Project System\Capstone_MateryalPH\packages\api-contract\generated\typescript\src\models\AutoAcceptPolicyDetailEnvelope.ts
[main] [34mINFO [0;39m o.o.codegen.TemplateManager - skipping unchanged file C:\Users\RJ\Downloads\Capstone Project System\Capstone_MateryalPH\packages\api-contract\generated\typescript\docs\AutoAcceptPolicyDetailEnvelope.md
[main] [34mINFO [0;39m o.o.codegen.TemplateManager - writing file C:\Users\RJ\Downloads\Capstone Project System\Capstone_MateryalPH\packages\api-contract\generated\typescript\src\models\AutoAcceptPolicyDetailPermissions.ts
[main] [34mINFO [0;39m o.o.codegen.TemplateManager - skipping unchanged file C:\Users\RJ\Downloads\Capstone Project System\Capstone_MateryalPH\packages\api-contract\generated\typescript\docs\AutoAcceptPolicyDetailPermissions.md
[main] [34mINFO [0;39m o.o.codegen.TemplateManager - writing file C:\Users\RJ\Downloads\Capstone Project System\Capstone_MateryalPH\packages\api-contract\generated\typescript\src\models\AutoAcceptPolicyDetailScope.ts
[main] [34mINFO [0;39m o.o.codegen.TemplateManager - skipping unchanged file C:\Users\RJ\Downloads\Capstone Project System\Capstone_MateryalPH\packages\api-contract\generated\typescript\docs\AutoAcceptPolicyDetailScope.md
[main] [34mINFO [0;39m o.o.codegen.TemplateManager - writing file C:\Users\RJ\Downloads\Capstone Project System\Capstone_MateryalPH\packages\api-contract\generated\typescript\src\models\AutoAcceptPolicyDetailStock.ts
[main] [34mINFO [0;39m o.o.codegen.TemplateManager - skipping unchanged file C:\Users\RJ\Downloads\Capstone Project System\Capstone_MateryalPH\packages\api-contract\generated\typescript\docs\AutoAcceptPolicyDetailStock.md
[main] [34mINFO [0;39m o.o.codegen.TemplateManager - writing file C:\Users\RJ\Downloads\Capstone Project System\Capstone_MateryalPH\packages\api-contract\generated\typescript\src\models\AutoAcceptPolicyVersion.ts
[main] [34mINFO [0;39m o.o.codegen.TemplateManager - skipping unchanged file C:\Users\RJ\Downloads\Capstone Project System\Capstone_MateryalPH\packages\api-contract\generated\typescript\docs\AutoAcceptPolicyVersion.md
[main] [34mINFO [0;39m o.o.codegen.TemplateManager - writing file C:\Users\RJ\Downloads\Capstone Project System\Capstone_MateryalPH\packages\api-contract\generated\typescript\src\models\AutoAcceptReason.ts
[main] [34mINFO [0;39m o.o.codegen.TemplateManager - skipping unchanged file C:\Users\RJ\Downloads\Capstone Project System\Capstone_MateryalPH\packages\api-contract\generated\typescript\docs\AutoAcceptReason.md
[main] [34mINFO [0;39m o.o.codegen.TemplateManager - writing file C:\Users\RJ\Downloads\Capstone Project System\Capstone_MateryalPH\packages\api-contract\generated\typescript\src\models\AutoAcceptResume.ts
[main] [34mINFO [0;39m o.o.codegen.TemplateManager - skipping unchanged file C:\Users\RJ\Downloads\Capstone Project System\Capstone_MateryalPH\packages\api-contract\generated\typescript\docs\AutoAcceptResume.md
[main] [34mINFO [0;39m o.o.codegen.TemplateManager - writing file C:\Users\RJ\Downloads\Capstone Project System\Capstone_MateryalPH\packages\api-contract\generated\typescript\src\models\AutoAcceptStatus.ts
[main] [34mINFO [0;39m o.o.codegen.TemplateManager - skipping unchanged file C:\Users\RJ\Downloads\Capstone Project System\Capstone_MateryalPH\packages\api-contract\generated\typescript\docs\AutoAcceptStatus.md
[main] [34mINFO [0;39m o.o.codegen.TemplateManager - writing file C:\Users\RJ\Downloads\Capstone Project System\Capstone_MateryalPH\packages\api-contract\generated\typescript\src\models\BotProofEnvelope.ts
[main] [34mINFO [0;39m o.o.codegen.TemplateManager - skipping unchanged file C:\Users\RJ\Downloads\Capstone Project System\Capstone_MateryalPH\packages\api-contract\generated\typescript\docs\BotProofEnvelope.md
[main] [34mINFO [0;39m o.o.codegen.TemplateManager - writing file C:\Users\RJ\Downloads\Capstone Project System\Capstone_MateryalPH\packages\api-contract\generated\typescript\src\models\BotProofEnvelopeAllOfData.ts
[main] [34mINFO [0;39m o.o.codegen.TemplateManager - skipping unchanged file C:\Users\RJ\Downloads\Capstone Project System\Capstone_MateryalPH\packages\api-contract\generated\typescript\docs\BotProofEnvelopeAllOfData.md
[main] [34mINFO [0;39m o.o.codegen.TemplateManager - writing file C:\Users\RJ\Downloads\Capstone Project System\Capstone_MateryalPH\packages\api-contract\generated\typescript\src\models\BotStepUpErrorEnvelope.ts
[main] [34mINFO [0;39m o.o.codegen.TemplateManager - skipping unchanged file C:\Users\RJ\Downloads\Capstone Project System\Capstone_MateryalPH\packages\api-contract\generated\typescript\docs\BotStepUpErrorEnvelope.md
[main] [34mINFO [0;39m o.o.codegen.TemplateManager - writing file C:\Users\RJ\Downloads\Capstone Project System\Capstone_MateryalPH\packages\api-contract\generated\typescript\src\models\BotStepUpErrorEnvelopeAllOfErrors.ts
[main] [34mINFO [0;39m o.o.codegen.TemplateManager - skipping unchanged file C:\Users\RJ\Downloads\Capstone Project System\Capstone_MateryalPH\packages\api-contract\generated\typescript\docs\BotStepUpErrorEnvelopeAllOfErrors.md
[main] [34mINFO [0;39m o.o.codegen.TemplateManager - writing file C:\Users\RJ\Downloads\Capstone Project System\Capstone_MateryalPH\packages\api-contract\generated\typescript\src\models\BotStepUpErrorEnvelopeAllOfErrorsAllOfDetails.ts
[main] [34mINFO [0;39m o.o.codegen.TemplateManager - skipping unchanged file C:\Users\RJ\Downloads\Capstone Project System\Capstone_MateryalPH\packages\api-contract\generated\typescript\docs\BotStepUpErrorEnvelopeAllOfErrorsAllOfDetails.md
[main] [34mINFO [0;39m o.o.codegen.TemplateManager - writing file C:\Users\RJ\Downloads\Capstone Project System\Capstone_MateryalPH\packages\api-contract\generated\typescript\src\models\BuyerIndustryClassification.ts
[main] [34mINFO [0;39m o.o.codegen.TemplateManager - skipping unchanged file C:\Users\RJ\Downloads\Capstone Project System\Capstone_MateryalPH\packages\api-contract\generated\typescript\docs\BuyerIndustryClassification.md
[main] [34mINFO [0;39m o.o.codegen.TemplateManager - writing file C:\Users\RJ\Downloads\Capstone Project System\Capstone_MateryalPH\packages\api-contract\generated\typescript\src\models\BuyerLocation.ts
[main] [34mINFO [0;39m o.o.codegen.TemplateManager - skipping unchanged file C:\Users\RJ\Downloads\Capstone Project System\Capstone_MateryalPH\packages\api-contract\generated\typescript\docs\BuyerLocation.md
[main] [34mINFO [0;39m o.o.codegen.TemplateManager - writing file C:\Users\RJ\Downloads\Capstone Project System\Capstone_MateryalPH\packages\api-contract\generated\typescript\src\models\BuyerLocationCreate.ts
[main] [34mINFO [0;39m o.o.codegen.TemplateManager - skipping unchanged file C:\Users\RJ\Downloads\Capstone Project System\Capstone_MateryalPH\packages\api-contract\generated\typescript\docs\BuyerLocationCreate.md
[main] [34mINFO [0;39m o.o.codegen.TemplateManager - writing file C:\Users\RJ\Downloads\Capstone Project System\Capstone_MateryalPH\packages\api-contract\generated\typescript\src\models\BuyerLocationEnvelope.ts
[main] [34mINFO [0;39m o.o.codegen.TemplateManager - skipping unchanged file C:\Users\RJ\Downloads\Capstone Project System\Capstone_MateryalPH\packages\api-contract\generated\typescript\docs\BuyerLocationEnvelope.md
[main] [34mINFO [0;39m o.o.codegen.TemplateManager - writing file C:\Users\RJ\Downloads\Capstone Project System\Capstone_MateryalPH\packages\api-contract\generated\typescript\src\models\BuyerLocationKind.ts
[main] [34mINFO [0;39m o.o.codegen.TemplateManager - skipping unchanged file C:\Users\RJ\Downloads\Capstone Project System\Capstone_MateryalPH\packages\api-contract\generated\typescript\docs\BuyerLocationKind.md
[main] [34mINFO [0;39m o.o.codegen.TemplateManager - writing file C:\Users\RJ\Downloads\Capstone Project System\Capstone_MateryalPH\packages\api-contract\generated\typescript\src\models\BuyerLocationListEnvelope.ts
[main] [34mINFO [0;39m o.o.codegen.TemplateManager - skipping unchanged file C:\Users\RJ\Downloads\Capstone Project System\Capstone_MateryalPH\packages\api-contract\generated\typescript\docs\BuyerLocationListEnvelope.md
[main] [34mINFO [0;39m o.o.codegen.TemplateManager - writing file C:\Users\RJ\Downloads\Capstone Project System\Capstone_MateryalPH\packages\api-contract\generated\typescript\src\models\BuyerLocationPreview.ts
[main] [34mINFO [0;39m o.o.codegen.TemplateManager - skipping unchanged file C:\Users\RJ\Downloads\Capstone Project System\Capstone_MateryalPH\packages\api-contract\generated\typescript\docs\BuyerLocationPreview.md
[main] [34mINFO [0;39m o.o.codegen.TemplateManager - writing file C:\Users\RJ\Downloads\Capstone Project System\Capstone_MateryalPH\packages\api-contract\generated\typescript\src\models\BuyerLocationPreviewEnvelope.ts
[main] [34mINFO [0;39m o.o.codegen.TemplateManager - skipping unchanged file C:\Users\RJ\Downloads\Capstone Project System\Capstone_MateryalPH\packages\api-contract\generated\typescript\docs\BuyerLocationPreviewEnvelope.md
[main] [34mINFO [0;39m o.o.codegen.TemplateManager - writing file C:\Users\RJ\Downloads\Capstone Project System\Capstone_MateryalPH\packages\api-contract\generated\typescript\src\models\BuyerLocationRemoved.ts
[main] [34mINFO [0;39m o.o.codegen.TemplateManager - skipping unchanged file C:\Users\RJ\Downloads\Capstone Project System\Capstone_MateryalPH\packages\api-contract\generated\typescript\docs\BuyerLocationRemoved.md
[main] [34mINFO [0;39m o.o.codegen.TemplateManager - writing file C:\Users\RJ\Downloads\Capstone Project System\Capstone_MateryalPH\packages\api-contract\generated\typescript\src\models\BuyerLocationRemovedEnvelope.ts
[main] [34mINFO [0;39m o.o.codegen.TemplateManager - skipping unchanged file C:\Users\RJ\Downloads\Capstone Project System\Capstone_MateryalPH\packages\api-contract\generated\typescript\docs\BuyerLocationRemovedEnvelope.md
[main] [34mINFO [0;39m o.o.codegen.TemplateManager - writing file C:\Users\RJ\Downloads\Capstone Project System\Capstone_MateryalPH\packages\api-contract\generated\typescript\src\models\BuyerLocationResolveRequest.ts
[main] [34mINFO [0;39m o.o.codegen.TemplateManager - skipping unchanged file C:\Users\RJ\Downloads\Capstone Project System\Capstone_MateryalPH\packages\api-contract\generated\typescript\docs\BuyerLocationResolveRequest.md
[main] [34mINFO [0;39m o.o.codegen.TemplateManager - writing file C:\Users\RJ\Downloads\Capstone Project System\Capstone_MateryalPH\packages\api-contract\generated\typescript\src\models\BuyerLocationUpdate.ts
[main] [34mINFO [0;39m o.o.codegen.TemplateManager - skipping unchanged file C:\Users\RJ\Downloads\Capstone Project System\Capstone_MateryalPH\packages\api-contract\generated\typescript\docs\BuyerLocationUpdate.md
[main] [34mINFO [0;39m o.o.codegen.TemplateManager - writing file C:\Users\RJ\Downloads\Capstone Project System\Capstone_MateryalPH\packages\api-contract\generated\typescript\src\models\BuyerMobileGoogleOidcStartRequest.ts
[main] [34mINFO [0;39m o.o.codegen.TemplateManager - skipping unchanged file C:\Users\RJ\Downloads\Capstone Project System\Capstone_MateryalPH\packages\api-contract\generated\typescript\docs\BuyerMobileGoogleOidcStartRequest.md
[main] [34mINFO [0;39m o.o.codegen.TemplateManager - writing file C:\Users\RJ\Downloads\Capstone Project System\Capstone_MateryalPH\packages\api-contract\generated\typescript\src\models\BuyerMobileLoginRequest.ts
[main] [34mINFO [0;39m o.o.codegen.TemplateManager - skipping unchanged file C:\Users\RJ\Downloads\Capstone Project System\Capstone_MateryalPH\packages\api-contract\generated\typescript\docs\BuyerMobileLoginRequest.md
[main] [34mINFO [0;39m o.o.codegen.TemplateManager - writing file C:\Users\RJ\Downloads\Capstone Project System\Capstone_MateryalPH\packages\api-contract\generated\typescript\src\models\BuyerMobilePasswordRecoveryRequest.ts
[main] [34mINFO [0;39m o.o.codegen.TemplateManager - skipping unchanged file C:\Users\RJ\Downloads\Capstone Project System\Capstone_MateryalPH\packages\api-contract\generated\typescript\docs\BuyerMobilePasswordRecoveryRequest.md
[main] [34mINFO [0;39m o.o.codegen.TemplateManager - writing file C:\Users\RJ\Downloads\Capstone Project System\Capstone_MateryalPH\packages\api-contract\generated\typescript\src\models\BuyerMobileRefreshRequest.ts
[main] [34mINFO [0;39m o.o.codegen.TemplateManager - skipping unchanged file C:\Users\RJ\Downloads\Capstone Project System\Capstone_MateryalPH\packages\api-contract\generated\typescript\docs\BuyerMobileRefreshRequest.md
[main] [34mINFO [0;39m o.o.codegen.TemplateManager - writing file C:\Users\RJ\Downloads\Capstone Project System\Capstone_MateryalPH\packages\api-contract\generated\typescript\src\models\BuyerMobileRegisterRequest.ts
[main] [34mINFO [0;39m o.o.codegen.TemplateManager - skipping unchanged file C:\Users\RJ\Downloads\Capstone Project System\Capstone_MateryalPH\packages\api-contract\generated\typescript\docs\BuyerMobileRegisterRequest.md
[main] [34mINFO [0;39m o.o.codegen.TemplateManager - writing file C:\Users\RJ\Downloads\Capstone Project System\Capstone_MateryalPH\packages\api-contract\generated\typescript\src\models\BuyerOnboarding.ts
[main] [34mINFO [0;39m o.o.codegen.TemplateManager - skipping unchanged file C:\Users\RJ\Downloads\Capstone Project System\Capstone_MateryalPH\packages\api-contract\generated\typescript\docs\BuyerOnboarding.md
[main] [34mINFO [0;39m o.o.codegen.TemplateManager - writing file C:\Users\RJ\Downloads\Capstone Project System\Capstone_MateryalPH\packages\api-contract\generated\typescript\src\models\BuyerOnboardingEnvelope.ts
[main] [34mINFO [0;39m o.o.codegen.TemplateManager - skipping unchanged file C:\Users\RJ\Downloads\Capstone Project System\Capstone_MateryalPH\packages\api-contract\generated\typescript\docs\BuyerOnboardingEnvelope.md
[main] [34mINFO [0;39m o.o.codegen.TemplateManager - writing file C:\Users\RJ\Downloads\Capstone Project System\Capstone_MateryalPH\packages\api-contract\generated\typescript\src\models\BuyerOnboardingUpdate.ts
[main] [34mINFO [0;39m o.o.codegen.TemplateManager - skipping unchanged file C:\Users\RJ\Downloads\Capstone Project System\Capstone_MateryalPH\packages\api-contract\generated\typescript\docs\BuyerOnboardingUpdate.md
[main] [34mINFO [0;39m o.o.codegen.TemplateManager - writing file C:\Users\RJ\Downloads\Capstone Project System\Capstone_MateryalPH\packages\api-contract\generated\typescript\src\models\BuyerOriginRequest.ts
[main] [34mINFO [0;39m o.o.codegen.TemplateManager - skipping unchanged file C:\Users\RJ\Downloads\Capstone Project System\Capstone_MateryalPH\packages\api-contract\generated\typescript\docs\BuyerOriginRequest.md
[main] [34mINFO [0;39m o.o.codegen.TemplateManager - writing file C:\Users\RJ\Downloads\Capstone Project System\Capstone_MateryalPH\packages\api-contract\generated\typescript\src\models\Cart.ts
[main] [34mINFO [0;39m o.o.codegen.TemplateManager - skipping unchanged file C:\Users\RJ\Downloads\Capstone Project System\Capstone_MateryalPH\packages\api-contract\generated\typescript\docs\Cart.md
[main] [34mINFO [0;39m o.o.codegen.TemplateManager - writing file C:\Users\RJ\Downloads\Capstone Project System\Capstone_MateryalPH\packages\api-contract\generated\typescript\src\models\CartDestination.ts
[main] [34mINFO [0;39m o.o.codegen.TemplateManager - skipping unchanged file C:\Users\RJ\Downloads\Capstone Project System\Capstone_MateryalPH\packages\api-contract\generated\typescript\docs\CartDestination.md
[main] [34mINFO [0;39m o.o.codegen.TemplateManager - writing file C:\Users\RJ\Downloads\Capstone Project System\Capstone_MateryalPH\packages\api-contract\generated\typescript\src\models\CartDestinationLabels.ts
[main] [34mINFO [0;39m o.o.codegen.TemplateManager - skipping unchanged file C:\Users\RJ\Downloads\Capstone Project System\Capstone_MateryalPH\packages\api-contract\generated\typescript\docs\CartDestinationLabels.md
[main] [34mINFO [0;39m o.o.codegen.TemplateManager - writing file C:\Users\RJ\Downloads\Capstone Project System\Capstone_MateryalPH\packages\api-contract\generated\typescript\src\models\CartDestinationUpdate.ts
[main] [34mINFO [0;39m o.o.codegen.TemplateManager - skipping unchanged file C:\Users\RJ\Downloads\Capstone Project System\Capstone_MateryalPH\packages\api-contract\generated\typescript\docs\CartDestinationUpdate.md
[main] [34mINFO [0;39m o.o.codegen.TemplateManager - writing file C:\Users\RJ\Downloads\Capstone Project System\Capstone_MateryalPH\packages\api-contract\generated\typescript\src\models\CartEnvelope.ts
[main] [34mINFO [0;39m o.o.codegen.TemplateManager - skipping unchanged file C:\Users\RJ\Downloads\Capstone Project System\Capstone_MateryalPH\packages\api-contract\generated\typescript\docs\CartEnvelope.md
[main] [34mINFO [0;39m o.o.codegen.TemplateManager - writing file C:\Users\RJ\Downloads\Capstone Project System\Capstone_MateryalPH\packages\api-contract\generated\typescript\src\models\CartFulfillmentUpdate.ts
[main] [34mINFO [0;39m o.o.codegen.TemplateManager - skipping unchanged file C:\Users\RJ\Downloads\Capstone Project System\Capstone_MateryalPH\packages\api-contract\generated\typescript\docs\CartFulfillmentUpdate.md
[main] [34mINFO [0;39m o.o.codegen.TemplateManager - writing file C:\Users\RJ\Downloads\Capstone Project System\Capstone_MateryalPH\packages\api-contract\generated\typescript\src\models\CartIssue.ts
[main] [34mINFO [0;39m o.o.codegen.TemplateManager - skipping unchanged file C:\Users\RJ\Downloads\Capstone Project System\Capstone_MateryalPH\packages\api-contract\generated\typescript\docs\CartIssue.md
[main] [34mINFO [0;39m o.o.codegen.TemplateManager - writing file C:\Users\RJ\Downloads\Capstone Project System\Capstone_MateryalPH\packages\api-contract\generated\typescript\src\models\CartItemCreate.ts
[main] [34mINFO [0;39m o.o.codegen.TemplateManager - skipping unchanged file C:\Users\RJ\Downloads\Capstone Project System\Capstone_MateryalPH\packages\api-contract\generated\typescript\docs\CartItemCreate.md
[main] [34mINFO [0;39m o.o.codegen.TemplateManager - writing file C:\Users\RJ\Downloads\Capstone Project System\Capstone_MateryalPH\packages\api-contract\generated\typescript\src\models\CartItemUpdate.ts
[main] [34mINFO [0;39m o.o.codegen.TemplateManager - skipping unchanged file C:\Users\RJ\Downloads\Capstone Project System\Capstone_MateryalPH\packages\api-contract\generated\typescript\docs\CartItemUpdate.md
[main] [34mINFO [0;39m o.o.codegen.TemplateManager - writing file C:\Users\RJ\Downloads\Capstone Project System\Capstone_MateryalPH\packages\api-contract\generated\typescript\src\models\CartLine.ts
[main] [34mINFO [0;39m o.o.codegen.TemplateManager - skipping unchanged file C:\Users\RJ\Downloads\Capstone Project System\Capstone_MateryalPH\packages\api-contract\generated\typescript\docs\CartLine.md
[main] [34mINFO [0;39m o.o.codegen.TemplateManager - writing file C:\Users\RJ\Downloads\Capstone Project System\Capstone_MateryalPH\packages\api-contract\generated\typescript\src\models\CartLineCurrent.ts
[main] [34mINFO [0;39m o.o.codegen.TemplateManager - skipping unchanged file C:\Users\RJ\Downloads\Capstone Project System\Capstone_MateryalPH\packages\api-contract\generated\typescript\docs\CartLineCurrent.md
[main] [34mINFO [0;39m o.o.codegen.TemplateManager - writing file C:\Users\RJ\Downloads\Capstone Project System\Capstone_MateryalPH\packages\api-contract\generated\typescript\src\models\CartLineSnapshot.ts
[main] [34mINFO [0;39m o.o.codegen.TemplateManager - skipping unchanged file C:\Users\RJ\Downloads\Capstone Project System\Capstone_MateryalPH\packages\api-contract\generated\typescript\docs\CartLineSnapshot.md
[main] [34mINFO [0;39m o.o.codegen.TemplateManager - writing file C:\Users\RJ\Downloads\Capstone Project System\Capstone_MateryalPH\packages\api-contract\generated\typescript\src\models\CartLocationRef.ts
[main] [34mINFO [0;39m o.o.codegen.TemplateManager - skipping unchanged file C:\Users\RJ\Downloads\Capstone Project System\Capstone_MateryalPH\packages\api-contract\generated\typescript\docs\CartLocationRef.md
[main] [34mINFO [0;39m o.o.codegen.TemplateManager - writing file C:\Users\RJ\Downloads\Capstone Project System\Capstone_MateryalPH\packages\api-contract\generated\typescript\src\models\CartSummary.ts
[main] [34mINFO [0;39m o.o.codegen.TemplateManager - skipping unchanged file C:\Users\RJ\Downloads\Capstone Project System\Capstone_MateryalPH\packages\api-contract\generated\typescript\docs\CartSummary.md
[main] [34mINFO [0;39m o.o.codegen.TemplateManager - writing file C:\Users\RJ\Downloads\Capstone Project System\Capstone_MateryalPH\packages\api-contract\generated\typescript\src\models\CartVendorGroup.ts
[main] [34mINFO [0;39m o.o.codegen.TemplateManager - skipping unchanged file C:\Users\RJ\Downloads\Capstone Project System\Capstone_MateryalPH\packages\api-contract\generated\typescript\docs\CartVendorGroup.md
[main] [34mINFO [0;39m o.o.codegen.TemplateManager - writing file C:\Users\RJ\Downloads\Capstone Project System\Capstone_MateryalPH\packages\api-contract\generated\typescript\src\models\CartVendorRef.ts
[main] [34mINFO [0;39m o.o.codegen.TemplateManager - skipping unchanged file C:\Users\RJ\Downloads\Capstone Project System\Capstone_MateryalPH\packages\api-contract\generated\typescript\docs\CartVendorRef.md
[main] [34mINFO [0;39m o.o.codegen.TemplateManager - writing file C:\Users\RJ\Downloads\Capstone Project System\Capstone_MateryalPH\packages\api-contract\generated\typescript\src\models\CatalogAttributeDefinition.ts
[main] [34mINFO [0;39m o.o.codegen.TemplateManager - skipping unchanged file C:\Users\RJ\Downloads\Capstone Project System\Capstone_MateryalPH\packages\api-contract\generated\typescript\docs\CatalogAttributeDefinition.md
[main] [34mINFO [0;39m o.o.codegen.TemplateManager - writing file C:\Users\RJ\Downloads\Capstone Project System\Capstone_MateryalPH\packages\api-contract\generated\typescript\src\models\CatalogBlocker.ts
[main] [34mINFO [0;39m o.o.codegen.TemplateManager - skipping unchanged file C:\Users\RJ\Downloads\Capstone Project System\Capstone_MateryalPH\packages\api-contract\generated\typescript\docs\CatalogBlocker.md
[main] [34mINFO [0;39m o.o.codegen.TemplateManager - writing file C:\Users\RJ\Downloads\Capstone Project System\Capstone_MateryalPH\packages\api-contract\generated\typescript\src\models\CatalogCompletion.ts
[main] [34mINFO [0;39m o.o.codegen.TemplateManager - skipping unchanged file C:\Users\RJ\Downloads\Capstone Project System\Capstone_MateryalPH\packages\api-contract\generated\typescript\docs\CatalogCompletion.md
[main] [34mINFO [0;39m o.o.codegen.TemplateManager - writing file C:\Users\RJ\Downloads\Capstone Project System\Capstone_MateryalPH\packages\api-contract\generated\typescript\src\models\CatalogCompletionStep.ts
[main] [34mINFO [0;39m o.o.codegen.TemplateManager - skipping unchanged file C:\Users\RJ\Downloads\Capstone Project System\Capstone_MateryalPH\packages\api-contract\generated\typescript\docs\CatalogCompletionStep.md
[main] [34mINFO [0;39m o.o.codegen.TemplateManager - writing file C:\Users\RJ\Downloads\Capstone Project System\Capstone_MateryalPH\packages\api-contract\generated\typescript\src\models\CatalogDeactivation.ts
[main] [34mINFO [0;39m o.o.codegen.TemplateManager - skipping unchanged file C:\Users\RJ\Downloads\Capstone Project System\Capstone_MateryalPH\packages\api-contract\generated\typescript\docs\CatalogDeactivation.md
[main] [34mINFO [0;39m o.o.codegen.TemplateManager - writing file C:\Users\RJ\Downloads\Capstone Project System\Capstone_MateryalPH\packages\api-contract\generated\typescript\src\models\CatalogImportJob.ts
[main] [34mINFO [0;39m o.o.codegen.TemplateManager - skipping unchanged file C:\Users\RJ\Downloads\Capstone Project System\Capstone_MateryalPH\packages\api-contract\generated\typescript\docs\CatalogImportJob.md
[main] [34mINFO [0;39m o.o.codegen.TemplateManager - writing file C:\Users\RJ\Downloads\Capstone Project System\Capstone_MateryalPH\packages\api-contract\generated\typescript\src\models\CatalogImportJobEnvelope.ts
[main] [34mINFO [0;39m o.o.codegen.TemplateManager - skipping unchanged file C:\Users\RJ\Downloads\Capstone Project System\Capstone_MateryalPH\packages\api-contract\generated\typescript\docs\CatalogImportJobEnvelope.md
[main] [34mINFO [0;39m o.o.codegen.TemplateManager - writing file C:\Users\RJ\Downloads\Capstone Project System\Capstone_MateryalPH\packages\api-contract\generated\typescript\src\models\CatalogImportRowError.ts
[main] [34mINFO [0;39m o.o.codegen.TemplateManager - skipping unchanged file C:\Users\RJ\Downloads\Capstone Project System\Capstone_MateryalPH\packages\api-contract\generated\typescript\docs\CatalogImportRowError.md
[main] [34mINFO [0;39m o.o.codegen.TemplateManager - writing file C:\Users\RJ\Downloads\Capstone Project System\Capstone_MateryalPH\packages\api-contract\generated\typescript\src\models\CatalogImportTemplate.ts
[main] [34mINFO [0;39m o.o.codegen.TemplateManager - skipping unchanged file C:\Users\RJ\Downloads\Capstone Project System\Capstone_MateryalPH\packages\api-contract\generated\typescript\docs\CatalogImportTemplate.md
[main] [34mINFO [0;39m o.o.codegen.TemplateManager - writing file C:\Users\RJ\Downloads\Capstone Project System\Capstone_MateryalPH\packages\api-contract\generated\typescript\src\models\CatalogImportTemplateEnvelope.ts
[main] [34mINFO [0;39m o.o.codegen.TemplateManager - skipping unchanged file C:\Users\RJ\Downloads\Capstone Project System\Capstone_MateryalPH\packages\api-contract\generated\typescript\docs\CatalogImportTemplateEnvelope.md
[main] [34mINFO [0;39m o.o.codegen.TemplateManager - writing file C:\Users\RJ\Downloads\Capstone Project System\Capstone_MateryalPH\packages\api-contract\generated\typescript\src\models\CatalogInventory.ts
[main] [34mINFO [0;39m o.o.codegen.TemplateManager - skipping unchanged file C:\Users\RJ\Downloads\Capstone Project System\Capstone_MateryalPH\packages\api-contract\generated\typescript\docs\CatalogInventory.md
[main] [34mINFO [0;39m o.o.codegen.TemplateManager - writing file C:\Users\RJ\Downloads\Capstone Project System\Capstone_MateryalPH\packages\api-contract\generated\typescript\src\models\CatalogLimits.ts
[main] [34mINFO [0;39m o.o.codegen.TemplateManager - skipping unchanged file C:\Users\RJ\Downloads\Capstone Project System\Capstone_MateryalPH\packages\api-contract\generated\typescript\docs\CatalogLimits.md
[main] [34mINFO [0;39m o.o.codegen.TemplateManager - writing file C:\Users\RJ\Downloads\Capstone Project System\Capstone_MateryalPH\packages\api-contract\generated\typescript\src\models\CatalogListing.ts
[main] [34mINFO [0;39m o.o.codegen.TemplateManager - skipping unchanged file C:\Users\RJ\Downloads\Capstone Project System\Capstone_MateryalPH\packages\api-contract\generated\typescript\docs\CatalogListing.md
[main] [34mINFO [0;39m o.o.codegen.TemplateManager - writing file C:\Users\RJ\Downloads\Capstone Project System\Capstone_MateryalPH\packages\api-contract\generated\typescript\src\models\CatalogListingCreate.ts
[main] [34mINFO [0;39m o.o.codegen.TemplateManager - skipping unchanged file C:\Users\RJ\Downloads\Capstone Project System\Capstone_MateryalPH\packages\api-contract\generated\typescript\docs\CatalogListingCreate.md
[main] [34mINFO [0;39m o.o.codegen.TemplateManager - writing file C:\Users\RJ\Downloads\Capstone Project System\Capstone_MateryalPH\packages\api-contract\generated\typescript\src\models\CatalogListingDeletedEnvelope.ts
[main] [34mINFO [0;39m o.o.codegen.TemplateManager - skipping unchanged file C:\Users\RJ\Downloads\Capstone Project System\Capstone_MateryalPH\packages\api-contract\generated\typescript\docs\CatalogListingDeletedEnvelope.md
[main] [34mINFO [0;39m o.o.codegen.TemplateManager - writing file C:\Users\RJ\Downloads\Capstone Project System\Capstone_MateryalPH\packages\api-contract\generated\typescript\src\models\CatalogListingDeletedEnvelopeData.ts
[main] [34mINFO [0;39m o.o.codegen.TemplateManager - skipping unchanged file C:\Users\RJ\Downloads\Capstone Project System\Capstone_MateryalPH\packages\api-contract\generated\typescript\docs\CatalogListingDeletedEnvelopeData.md
[main] [34mINFO [0;39m o.o.codegen.TemplateManager - writing file C:\Users\RJ\Downloads\Capstone Project System\Capstone_MateryalPH\packages\api-contract\generated\typescript\src\models\CatalogListingEnvelope.ts
[main] [34mINFO [0;39m o.o.codegen.TemplateManager - skipping unchanged file C:\Users\RJ\Downloads\Capstone Project System\Capstone_MateryalPH\packages\api-contract\generated\typescript\docs\CatalogListingEnvelope.md
[main] [34mINFO [0;39m o.o.codegen.TemplateManager - writing file C:\Users\RJ\Downloads\Capstone Project System\Capstone_MateryalPH\packages\api-contract\generated\typescript\src\models\CatalogListingListMeta.ts
[main] [34mINFO [0;39m o.o.codegen.TemplateManager - skipping unchanged file C:\Users\RJ\Downloads\Capstone Project System\Capstone_MateryalPH\packages\api-contract\generated\typescript\docs\CatalogListingListMeta.md
[main] [34mINFO [0;39m o.o.codegen.TemplateManager - writing file C:\Users\RJ\Downloads\Capstone Project System\Capstone_MateryalPH\packages\api-contract\generated\typescript\src\models\CatalogListingMaterial.ts
[main] [34mINFO [0;39m o.o.codegen.TemplateManager - skipping unchanged file C:\Users\RJ\Downloads\Capstone Project System\Capstone_MateryalPH\packages\api-contract\generated\typescript\docs\CatalogListingMaterial.md
[main] [34mINFO [0;39m o.o.codegen.TemplateManager - writing file C:\Users\RJ\Downloads\Capstone Project System\Capstone_MateryalPH\packages\api-contract\generated\typescript\src\models\CatalogListingPermissions.ts
[main] [34mINFO [0;39m o.o.codegen.TemplateManager - skipping unchanged file C:\Users\RJ\Downloads\Capstone Project System\Capstone_MateryalPH\packages\api-contract\generated\typescript\docs\CatalogListingPermissions.md
[main] [34mINFO [0;39m o.o.codegen.TemplateManager - writing file C:\Users\RJ\Downloads\Capstone Project System\Capstone_MateryalPH\packages\api-contract\generated\typescript\src\models\CatalogListingSummary.ts
[main] [34mINFO [0;39m o.o.codegen.TemplateManager - skipping unchanged file C:\Users\RJ\Downloads\Capstone Project System\Capstone_MateryalPH\packages\api-contract\generated\typescript\docs\CatalogListingSummary.md
[main] [34mINFO [0;39m o.o.codegen.TemplateManager - writing file C:\Users\RJ\Downloads\Capstone Project System\Capstone_MateryalPH\packages\api-contract\generated\typescript\src\models\CatalogListingSummaryListEnvelope.ts
[main] [34mINFO [0;39m o.o.codegen.TemplateManager - skipping unchanged file C:\Users\RJ\Downloads\Capstone Project System\Capstone_MateryalPH\packages\api-contract\generated\typescript\docs\CatalogListingSummaryListEnvelope.md
[main] [34mINFO [0;39m o.o.codegen.TemplateManager - writing file C:\Users\RJ\Downloads\Capstone Project System\Capstone_MateryalPH\packages\api-contract\generated\typescript\src\models\CatalogListingUpdate.ts
[main] [34mINFO [0;39m o.o.codegen.TemplateManager - skipping unchanged file C:\Users\RJ\Downloads\Capstone Project System\Capstone_MateryalPH\packages\api-contract\generated\typescript\docs\CatalogListingUpdate.md
[main] [34mINFO [0;39m o.o.codegen.TemplateManager - writing file C:\Users\RJ\Downloads\Capstone Project System\Capstone_MateryalPH\packages\api-contract\generated\typescript\src\models\CatalogLockVersion.ts
[main] [34mINFO [0;39m o.o.codegen.TemplateManager - skipping unchanged file C:\Users\RJ\Downloads\Capstone Project System\Capstone_MateryalPH\packages\api-contract\generated\typescript\docs\CatalogLockVersion.md
[main] [34mINFO [0;39m o.o.codegen.TemplateManager - writing file C:\Users\RJ\Downloads\Capstone Project System\Capstone_MateryalPH\packages\api-contract\generated\typescript\src\models\CatalogMaterial.ts
[main] [34mINFO [0;39m o.o.codegen.TemplateManager - skipping unchanged file C:\Users\RJ\Downloads\Capstone Project System\Capstone_MateryalPH\packages\api-contract\generated\typescript\docs\CatalogMaterial.md
[main] [34mINFO [0;39m o.o.codegen.TemplateManager - writing file C:\Users\RJ\Downloads\Capstone Project System\Capstone_MateryalPH\packages\api-contract\generated\typescript\src\models\CatalogMaterialEnvelope.ts
[main] [34mINFO [0;39m o.o.codegen.TemplateManager - skipping unchanged file C:\Users\RJ\Downloads\Capstone Project System\Capstone_MateryalPH\packages\api-contract\generated\typescript\docs\CatalogMaterialEnvelope.md
[main] [34mINFO [0;39m o.o.codegen.TemplateManager - writing file C:\Users\RJ\Downloads\Capstone Project System\Capstone_MateryalPH\packages\api-contract\generated\typescript\src\models\CatalogMaterialMatch.ts
[main] [34mINFO [0;39m o.o.codegen.TemplateManager - skipping unchanged file C:\Users\RJ\Downloads\Capstone Project System\Capstone_MateryalPH\packages\api-contract\generated\typescript\docs\CatalogMaterialMatch.md
[main] [34mINFO [0;39m o.o.codegen.TemplateManager - writing file C:\Users\RJ\Downloads\Capstone Project System\Capstone_MateryalPH\packages\api-contract\generated\typescript\src\models\CatalogMaterialMatchListEnvelope.ts
[main] [34mINFO [0;39m o.o.codegen.TemplateManager - skipping unchanged file C:\Users\RJ\Downloads\Capstone Project System\Capstone_MateryalPH\packages\api-contract\generated\typescript\docs\CatalogMaterialMatchListEnvelope.md
[main] [34mINFO [0;39m o.o.codegen.TemplateManager - writing file C:\Users\RJ\Downloads\Capstone Project System\Capstone_MateryalPH\packages\api-contract\generated\typescript\src\models\CatalogMedia.ts
[main] [34mINFO [0;39m o.o.codegen.TemplateManager - skipping unchanged file C:\Users\RJ\Downloads\Capstone Project System\Capstone_MateryalPH\packages\api-contract\generated\typescript\docs\CatalogMedia.md
[main] [34mINFO [0;39m o.o.codegen.TemplateManager - writing file C:\Users\RJ\Downloads\Capstone Project System\Capstone_MateryalPH\packages\api-contract\generated\typescript\src\models\CatalogPrice.ts
[main] [34mINFO [0;39m o.o.codegen.TemplateManager - skipping unchanged file C:\Users\RJ\Downloads\Capstone Project System\Capstone_MateryalPH\packages\api-contract\generated\typescript\docs\CatalogPrice.md
[main] [34mINFO [0;39m o.o.codegen.TemplateManager - writing file C:\Users\RJ\Downloads\Capstone Project System\Capstone_MateryalPH\packages\api-contract\generated\typescript\src\models\CatalogReference.ts
[main] [34mINFO [0;39m o.o.codegen.TemplateManager - skipping unchanged file C:\Users\RJ\Downloads\Capstone Project System\Capstone_MateryalPH\packages\api-contract\generated\typescript\docs\CatalogReference.md
[main] [34mINFO [0;39m o.o.codegen.TemplateManager - writing file C:\Users\RJ\Downloads\Capstone Project System\Capstone_MateryalPH\packages\api-contract\generated\typescript\src\models\CatalogTaxonomy.ts
[main] [34mINFO [0;39m o.o.codegen.TemplateManager - skipping unchanged file C:\Users\RJ\Downloads\Capstone Project System\Capstone_MateryalPH\packages\api-contract\generated\typescript\docs\CatalogTaxonomy.md
[main] [34mINFO [0;39m o.o.codegen.TemplateManager - writing file C:\Users\RJ\Downloads\Capstone Project System\Capstone_MateryalPH\packages\api-contract\generated\typescript\src\models\CatalogTaxonomyEnvelope.ts
[main] [34mINFO [0;39m o.o.codegen.TemplateManager - skipping unchanged file C:\Users\RJ\Downloads\Capstone Project System\Capstone_MateryalPH\packages\api-contract\generated\typescript\docs\CatalogTaxonomyEnvelope.md
[main] [34mINFO [0;39m o.o.codegen.TemplateManager - writing file C:\Users\RJ\Downloads\Capstone Project System\Capstone_MateryalPH\packages\api-contract\generated\typescript\src\models\CatalogUnit.ts
[main] [34mINFO [0;39m o.o.codegen.TemplateManager - skipping unchanged file C:\Users\RJ\Downloads\Capstone Project System\Capstone_MateryalPH\packages\api-contract\generated\typescript\docs\CatalogUnit.md
[main] [34mINFO [0;39m o.o.codegen.TemplateManager - writing file C:\Users\RJ\Downloads\Capstone Project System\Capstone_MateryalPH\packages\api-contract\generated\typescript\src\models\CatalogVariant.ts
[main] [34mINFO [0;39m o.o.codegen.TemplateManager - skipping unchanged file C:\Users\RJ\Downloads\Capstone Project System\Capstone_MateryalPH\packages\api-contract\generated\typescript\docs\CatalogVariant.md
[main] [34mINFO [0;39m o.o.codegen.TemplateManager - writing file C:\Users\RJ\Downloads\Capstone Project System\Capstone_MateryalPH\packages\api-contract\generated\typescript\src\models\CatalogVariantInput.ts
[main] [34mINFO [0;39m o.o.codegen.TemplateManager - skipping unchanged file C:\Users\RJ\Downloads\Capstone Project System\Capstone_MateryalPH\packages\api-contract\generated\typescript\docs\CatalogVariantInput.md
[main] [34mINFO [0;39m o.o.codegen.TemplateManager - writing file C:\Users\RJ\Downloads\Capstone Project System\Capstone_MateryalPH\packages\api-contract\generated\typescript\src\models\CatalogVariantsSave.ts
[main] [34mINFO [0;39m o.o.codegen.TemplateManager - skipping unchanged file C:\Users\RJ\Downloads\Capstone Project System\Capstone_MateryalPH\packages\api-contract\generated\typescript\docs\CatalogVariantsSave.md
[main] [34mINFO [0;39m o.o.codegen.TemplateManager - writing file C:\Users\RJ\Downloads\Capstone Project System\Capstone_MateryalPH\packages\api-contract\generated\typescript\src\models\CatalogVolumeTier.ts
[main] [34mINFO [0;39m o.o.codegen.TemplateManager - skipping unchanged file C:\Users\RJ\Downloads\Capstone Project System\Capstone_MateryalPH\packages\api-contract\generated\typescript\docs\CatalogVolumeTier.md
[main] [34mINFO [0;39m o.o.codegen.TemplateManager - writing file C:\Users\RJ\Downloads\Capstone Project System\Capstone_MateryalPH\packages\api-contract\generated\typescript\src\models\CatalogVolumeTierInput.ts
[main] [34mINFO [0;39m o.o.codegen.TemplateManager - skipping unchanged file C:\Users\RJ\Downloads\Capstone Project System\Capstone_MateryalPH\packages\api-contract\generated\typescript\docs\CatalogVolumeTierInput.md
[main] [34mINFO [0;39m o.o.codegen.TemplateManager - writing file C:\Users\RJ\Downloads\Capstone Project System\Capstone_MateryalPH\packages\api-contract\generated\typescript\src\models\ChatAttachment.ts
[main] [34mINFO [0;39m o.o.codegen.TemplateManager - skipping unchanged file C:\Users\RJ\Downloads\Capstone Project System\Capstone_MateryalPH\packages\api-contract\generated\typescript\docs\ChatAttachment.md
[main] [34mINFO [0;39m o.o.codegen.TemplateManager - writing file C:\Users\RJ\Downloads\Capstone Project System\Capstone_MateryalPH\packages\api-contract\generated\typescript\src\models\ChatChannelAuth.ts
[main] [34mINFO [0;39m o.o.codegen.TemplateManager - skipping unchanged file C:\Users\RJ\Downloads\Capstone Project System\Capstone_MateryalPH\packages\api-contract\generated\typescript\docs\ChatChannelAuth.md
[main] [34mINFO [0;39m o.o.codegen.TemplateManager - writing file C:\Users\RJ\Downloads\Capstone Project System\Capstone_MateryalPH\packages\api-contract\generated\typescript\src\models\ChatChannelSignature.ts
[main] [34mINFO [0;39m o.o.codegen.TemplateManager - skipping unchanged file C:\Users\RJ\Downloads\Capstone Project System\Capstone_MateryalPH\packages\api-contract\generated\typescript\docs\ChatChannelSignature.md
[main] [34mINFO [0;39m o.o.codegen.TemplateManager - writing file C:\Users\RJ\Downloads\Capstone Project System\Capstone_MateryalPH\packages\api-contract\generated\typescript\src\models\ChatCreate.ts
[main] [34mINFO [0;39m o.o.codegen.TemplateManager - skipping unchanged file C:\Users\RJ\Downloads\Capstone Project System\Capstone_MateryalPH\packages\api-contract\generated\typescript\docs\ChatCreate.md
[main] [34mINFO [0;39m o.o.codegen.TemplateManager - writing file C:\Users\RJ\Downloads\Capstone Project System\Capstone_MateryalPH\packages\api-contract\generated\typescript\src\models\ChatDecision.ts
[main] [34mINFO [0;39m o.o.codegen.TemplateManager - skipping unchanged file C:\Users\RJ\Downloads\Capstone Project System\Capstone_MateryalPH\packages\api-contract\generated\typescript\docs\ChatDecision.md
[main] [34mINFO [0;39m o.o.codegen.TemplateManager - writing file C:\Users\RJ\Downloads\Capstone Project System\Capstone_MateryalPH\packages\api-contract\generated\typescript\src\models\ChatDecisionResult.ts
[main] [34mINFO [0;39m o.o.codegen.TemplateManager - skipping unchanged file C:\Users\RJ\Downloads\Capstone Project System\Capstone_MateryalPH\packages\api-contract\generated\typescript\docs\ChatDecisionResult.md
[main] [34mINFO [0;39m o.o.codegen.TemplateManager - writing file C:\Users\RJ\Downloads\Capstone Project System\Capstone_MateryalPH\packages\api-contract\generated\typescript\src\models\ChatDecisionResultResponse.ts
[main] [34mINFO [0;39m o.o.codegen.TemplateManager - skipping unchanged file C:\Users\RJ\Downloads\Capstone Project System\Capstone_MateryalPH\packages\api-contract\generated\typescript\docs\ChatDecisionResultResponse.md
[main] [34mINFO [0;39m o.o.codegen.TemplateManager - writing file C:\Users\RJ\Downloads\Capstone Project System\Capstone_MateryalPH\packages\api-contract\generated\typescript\src\models\ChatDraftContent.ts
[main] [34mINFO [0;39m o.o.codegen.TemplateManager - skipping unchanged file C:\Users\RJ\Downloads\Capstone Project System\Capstone_MateryalPH\packages\api-contract\generated\typescript\docs\ChatDraftContent.md
[main] [34mINFO [0;39m o.o.codegen.TemplateManager - writing file C:\Users\RJ\Downloads\Capstone Project System\Capstone_MateryalPH\packages\api-contract\generated\typescript\src\models\ChatDraftLine.ts
[main] [34mINFO [0;39m o.o.codegen.TemplateManager - skipping unchanged file C:\Users\RJ\Downloads\Capstone Project System\Capstone_MateryalPH\packages\api-contract\generated\typescript\docs\ChatDraftLine.md
[main] [34mINFO [0;39m o.o.codegen.TemplateManager - writing file C:\Users\RJ\Downloads\Capstone Project System\Capstone_MateryalPH\packages\api-contract\generated\typescript\src\models\ChatDraftSave.ts
[main] [34mINFO [0;39m o.o.codegen.TemplateManager - skipping unchanged file C:\Users\RJ\Downloads\Capstone Project System\Capstone_MateryalPH\packages\api-contract\generated\typescript\docs\ChatDraftSave.md
[main] [34mINFO [0;39m o.o.codegen.TemplateManager - writing file C:\Users\RJ\Downloads\Capstone Project System\Capstone_MateryalPH\packages\api-contract\generated\typescript\src\models\ChatEmptyResponse.ts
[main] [34mINFO [0;39m o.o.codegen.TemplateManager - skipping unchanged file C:\Users\RJ\Downloads\Capstone Project System\Capstone_MateryalPH\packages\api-contract\generated\typescript\docs\ChatEmptyResponse.md
[main] [34mINFO [0;39m o.o.codegen.TemplateManager - writing file C:\Users\RJ\Downloads\Capstone Project System\Capstone_MateryalPH\packages\api-contract\generated\typescript\src\models\ChatHandler.ts
[main] [34mINFO [0;39m o.o.codegen.TemplateManager - skipping unchanged file C:\Users\RJ\Downloads\Capstone Project System\Capstone_MateryalPH\packages\api-contract\generated\typescript\docs\ChatHandler.md
[main] [34mINFO [0;39m o.o.codegen.TemplateManager - writing file C:\Users\RJ\Downloads\Capstone Project System\Capstone_MateryalPH\packages\api-contract\generated\typescript\src\models\ChatHandlersResponse.ts
[main] [34mINFO [0;39m o.o.codegen.TemplateManager - skipping unchanged file C:\Users\RJ\Downloads\Capstone Project System\Capstone_MateryalPH\packages\api-contract\generated\typescript\docs\ChatHandlersResponse.md
[main] [34mINFO [0;39m o.o.codegen.TemplateManager - writing file C:\Users\RJ\Downloads\Capstone Project System\Capstone_MateryalPH\packages\api-contract\generated\typescript\src\models\ChatId.ts
[main] [34mINFO [0;39m o.o.codegen.TemplateManager - skipping unchanged file C:\Users\RJ\Downloads\Capstone Project System\Capstone_MateryalPH\packages\api-contract\generated\typescript\docs\ChatId.md
[main] [34mINFO [0;39m o.o.codegen.TemplateManager - writing file C:\Users\RJ\Downloads\Capstone Project System\Capstone_MateryalPH\packages\api-contract\generated\typescript\src\models\ChatIdResponse.ts
[main] [34mINFO [0;39m o.o.codegen.TemplateManager - skipping unchanged file C:\Users\RJ\Downloads\Capstone Project System\Capstone_MateryalPH\packages\api-contract\generated\typescript\docs\ChatIdResponse.md
[main] [34mINFO [0;39m o.o.codegen.TemplateManager - writing file C:\Users\RJ\Downloads\Capstone Project System\Capstone_MateryalPH\packages\api-contract\generated\typescript\src\models\ChatIdentity.ts
[main] [34mINFO [0;39m o.o.codegen.TemplateManager - skipping unchanged file C:\Users\RJ\Downloads\Capstone Project System\Capstone_MateryalPH\packages\api-contract\generated\typescript\docs\ChatIdentity.md
[main] [34mINFO [0;39m o.o.codegen.TemplateManager - writing file C:\Users\RJ\Downloads\Capstone Project System\Capstone_MateryalPH\packages\api-contract\generated\typescript\src\models\ChatMessage.ts
[main] [34mINFO [0;39m o.o.codegen.TemplateManager - skipping unchanged file C:\Users\RJ\Downloads\Capstone Project System\Capstone_MateryalPH\packages\api-contract\generated\typescript\docs\ChatMessage.md
[main] [34mINFO [0;39m o.o.codegen.TemplateManager - writing file C:\Users\RJ\Downloads\Capstone Project System\Capstone_MateryalPH\packages\api-contract\generated\typescript\src\models\ChatMessagePage.ts
[main] [34mINFO [0;39m o.o.codegen.TemplateManager - skipping unchanged file C:\Users\RJ\Downloads\Capstone Project System\Capstone_MateryalPH\packages\api-contract\generated\typescript\docs\ChatMessagePage.md
[main] [34mINFO [0;39m o.o.codegen.TemplateManager - writing file C:\Users\RJ\Downloads\Capstone Project System\Capstone_MateryalPH\packages\api-contract\generated\typescript\src\models\ChatPublish.ts
[main] [34mINFO [0;39m o.o.codegen.TemplateManager - skipping unchanged file C:\Users\RJ\Downloads\Capstone Project System\Capstone_MateryalPH\packages\api-contract\generated\typescript\docs\ChatPublish.md
[main] [34mINFO [0;39m o.o.codegen.TemplateManager - writing file C:\Users\RJ\Downloads\Capstone Project System\Capstone_MateryalPH\packages\api-contract\generated\typescript\src\models\ChatQuotation.ts
[main] [34mINFO [0;39m o.o.codegen.TemplateManager - skipping unchanged file C:\Users\RJ\Downloads\Capstone Project System\Capstone_MateryalPH\packages\api-contract\generated\typescript\docs\ChatQuotation.md
[main] [34mINFO [0;39m o.o.codegen.TemplateManager - writing file C:\Users\RJ\Downloads\Capstone Project System\Capstone_MateryalPH\packages\api-contract\generated\typescript\src\models\ChatQuotationChange.ts
[main] [34mINFO [0;39m o.o.codegen.TemplateManager - skipping unchanged file C:\Users\RJ\Downloads\Capstone Project System\Capstone_MateryalPH\packages\api-contract\generated\typescript\docs\ChatQuotationChange.md
[main] [34mINFO [0;39m o.o.codegen.TemplateManager - writing file C:\Users\RJ\Downloads\Capstone Project System\Capstone_MateryalPH\packages\api-contract\generated\typescript\src\models\ChatQuotationContent.ts
[main] [34mINFO [0;39m o.o.codegen.TemplateManager - skipping unchanged file C:\Users\RJ\Downloads\Capstone Project System\Capstone_MateryalPH\packages\api-contract\generated\typescript\docs\ChatQuotationContent.md
[main] [34mINFO [0;39m o.o.codegen.TemplateManager - writing file C:\Users\RJ\Downloads\Capstone Project System\Capstone_MateryalPH\packages\api-contract\generated\typescript\src\models\ChatQuotationLine.ts
[main] [34mINFO [0;39m o.o.codegen.TemplateManager - skipping unchanged file C:\Users\RJ\Downloads\Capstone Project System\Capstone_MateryalPH\packages\api-contract\generated\typescript\docs\ChatQuotationLine.md
[main] [34mINFO [0;39m o.o.codegen.TemplateManager - writing file C:\Users\RJ\Downloads\Capstone Project System\Capstone_MateryalPH\packages\api-contract\generated\typescript\src\models\ChatQuotationMoney.ts
[main] [34mINFO [0;39m o.o.codegen.TemplateManager - skipping unchanged file C:\Users\RJ\Downloads\Capstone Project System\Capstone_MateryalPH\packages\api-contract\generated\typescript\docs\ChatQuotationMoney.md
[main] [34mINFO [0;39m o.o.codegen.TemplateManager - writing file C:\Users\RJ\Downloads\Capstone Project System\Capstone_MateryalPH\packages\api-contract\generated\typescript\src\models\ChatQuotationPage.ts
[main] [34mINFO [0;39m o.o.codegen.TemplateManager - skipping unchanged file C:\Users\RJ\Downloads\Capstone Project System\Capstone_MateryalPH\packages\api-contract\generated\typescript\docs\ChatQuotationPage.md
[main] [34mINFO [0;39m o.o.codegen.TemplateManager - writing file C:\Users\RJ\Downloads\Capstone Project System\Capstone_MateryalPH\packages\api-contract\generated\typescript\src\models\ChatQuotationPageResponse.ts
[main] [34mINFO [0;39m o.o.codegen.TemplateManager - skipping unchanged file C:\Users\RJ\Downloads\Capstone Project System\Capstone_MateryalPH\packages\api-contract\generated\typescript\docs\ChatQuotationPageResponse.md
[main] [34mINFO [0;39m o.o.codegen.TemplateManager - writing file C:\Users\RJ\Downloads\Capstone Project System\Capstone_MateryalPH\packages\api-contract\generated\typescript\src\models\ChatQuotationVersion.ts
[main] [34mINFO [0;39m o.o.codegen.TemplateManager - skipping unchanged file C:\Users\RJ\Downloads\Capstone Project System\Capstone_MateryalPH\packages\api-contract\generated\typescript\docs\ChatQuotationVersion.md
[main] [34mINFO [0;39m o.o.codegen.TemplateManager - writing file C:\Users\RJ\Downloads\Capstone Project System\Capstone_MateryalPH\packages\api-contract\generated\typescript\src\models\ChatRead.ts
[main] [34mINFO [0;39m o.o.codegen.TemplateManager - skipping unchanged file C:\Users\RJ\Downloads\Capstone Project System\Capstone_MateryalPH\packages\api-contract\generated\typescript\docs\ChatRead.md
[main] [34mINFO [0;39m o.o.codegen.TemplateManager - writing file C:\Users\RJ\Downloads\Capstone Project System\Capstone_MateryalPH\packages\api-contract\generated\typescript\src\models\ChatRealtime.ts
[main] [34mINFO [0;39m o.o.codegen.TemplateManager - skipping unchanged file C:\Users\RJ\Downloads\Capstone Project System\Capstone_MateryalPH\packages\api-contract\generated\typescript\docs\ChatRealtime.md
[main] [34mINFO [0;39m o.o.codegen.TemplateManager - writing file C:\Users\RJ\Downloads\Capstone Project System\Capstone_MateryalPH\packages\api-contract\generated\typescript\src\models\ChatRealtimeResponse.ts
[main] [34mINFO [0;39m o.o.codegen.TemplateManager - skipping unchanged file C:\Users\RJ\Downloads\Capstone Project System\Capstone_MateryalPH\packages\api-contract\generated\typescript\docs\ChatRealtimeResponse.md
[main] [34mINFO [0;39m o.o.codegen.TemplateManager - writing file C:\Users\RJ\Downloads\Capstone Project System\Capstone_MateryalPH\packages\api-contract\generated\typescript\src\models\ChatSend.ts
[main] [34mINFO [0;39m o.o.codegen.TemplateManager - skipping unchanged file C:\Users\RJ\Downloads\Capstone Project System\Capstone_MateryalPH\packages\api-contract\generated\typescript\docs\ChatSend.md
[main] [34mINFO [0;39m o.o.codegen.TemplateManager - writing file C:\Users\RJ\Downloads\Capstone Project System\Capstone_MateryalPH\packages\api-contract\generated\typescript\src\models\ChatStore.ts
[main] [34mINFO [0;39m o.o.codegen.TemplateManager - skipping unchanged file C:\Users\RJ\Downloads\Capstone Project System\Capstone_MateryalPH\packages\api-contract\generated\typescript\docs\ChatStore.md
[main] [34mINFO [0;39m o.o.codegen.TemplateManager - writing file C:\Users\RJ\Downloads\Capstone Project System\Capstone_MateryalPH\packages\api-contract\generated\typescript\src\models\ChatTransfer.ts
[main] [34mINFO [0;39m o.o.codegen.TemplateManager - skipping unchanged file C:\Users\RJ\Downloads\Capstone Project System\Capstone_MateryalPH\packages\api-contract\generated\typescript\docs\ChatTransfer.md
[main] [34mINFO [0;39m o.o.codegen.TemplateManager - writing file C:\Users\RJ\Downloads\Capstone Project System\Capstone_MateryalPH\packages\api-contract\generated\typescript\src\models\CheckoutChildOrder.ts
[main] [34mINFO [0;39m o.o.codegen.TemplateManager - skipping unchanged file C:\Users\RJ\Downloads\Capstone Project System\Capstone_MateryalPH\packages\api-contract\generated\typescript\docs\CheckoutChildOrder.md
[main] [34mINFO [0;39m o.o.codegen.TemplateManager - writing file C:\Users\RJ\Downloads\Capstone Project System\Capstone_MateryalPH\packages\api-contract\generated\typescript\src\models\CheckoutGroupPreview.ts
[main] [34mINFO [0;39m o.o.codegen.TemplateManager - skipping unchanged file C:\Users\RJ\Downloads\Capstone Project System\Capstone_MateryalPH\packages\api-contract\generated\typescript\docs\CheckoutGroupPreview.md
[main] [34mINFO [0;39m o.o.codegen.TemplateManager - writing file C:\Users\RJ\Downloads\Capstone Project System\Capstone_MateryalPH\packages\api-contract\generated\typescript\src\models\CheckoutPreview.ts
[main] [34mINFO [0;39m o.o.codegen.TemplateManager - skipping unchanged file C:\Users\RJ\Downloads\Capstone Project System\Capstone_MateryalPH\packages\api-contract\generated\typescript\docs\CheckoutPreview.md
[main] [34mINFO [0;39m o.o.codegen.TemplateManager - writing file C:\Users\RJ\Downloads\Capstone Project System\Capstone_MateryalPH\packages\api-contract\generated\typescript\src\models\CheckoutPreviewEnvelope.ts
[main] [34mINFO [0;39m o.o.codegen.TemplateManager - skipping unchanged file C:\Users\RJ\Downloads\Capstone Project System\Capstone_MateryalPH\packages\api-contract\generated\typescript\docs\CheckoutPreviewEnvelope.md
[main] [34mINFO [0;39m o.o.codegen.TemplateManager - writing file C:\Users\RJ\Downloads\Capstone Project System\Capstone_MateryalPH\packages\api-contract\generated\typescript\src\models\CheckoutPreviewRequest.ts
[main] [34mINFO [0;39m o.o.codegen.TemplateManager - skipping unchanged file C:\Users\RJ\Downloads\Capstone Project System\Capstone_MateryalPH\packages\api-contract\generated\typescript\docs\CheckoutPreviewRequest.md
[main] [34mINFO [0;39m o.o.codegen.TemplateManager - writing file C:\Users\RJ\Downloads\Capstone Project System\Capstone_MateryalPH\packages\api-contract\generated\typescript\src\models\CheckoutPreviewSummary.ts
[main] [34mINFO [0;39m o.o.codegen.TemplateManager - skipping unchanged file C:\Users\RJ\Downloads\Capstone Project System\Capstone_MateryalPH\packages\api-contract\generated\typescript\docs\CheckoutPreviewSummary.md
[main] [34mINFO [0;39m o.o.codegen.TemplateManager - writing file C:\Users\RJ\Downloads\Capstone Project System\Capstone_MateryalPH\packages\api-contract\generated\typescript\src\models\CheckoutSubmission.ts
[main] [34mINFO [0;39m o.o.codegen.TemplateManager - skipping unchanged file C:\Users\RJ\Downloads\Capstone Project System\Capstone_MateryalPH\packages\api-contract\generated\typescript\docs\CheckoutSubmission.md
[main] [34mINFO [0;39m o.o.codegen.TemplateManager - writing file C:\Users\RJ\Downloads\Capstone Project System\Capstone_MateryalPH\packages\api-contract\generated\typescript\src\models\CheckoutSubmissionEnvelope.ts
[main] [34mINFO [0;39m o.o.codegen.TemplateManager - skipping unchanged file C:\Users\RJ\Downloads\Capstone Project System\Capstone_MateryalPH\packages\api-contract\generated\typescript\docs\CheckoutSubmissionEnvelope.md
[main] [34mINFO [0;39m o.o.codegen.TemplateManager - writing file C:\Users\RJ\Downloads\Capstone Project System\Capstone_MateryalPH\packages\api-contract\generated\typescript\src\models\CheckoutSubmitRequest.ts
[main] [34mINFO [0;39m o.o.codegen.TemplateManager - skipping unchanged file C:\Users\RJ\Downloads\Capstone Project System\Capstone_MateryalPH\packages\api-contract\generated\typescript\docs\CheckoutSubmitRequest.md
[main] [34mINFO [0;39m o.o.codegen.TemplateManager - writing file C:\Users\RJ\Downloads\Capstone Project System\Capstone_MateryalPH\packages\api-contract\generated\typescript\src\models\CheckoutVendorRef.ts
[main] [34mINFO [0;39m o.o.codegen.TemplateManager - skipping unchanged file C:\Users\RJ\Downloads\Capstone Project System\Capstone_MateryalPH\packages\api-contract\generated\typescript\docs\CheckoutVendorRef.md
[main] [34mINFO [0;39m o.o.codegen.TemplateManager - writing file C:\Users\RJ\Downloads\Capstone Project System\Capstone_MateryalPH\packages\api-contract\generated\typescript\src\models\ComparableGroupCreate.ts
[main] [34mINFO [0;39m o.o.codegen.TemplateManager - skipping unchanged file C:\Users\RJ\Downloads\Capstone Project System\Capstone_MateryalPH\packages\api-contract\generated\typescript\docs\ComparableGroupCreate.md
[main] [34mINFO [0;39m o.o.codegen.TemplateManager - writing file C:\Users\RJ\Downloads\Capstone Project System\Capstone_MateryalPH\packages\api-contract\generated\typescript\src\models\ComparableGroupEnvelope.ts
[main] [34mINFO [0;39m o.o.codegen.TemplateManager - skipping unchanged file C:\Users\RJ\Downloads\Capstone Project System\Capstone_MateryalPH\packages\api-contract\generated\typescript\docs\ComparableGroupEnvelope.md
[main] [34mINFO [0;39m o.o.codegen.TemplateManager - writing file C:\Users\RJ\Downloads\Capstone Project System\Capstone_MateryalPH\packages\api-contract\generated\typescript\src\models\ComparableGroupEnvelopeData.ts
[main] [34mINFO [0;39m o.o.codegen.TemplateManager - skipping unchanged file C:\Users\RJ\Downloads\Capstone Project System\Capstone_MateryalPH\packages\api-contract\generated\typescript\docs\ComparableGroupEnvelopeData.md
[main] [34mINFO [0;39m o.o.codegen.TemplateManager - writing file C:\Users\RJ\Downloads\Capstone Project System\Capstone_MateryalPH\packages\api-contract\generated\typescript\src\models\ComparableStatus.ts
[main] [34mINFO [0;39m o.o.codegen.TemplateManager - skipping unchanged file C:\Users\RJ\Downloads\Capstone Project System\Capstone_MateryalPH\packages\api-contract\generated\typescript\docs\ComparableStatus.md
[main] [34mINFO [0;39m o.o.codegen.TemplateManager - writing file C:\Users\RJ\Downloads\Capstone Project System\Capstone_MateryalPH\packages\api-contract\generated\typescript\src\models\ComplianceEvidence.ts
[main] [34mINFO [0;39m o.o.codegen.TemplateManager - skipping unchanged file C:\Users\RJ\Downloads\Capstone Project System\Capstone_MateryalPH\packages\api-contract\generated\typescript\docs\ComplianceEvidence.md
[main] [34mINFO [0;39m o.o.codegen.TemplateManager - writing file C:\Users\RJ\Downloads\Capstone Project System\Capstone_MateryalPH\packages\api-contract\generated\typescript\src\models\ComplianceEvidenceEnvelope.ts
[main] [34mINFO [0;39m o.o.codegen.TemplateManager - skipping unchanged file C:\Users\RJ\Downloads\Capstone Project System\Capstone_MateryalPH\packages\api-contract\generated\typescript\docs\ComplianceEvidenceEnvelope.md
[main] [34mINFO [0;39m o.o.codegen.TemplateManager - writing file C:\Users\RJ\Downloads\Capstone Project System\Capstone_MateryalPH\packages\api-contract\generated\typescript\src\models\ComplianceExtraction.ts
[main] [34mINFO [0;39m o.o.codegen.TemplateManager - skipping unchanged file C:\Users\RJ\Downloads\Capstone Project System\Capstone_MateryalPH\packages\api-contract\generated\typescript\docs\ComplianceExtraction.md
[main] [34mINFO [0;39m o.o.codegen.TemplateManager - writing file C:\Users\RJ\Downloads\Capstone Project System\Capstone_MateryalPH\packages\api-contract\generated\typescript\src\models\CompliancePath.ts
[main] [34mINFO [0;39m o.o.codegen.TemplateManager - skipping unchanged file C:\Users\RJ\Downloads\Capstone Project System\Capstone_MateryalPH\packages\api-contract\generated\typescript\docs\CompliancePath.md
[main] [34mINFO [0;39m o.o.codegen.TemplateManager - writing file C:\Users\RJ\Downloads\Capstone Project System\Capstone_MateryalPH\packages\api-contract\generated\typescript\src\models\ComplianceReferenceResult.ts
[main] [34mINFO [0;39m o.o.codegen.TemplateManager - skipping unchanged file C:\Users\RJ\Downloads\Capstone Project System\Capstone_MateryalPH\packages\api-contract\generated\typescript\docs\ComplianceReferenceResult.md
[main] [34mINFO [0;39m o.o.codegen.TemplateManager - writing file C:\Users\RJ\Downloads\Capstone Project System\Capstone_MateryalPH\packages\api-contract\generated\typescript\src\models\ComplianceRegister.ts
[main] [34mINFO [0;39m o.o.codegen.TemplateManager - skipping unchanged file C:\Users\RJ\Downloads\Capstone Project System\Capstone_MateryalPH\packages\api-contract\generated\typescript\docs\ComplianceRegister.md
[main] [34mINFO [0;39m o.o.codegen.TemplateManager - writing file C:\Users\RJ\Downloads\Capstone Project System\Capstone_MateryalPH\packages\api-contract\generated\typescript\src\models\ComplianceRegisterEnvelope.ts
[main] [34mINFO [0;39m o.o.codegen.TemplateManager - skipping unchanged file C:\Users\RJ\Downloads\Capstone Project System\Capstone_MateryalPH\packages\api-contract\generated\typescript\docs\ComplianceRegisterEnvelope.md
[main] [34mINFO [0;39m o.o.codegen.TemplateManager - writing file C:\Users\RJ\Downloads\Capstone Project System\Capstone_MateryalPH\packages\api-contract\generated\typescript\src\models\ComplianceRegisterListEnvelope.ts
[main] [34mINFO [0;39m o.o.codegen.TemplateManager - skipping unchanged file C:\Users\RJ\Downloads\Capstone Project System\Capstone_MateryalPH\packages\api-contract\generated\typescript\docs\ComplianceRegisterListEnvelope.md
[main] [34mINFO [0;39m o.o.codegen.TemplateManager - writing file C:\Users\RJ\Downloads\Capstone Project System\Capstone_MateryalPH\packages\api-contract\generated\typescript\src\models\ComplianceReviewSummary.ts
[main] [34mINFO [0;39m o.o.codegen.TemplateManager - skipping unchanged file C:\Users\RJ\Downloads\Capstone Project System\Capstone_MateryalPH\packages\api-contract\generated\typescript\docs\ComplianceReviewSummary.md
[main] [34mINFO [0;39m o.o.codegen.TemplateManager - writing file C:\Users\RJ\Downloads\Capstone Project System\Capstone_MateryalPH\packages\api-contract\generated\typescript\src\models\ComplianceSubmission.ts
[main] [34mINFO [0;39m o.o.codegen.TemplateManager - skipping unchanged file C:\Users\RJ\Downloads\Capstone Project System\Capstone_MateryalPH\packages\api-contract\generated\typescript\docs\ComplianceSubmission.md
[main] [34mINFO [0;39m o.o.codegen.TemplateManager - writing file C:\Users\RJ\Downloads\Capstone Project System\Capstone_MateryalPH\packages\api-contract\generated\typescript\src\models\ComplianceSubmissionSummary.ts
[main] [34mINFO [0;39m o.o.codegen.TemplateManager - skipping unchanged file C:\Users\RJ\Downloads\Capstone Project System\Capstone_MateryalPH\packages\api-contract\generated\typescript\docs\ComplianceSubmissionSummary.md
[main] [34mINFO [0;39m o.o.codegen.TemplateManager - writing file C:\Users\RJ\Downloads\Capstone Project System\Capstone_MateryalPH\packages\api-contract\generated\typescript\src\models\ConversationDetail.ts
[main] [34mINFO [0;39m o.o.codegen.TemplateManager - skipping unchanged file C:\Users\RJ\Downloads\Capstone Project System\Capstone_MateryalPH\packages\api-contract\generated\typescript\docs\ConversationDetail.md
[main] [34mINFO [0;39m o.o.codegen.TemplateManager - writing file C:\Users\RJ\Downloads\Capstone Project System\Capstone_MateryalPH\packages\api-contract\generated\typescript\src\models\ConversationDetailResponse.ts
[main] [34mINFO [0;39m o.o.codegen.TemplateManager - skipping unchanged file C:\Users\RJ\Downloads\Capstone Project System\Capstone_MateryalPH\packages\api-contract\generated\typescript\docs\ConversationDetailResponse.md
[main] [34mINFO [0;39m o.o.codegen.TemplateManager - writing file C:\Users\RJ\Downloads\Capstone Project System\Capstone_MateryalPH\packages\api-contract\generated\typescript\src\models\ConversationPage.ts
[main] [34mINFO [0;39m o.o.codegen.TemplateManager - skipping unchanged file C:\Users\RJ\Downloads\Capstone Project System\Capstone_MateryalPH\packages\api-contract\generated\typescript\docs\ConversationPage.md
[main] [34mINFO [0;39m o.o.codegen.TemplateManager - writing file C:\Users\RJ\Downloads\Capstone Project System\Capstone_MateryalPH\packages\api-contract\generated\typescript\src\models\ConversationPageResponse.ts
[main] [34mINFO [0;39m o.o.codegen.TemplateManager - skipping unchanged file C:\Users\RJ\Downloads\Capstone Project System\Capstone_MateryalPH\packages\api-contract\generated\typescript\docs\ConversationPageResponse.md
[main] [34mINFO [0;39m o.o.codegen.TemplateManager - writing file C:\Users\RJ\Downloads\Capstone Project System\Capstone_MateryalPH\packages\api-contract\generated\typescript\src\models\ConversationView.ts
[main] [34mINFO [0;39m o.o.codegen.TemplateManager - skipping unchanged file C:\Users\RJ\Downloads\Capstone Project System\Capstone_MateryalPH\packages\api-contract\generated\typescript\docs\ConversationView.md
[main] [34mINFO [0;39m o.o.codegen.TemplateManager - writing file C:\Users\RJ\Downloads\Capstone Project System\Capstone_MateryalPH\packages\api-contract\generated\typescript\src\models\CsrfEnvelope.ts
[main] [34mINFO [0;39m o.o.codegen.TemplateManager - skipping unchanged file C:\Users\RJ\Downloads\Capstone Project System\Capstone_MateryalPH\packages\api-contract\generated\typescript\docs\CsrfEnvelope.md
[main] [34mINFO [0;39m o.o.codegen.TemplateManager - writing file C:\Users\RJ\Downloads\Capstone Project System\Capstone_MateryalPH\packages\api-contract\generated\typescript\src\models\CsrfEnvelopeAllOfData.ts
[main] [34mINFO [0;39m o.o.codegen.TemplateManager - skipping unchanged file C:\Users\RJ\Downloads\Capstone Project System\Capstone_MateryalPH\packages\api-contract\generated\typescript\docs\CsrfEnvelopeAllOfData.md
[main] [34mINFO [0;39m o.o.codegen.TemplateManager - writing file C:\Users\RJ\Downloads\Capstone Project System\Capstone_MateryalPH\packages\api-contract\generated\typescript\src\models\DatasetLabel.ts
[main] [34mINFO [0;39m o.o.codegen.TemplateManager - skipping unchanged file C:\Users\RJ\Downloads\Capstone Project System\Capstone_MateryalPH\packages\api-contract\generated\typescript\docs\DatasetLabel.md
[main] [34mINFO [0;39m o.o.codegen.TemplateManager - writing file C:\Users\RJ\Downloads\Capstone Project System\Capstone_MateryalPH\packages\api-contract\generated\typescript\src\models\DeliveryAmount.ts
[main] [34mINFO [0;39m o.o.codegen.TemplateManager - skipping unchanged file C:\Users\RJ\Downloads\Capstone Project System\Capstone_MateryalPH\packages\api-contract\generated\typescript\docs\DeliveryAmount.md
[main] [34mINFO [0;39m o.o.codegen.TemplateManager - writing file C:\Users\RJ\Downloads\Capstone Project System\Capstone_MateryalPH\packages\api-contract\generated\typescript\src\models\DeliveryConfirmation.ts
[main] [34mINFO [0;39m o.o.codegen.TemplateManager - skipping unchanged file C:\Users\RJ\Downloads\Capstone Project System\Capstone_MateryalPH\packages\api-contract\generated\typescript\docs\DeliveryConfirmation.md
[main] [34mINFO [0;39m o.o.codegen.TemplateManager - writing file C:\Users\RJ\Downloads\Capstone Project System\Capstone_MateryalPH\packages\api-contract\generated\typescript\src\models\DeliveryEstimate.ts
[main] [34mINFO [0;39m o.o.codegen.TemplateManager - skipping unchanged file C:\Users\RJ\Downloads\Capstone Project System\Capstone_MateryalPH\packages\api-contract\generated\typescript\docs\DeliveryEstimate.md
[main] [34mINFO [0;39m o.o.codegen.TemplateManager - writing file C:\Users\RJ\Downloads\Capstone Project System\Capstone_MateryalPH\packages\api-contract\generated\typescript\src\models\DeliveryEstimateOption.ts
[main] [34mINFO [0;39m o.o.codegen.TemplateManager - skipping unchanged file C:\Users\RJ\Downloads\Capstone Project System\Capstone_MateryalPH\packages\api-contract\generated\typescript\docs\DeliveryEstimateOption.md
[main] [34mINFO [0;39m o.o.codegen.TemplateManager - writing file C:\Users\RJ\Downloads\Capstone Project System\Capstone_MateryalPH\packages\api-contract\generated\typescript\src\models\DeliveryPlan.ts
[main] [34mINFO [0;39m o.o.codegen.TemplateManager - skipping unchanged file C:\Users\RJ\Downloads\Capstone Project System\Capstone_MateryalPH\packages\api-contract\generated\typescript\docs\DeliveryPlan.md
[main] [34mINFO [0;39m o.o.codegen.TemplateManager - writing file C:\Users\RJ\Downloads\Capstone Project System\Capstone_MateryalPH\packages\api-contract\generated\typescript\src\models\DeliveryPlanEndpoint.ts
[main] [34mINFO [0;39m o.o.codegen.TemplateManager - skipping unchanged file C:\Users\RJ\Downloads\Capstone Project System\Capstone_MateryalPH\packages\api-contract\generated\typescript\docs\DeliveryPlanEndpoint.md
[main] [34mINFO [0;39m o.o.codegen.TemplateManager - writing file C:\Users\RJ\Downloads\Capstone Project System\Capstone_MateryalPH\packages\api-contract\generated\typescript\src\models\DeliveryPlanEnvelope.ts
[main] [34mINFO [0;39m o.o.codegen.TemplateManager - skipping unchanged file C:\Users\RJ\Downloads\Capstone Project System\Capstone_MateryalPH\packages\api-contract\generated\typescript\docs\DeliveryPlanEnvelope.md
[main] [34mINFO [0;39m o.o.codegen.TemplateManager - writing file C:\Users\RJ\Downloads\Capstone Project System\Capstone_MateryalPH\packages\api-contract\generated\typescript\src\models\DeliveryPlanFormula.ts
[main] [34mINFO [0;39m o.o.codegen.TemplateManager - skipping unchanged file C:\Users\RJ\Downloads\Capstone Project System\Capstone_MateryalPH\packages\api-contract\generated\typescript\docs\DeliveryPlanFormula.md
[main] [34mINFO [0;39m o.o.codegen.TemplateManager - writing file C:\Users\RJ\Downloads\Capstone Project System\Capstone_MateryalPH\packages\api-contract\generated\typescript\src\models\DeliveryPlanGroup.ts
[main] [34mINFO [0;39m o.o.codegen.TemplateManager - skipping unchanged file C:\Users\RJ\Downloads\Capstone Project System\Capstone_MateryalPH\packages\api-contract\generated\typescript\docs\DeliveryPlanGroup.md
[main] [34mINFO [0;39m o.o.codegen.TemplateManager - writing file C:\Users\RJ\Downloads\Capstone Project System\Capstone_MateryalPH\packages\api-contract\generated\typescript\src\models\DeliveryPlanRequest.ts
[main] [34mINFO [0;39m o.o.codegen.TemplateManager - skipping unchanged file C:\Users\RJ\Downloads\Capstone Project System\Capstone_MateryalPH\packages\api-contract\generated\typescript\docs\DeliveryPlanRequest.md
[main] [34mINFO [0;39m o.o.codegen.TemplateManager - writing file C:\Users\RJ\Downloads\Capstone Project System\Capstone_MateryalPH\packages\api-contract\generated\typescript\src\models\DeliveryPlanRoute.ts
[main] [34mINFO [0;39m o.o.codegen.TemplateManager - skipping unchanged file C:\Users\RJ\Downloads\Capstone Project System\Capstone_MateryalPH\packages\api-contract\generated\typescript\docs\DeliveryPlanRoute.md
[main] [34mINFO [0;39m o.o.codegen.TemplateManager - writing file C:\Users\RJ\Downloads\Capstone Project System\Capstone_MateryalPH\packages\api-contract\generated\typescript\src\models\DeliveryPlanVehicle.ts
[main] [34mINFO [0;39m o.o.codegen.TemplateManager - skipping unchanged file C:\Users\RJ\Downloads\Capstone Project System\Capstone_MateryalPH\packages\api-contract\generated\typescript\docs\DeliveryPlanVehicle.md
[main] [34mINFO [0;39m o.o.codegen.TemplateManager - writing file C:\Users\RJ\Downloads\Capstone Project System\Capstone_MateryalPH\packages\api-contract\generated\typescript\src\models\DeliveryPreview.ts
[main] [34mINFO [0;39m o.o.codegen.TemplateManager - skipping unchanged file C:\Users\RJ\Downloads\Capstone Project System\Capstone_MateryalPH\packages\api-contract\generated\typescript\docs\DeliveryPreview.md
[main] [34mINFO [0;39m o.o.codegen.TemplateManager - writing file C:\Users\RJ\Downloads\Capstone Project System\Capstone_MateryalPH\packages\api-contract\generated\typescript\src\models\DeliveryRoute.ts
[main] [34mINFO [0;39m o.o.codegen.TemplateManager - skipping unchanged file C:\Users\RJ\Downloads\Capstone Project System\Capstone_MateryalPH\packages\api-contract\generated\typescript\docs\DeliveryRoute.md
[main] [34mINFO [0;39m o.o.codegen.TemplateManager - writing file C:\Users\RJ\Downloads\Capstone Project System\Capstone_MateryalPH\packages\api-contract\generated\typescript\src\models\DeliveryVehicleSelection.ts
[main] [34mINFO [0;39m o.o.codegen.TemplateManager - skipping unchanged file C:\Users\RJ\Downloads\Capstone Project System\Capstone_MateryalPH\packages\api-contract\generated\typescript\docs\DeliveryVehicleSelection.md
[main] [34mINFO [0;39m o.o.codegen.TemplateManager - writing file C:\Users\RJ\Downloads\Capstone Project System\Capstone_MateryalPH\packages\api-contract\generated\typescript\src\models\DirectoryAvailability.ts
[main] [34mINFO [0;39m o.o.codegen.TemplateManager - skipping unchanged file C:\Users\RJ\Downloads\Capstone Project System\Capstone_MateryalPH\packages\api-contract\generated\typescript\docs\DirectoryAvailability.md
[main] [34mINFO [0;39m o.o.codegen.TemplateManager - writing file C:\Users\RJ\Downloads\Capstone Project System\Capstone_MateryalPH\packages\api-contract\generated\typescript\src\models\DirectorySupplierDetail.ts
[main] [34mINFO [0;39m o.o.codegen.TemplateManager - skipping unchanged file C:\Users\RJ\Downloads\Capstone Project System\Capstone_MateryalPH\packages\api-contract\generated\typescript\docs\DirectorySupplierDetail.md
[main] [34mINFO [0;39m o.o.codegen.TemplateManager - writing file C:\Users\RJ\Downloads\Capstone Project System\Capstone_MateryalPH\packages\api-contract\generated\typescript\src\models\DirectorySupplierDetailEnvelope.ts
[main] [34mINFO [0;39m o.o.codegen.TemplateManager - skipping unchanged file C:\Users\RJ\Downloads\Capstone Project System\Capstone_MateryalPH\packages\api-contract\generated\typescript\docs\DirectorySupplierDetailEnvelope.md
[main] [34mINFO [0;39m o.o.codegen.TemplateManager - writing file C:\Users\RJ\Downloads\Capstone Project System\Capstone_MateryalPH\packages\api-contract\generated\typescript\src\models\DirectorySupplierPhoto.ts
[main] [34mINFO [0;39m o.o.codegen.TemplateManager - skipping unchanged file C:\Users\RJ\Downloads\Capstone Project System\Capstone_MateryalPH\packages\api-contract\generated\typescript\docs\DirectorySupplierPhoto.md
[main] [34mINFO [0;39m o.o.codegen.TemplateManager - writing file C:\Users\RJ\Downloads\Capstone Project System\Capstone_MateryalPH\packages\api-contract\generated\typescript\src\models\DirectorySupplierPhotoEnvelope.ts
[main] [34mINFO [0;39m o.o.codegen.TemplateManager - skipping unchanged file C:\Users\RJ\Downloads\Capstone Project System\Capstone_MateryalPH\packages\api-contract\generated\typescript\docs\DirectorySupplierPhotoEnvelope.md
[main] [34mINFO [0;39m o.o.codegen.TemplateManager - writing file C:\Users\RJ\Downloads\Capstone Project System\Capstone_MateryalPH\packages\api-contract\generated\typescript\src\models\DirectorySupplierSummary.ts
[main] [34mINFO [0;39m o.o.codegen.TemplateManager - skipping unchanged file C:\Users\RJ\Downloads\Capstone Project System\Capstone_MateryalPH\packages\api-contract\generated\typescript\docs\DirectorySupplierSummary.md
[main] [34mINFO [0;39m o.o.codegen.TemplateManager - writing file C:\Users\RJ\Downloads\Capstone Project System\Capstone_MateryalPH\packages\api-contract\generated\typescript\src\models\DiscoveryCounts.ts
[main] [34mINFO [0;39m o.o.codegen.TemplateManager - skipping unchanged file C:\Users\RJ\Downloads\Capstone Project System\Capstone_MateryalPH\packages\api-contract\generated\typescript\docs\DiscoveryCounts.md
[main] [34mINFO [0;39m o.o.codegen.TemplateManager - writing file C:\Users\RJ\Downloads\Capstone Project System\Capstone_MateryalPH\packages\api-contract\generated\typescript\src\models\DiscoveryPreferences.ts
[main] [34mINFO [0;39m o.o.codegen.TemplateManager - skipping unchanged file C:\Users\RJ\Downloads\Capstone Project System\Capstone_MateryalPH\packages\api-contract\generated\typescript\docs\DiscoveryPreferences.md
[main] [34mINFO [0;39m o.o.codegen.TemplateManager - writing file C:\Users\RJ\Downloads\Capstone Project System\Capstone_MateryalPH\packages\api-contract\generated\typescript\src\models\DiscoveryPreferencesEnvelope.ts
[main] [34mINFO [0;39m o.o.codegen.TemplateManager - skipping unchanged file C:\Users\RJ\Downloads\Capstone Project System\Capstone_MateryalPH\packages\api-contract\generated\typescript\docs\DiscoveryPreferencesEnvelope.md
[main] [34mINFO [0;39m o.o.codegen.TemplateManager - writing file C:\Users\RJ\Downloads\Capstone Project System\Capstone_MateryalPH\packages\api-contract\generated\typescript\src\models\DiscoveryScope.ts
[main] [34mINFO [0;39m o.o.codegen.TemplateManager - skipping unchanged file C:\Users\RJ\Downloads\Capstone Project System\Capstone_MateryalPH\packages\api-contract\generated\typescript\docs\DiscoveryScope.md
[main] [34mINFO [0;39m o.o.codegen.TemplateManager - writing file C:\Users\RJ\Downloads\Capstone Project System\Capstone_MateryalPH\packages\api-contract\generated\typescript\src\models\DiscoverySearchEnvelope.ts
[main] [34mINFO [0;39m o.o.codegen.TemplateManager - skipping unchanged file C:\Users\RJ\Downloads\Capstone Project System\Capstone_MateryalPH\packages\api-contract\generated\typescript\docs\DiscoverySearchEnvelope.md
[main] [34mINFO [0;39m o.o.codegen.TemplateManager - writing file C:\Users\RJ\Downloads\Capstone Project System\Capstone_MateryalPH\packages\api-contract\generated\typescript\src\models\DiscoverySearchMeta.ts
[main] [34mINFO [0;39m o.o.codegen.TemplateManager - skipping unchanged file C:\Users\RJ\Downloads\Capstone Project System\Capstone_MateryalPH\packages\api-contract\generated\typescript\docs\DiscoverySearchMeta.md
[main] [34mINFO [0;39m o.o.codegen.TemplateManager - writing file C:\Users\RJ\Downloads\Capstone Project System\Capstone_MateryalPH\packages\api-contract\generated\typescript\src\models\DiscoverySearchRequest.ts
[main] [34mINFO [0;39m o.o.codegen.TemplateManager - skipping unchanged file C:\Users\RJ\Downloads\Capstone Project System\Capstone_MateryalPH\packages\api-contract\generated\typescript\docs\DiscoverySearchRequest.md
[main] [34mINFO [0;39m o.o.codegen.TemplateManager - writing file C:\Users\RJ\Downloads\Capstone Project System\Capstone_MateryalPH\packages\api-contract\generated\typescript\src\models\EmailRequest.ts
[main] [34mINFO [0;39m o.o.codegen.TemplateManager - skipping unchanged file C:\Users\RJ\Downloads\Capstone Project System\Capstone_MateryalPH\packages\api-contract\generated\typescript\docs\EmailRequest.md
[main] [34mINFO [0;39m o.o.codegen.TemplateManager - writing file C:\Users\RJ\Downloads\Capstone Project System\Capstone_MateryalPH\packages\api-contract\generated\typescript\src\models\ErrorEnvelope.ts
[main] [34mINFO [0;39m o.o.codegen.TemplateManager - skipping unchanged file C:\Users\RJ\Downloads\Capstone Project System\Capstone_MateryalPH\packages\api-contract\generated\typescript\docs\ErrorEnvelope.md
[main] [34mINFO [0;39m o.o.codegen.TemplateManager - writing file C:\Users\RJ\Downloads\Capstone Project System\Capstone_MateryalPH\packages\api-contract\generated\typescript\src\models\ExploreCategoryCount.ts
[main] [34mINFO [0;39m o.o.codegen.TemplateManager - skipping unchanged file C:\Users\RJ\Downloads\Capstone Project System\Capstone_MateryalPH\packages\api-contract\generated\typescript\docs\ExploreCategoryCount.md
[main] [34mINFO [0;39m o.o.codegen.TemplateManager - writing file C:\Users\RJ\Downloads\Capstone Project System\Capstone_MateryalPH\packages\api-contract\generated\typescript\src\models\ExploreCounts.ts
[main] [34mINFO [0;39m o.o.codegen.TemplateManager - skipping unchanged file C:\Users\RJ\Downloads\Capstone Project System\Capstone_MateryalPH\packages\api-contract\generated\typescript\docs\ExploreCounts.md
[main] [34mINFO [0;39m o.o.codegen.TemplateManager - writing file C:\Users\RJ\Downloads\Capstone Project System\Capstone_MateryalPH\packages\api-contract\generated\typescript\src\models\ExploreLabels.ts
[main] [34mINFO [0;39m o.o.codegen.TemplateManager - skipping unchanged file C:\Users\RJ\Downloads\Capstone Project System\Capstone_MateryalPH\packages\api-contract\generated\typescript\docs\ExploreLabels.md
[main] [34mINFO [0;39m o.o.codegen.TemplateManager - writing file C:\Users\RJ\Downloads\Capstone Project System\Capstone_MateryalPH\packages\api-contract\generated\typescript\src\models\ExploreSummary.ts
[main] [34mINFO [0;39m o.o.codegen.TemplateManager - skipping unchanged file C:\Users\RJ\Downloads\Capstone Project System\Capstone_MateryalPH\packages\api-contract\generated\typescript\docs\ExploreSummary.md
[main] [34mINFO [0;39m o.o.codegen.TemplateManager - writing file C:\Users\RJ\Downloads\Capstone Project System\Capstone_MateryalPH\packages\api-contract\generated\typescript\src\models\ExploreSummaryEnvelope.ts
[main] [34mINFO [0;39m o.o.codegen.TemplateManager - skipping unchanged file C:\Users\RJ\Downloads\Capstone Project System\Capstone_MateryalPH\packages\api-contract\generated\typescript\docs\ExploreSummaryEnvelope.md
[main] [34mINFO [0;39m o.o.codegen.TemplateManager - writing file C:\Users\RJ\Downloads\Capstone Project System\Capstone_MateryalPH\packages\api-contract\generated\typescript\src\models\FavoriteSupplier.ts
[main] [34mINFO [0;39m o.o.codegen.TemplateManager - skipping unchanged file C:\Users\RJ\Downloads\Capstone Project System\Capstone_MateryalPH\packages\api-contract\generated\typescript\docs\FavoriteSupplier.md
[main] [34mINFO [0;39m o.o.codegen.TemplateManager - writing file C:\Users\RJ\Downloads\Capstone Project System\Capstone_MateryalPH\packages\api-contract\generated\typescript\src\models\FavoriteSupplierListEnvelope.ts
[main] [34mINFO [0;39m o.o.codegen.TemplateManager - skipping unchanged file C:\Users\RJ\Downloads\Capstone Project System\Capstone_MateryalPH\packages\api-contract\generated\typescript\docs\FavoriteSupplierListEnvelope.md
[main] [34mINFO [0;39m o.o.codegen.TemplateManager - writing file C:\Users\RJ\Downloads\Capstone Project System\Capstone_MateryalPH\packages\api-contract\generated\typescript\src\models\FavoriteSupplierState.ts
[main] [34mINFO [0;39m o.o.codegen.TemplateManager - skipping unchanged file C:\Users\RJ\Downloads\Capstone Project System\Capstone_MateryalPH\packages\api-contract\generated\typescript\docs\FavoriteSupplierState.md
[main] [34mINFO [0;39m o.o.codegen.TemplateManager - writing file C:\Users\RJ\Downloads\Capstone Project System\Capstone_MateryalPH\packages\api-contract\generated\typescript\src\models\FavoriteSupplierStateEnvelope.ts
[main] [34mINFO [0;39m o.o.codegen.TemplateManager - skipping unchanged file C:\Users\RJ\Downloads\Capstone Project System\Capstone_MateryalPH\packages\api-contract\generated\typescript\docs\FavoriteSupplierStateEnvelope.md
[main] [34mINFO [0;39m o.o.codegen.TemplateManager - writing file C:\Users\RJ\Downloads\Capstone Project System\Capstone_MateryalPH\packages\api-contract\generated\typescript\src\models\FeatureAvailability.ts
[main] [34mINFO [0;39m o.o.codegen.TemplateManager - skipping unchanged file C:\Users\RJ\Downloads\Capstone Project System\Capstone_MateryalPH\packages\api-contract\generated\typescript\docs\FeatureAvailability.md
[main] [34mINFO [0;39m o.o.codegen.TemplateManager - writing file C:\Users\RJ\Downloads\Capstone Project System\Capstone_MateryalPH\packages\api-contract\generated\typescript\src\models\FeeAssessment.ts
[main] [34mINFO [0;39m o.o.codegen.TemplateManager - skipping unchanged file C:\Users\RJ\Downloads\Capstone Project System\Capstone_MateryalPH\packages\api-contract\generated\typescript\docs\FeeAssessment.md
[main] [34mINFO [0;39m o.o.codegen.TemplateManager - writing file C:\Users\RJ\Downloads\Capstone Project System\Capstone_MateryalPH\packages\api-contract\generated\typescript\src\models\FinancialPreview.ts
[main] [34mINFO [0;39m o.o.codegen.TemplateManager - skipping unchanged file C:\Users\RJ\Downloads\Capstone Project System\Capstone_MateryalPH\packages\api-contract\generated\typescript\docs\FinancialPreview.md
[main] [34mINFO [0;39m o.o.codegen.TemplateManager - writing file C:\Users\RJ\Downloads\Capstone Project System\Capstone_MateryalPH\packages\api-contract\generated\typescript\src\models\FinancialPreviewLine.ts
[main] [34mINFO [0;39m o.o.codegen.TemplateManager - skipping unchanged file C:\Users\RJ\Downloads\Capstone Project System\Capstone_MateryalPH\packages\api-contract\generated\typescript\docs\FinancialPreviewLine.md
[main] [34mINFO [0;39m o.o.codegen.TemplateManager - writing file C:\Users\RJ\Downloads\Capstone Project System\Capstone_MateryalPH\packages\api-contract\generated\typescript\src\models\FinancialSnapshot.ts
[main] [34mINFO [0;39m o.o.codegen.TemplateManager - skipping unchanged file C:\Users\RJ\Downloads\Capstone Project System\Capstone_MateryalPH\packages\api-contract\generated\typescript\docs\FinancialSnapshot.md
[main] [34mINFO [0;39m o.o.codegen.TemplateManager - writing file C:\Users\RJ\Downloads\Capstone Project System\Capstone_MateryalPH\packages\api-contract\generated\typescript\src\models\FleetVehicle.ts
[main] [34mINFO [0;39m o.o.codegen.TemplateManager - skipping unchanged file C:\Users\RJ\Downloads\Capstone Project System\Capstone_MateryalPH\packages\api-contract\generated\typescript\docs\FleetVehicle.md
[main] [34mINFO [0;39m o.o.codegen.TemplateManager - writing file C:\Users\RJ\Downloads\Capstone Project System\Capstone_MateryalPH\packages\api-contract\generated\typescript\src\models\FleetVehicleEligibility.ts
[main] [34mINFO [0;39m o.o.codegen.TemplateManager - skipping unchanged file C:\Users\RJ\Downloads\Capstone Project System\Capstone_MateryalPH\packages\api-contract\generated\typescript\docs\FleetVehicleEligibility.md
[main] [34mINFO [0;39m o.o.codegen.TemplateManager - writing file C:\Users\RJ\Downloads\Capstone Project System\Capstone_MateryalPH\packages\api-contract\generated\typescript\src\models\FleetVehicleImageEnvelope.ts
[main] [34mINFO [0;39m o.o.codegen.TemplateManager - skipping unchanged file C:\Users\RJ\Downloads\Capstone Project System\Capstone_MateryalPH\packages\api-contract\generated\typescript\docs\FleetVehicleImageEnvelope.md
[main] [34mINFO [0;39m o.o.codegen.TemplateManager - writing file C:\Users\RJ\Downloads\Capstone Project System\Capstone_MateryalPH\packages\api-contract\generated\typescript\src\models\FleetVehicleImageEnvelopeData.ts
[main] [34mINFO [0;39m o.o.codegen.TemplateManager - skipping unchanged file C:\Users\RJ\Downloads\Capstone Project System\Capstone_MateryalPH\packages\api-contract\generated\typescript\docs\FleetVehicleImageEnvelopeData.md
[main] [34mINFO [0;39m o.o.codegen.TemplateManager - writing file C:\Users\RJ\Downloads\Capstone Project System\Capstone_MateryalPH\packages\api-contract\generated\typescript\src\models\FleetVehicleInput.ts
[main] [34mINFO [0;39m o.o.codegen.TemplateManager - skipping unchanged file C:\Users\RJ\Downloads\Capstone Project System\Capstone_MateryalPH\packages\api-contract\generated\typescript\docs\FleetVehicleInput.md
[main] [34mINFO [0;39m o.o.codegen.TemplateManager - writing file C:\Users\RJ\Downloads\Capstone Project System\Capstone_MateryalPH\packages\api-contract\generated\typescript\src\models\FleetVehicleListEnvelope.ts
[main] [34mINFO [0;39m o.o.codegen.TemplateManager - skipping unchanged file C:\Users\RJ\Downloads\Capstone Project System\Capstone_MateryalPH\packages\api-contract\generated\typescript\docs\FleetVehicleListEnvelope.md
[main] [34mINFO [0;39m o.o.codegen.TemplateManager - writing file C:\Users\RJ\Downloads\Capstone Project System\Capstone_MateryalPH\packages\api-contract\generated\typescript\src\models\FleetVehicleListMeta.ts
[main] [34mINFO [0;39m o.o.codegen.TemplateManager - skipping unchanged file C:\Users\RJ\Downloads\Capstone Project System\Capstone_MateryalPH\packages\api-contract\generated\typescript\docs\FleetVehicleListMeta.md
[main] [34mINFO [0;39m o.o.codegen.TemplateManager - writing file C:\Users\RJ\Downloads\Capstone Project System\Capstone_MateryalPH\packages\api-contract\generated\typescript\src\models\FleetVehicleListMetaDelivery.ts
[main] [34mINFO [0;39m o.o.codegen.TemplateManager - skipping unchanged file C:\Users\RJ\Downloads\Capstone Project System\Capstone_MateryalPH\packages\api-contract\generated\typescript\docs\FleetVehicleListMetaDelivery.md
[main] [34mINFO [0;39m o.o.codegen.TemplateManager - writing file C:\Users\RJ\Downloads\Capstone Project System\Capstone_MateryalPH\packages\api-contract\generated\typescript\src\models\FleetVehicleListMetaLimits.ts
[main] [34mINFO [0;39m o.o.codegen.TemplateManager - skipping unchanged file C:\Users\RJ\Downloads\Capstone Project System\Capstone_MateryalPH\packages\api-contract\generated\typescript\docs\FleetVehicleListMetaLimits.md
[main] [34mINFO [0;39m o.o.codegen.TemplateManager - writing file C:\Users\RJ\Downloads\Capstone Project System\Capstone_MateryalPH\packages\api-contract\generated\typescript\src\models\FleetVehicleListMetaPermissions.ts
[main] [34mINFO [0;39m o.o.codegen.TemplateManager - skipping unchanged file C:\Users\RJ\Downloads\Capstone Project System\Capstone_MateryalPH\packages\api-contract\generated\typescript\docs\FleetVehicleListMetaPermissions.md
[main] [34mINFO [0;39m o.o.codegen.TemplateManager - writing file C:\Users\RJ\Downloads\Capstone Project System\Capstone_MateryalPH\packages\api-contract\generated\typescript\src\models\FleetVehiclesSave.ts
[main] [34mINFO [0;39m o.o.codegen.TemplateManager - skipping unchanged file C:\Users\RJ\Downloads\Capstone Project System\Capstone_MateryalPH\packages\api-contract\generated\typescript\docs\FleetVehiclesSave.md
[main] [34mINFO [0;39m o.o.codegen.TemplateManager - writing file C:\Users\RJ\Downloads\Capstone Project System\Capstone_MateryalPH\packages\api-contract\generated\typescript\src\models\GenericDataEnvelope.ts
[main] [34mINFO [0;39m o.o.codegen.TemplateManager - skipping unchanged file C:\Users\RJ\Downloads\Capstone Project System\Capstone_MateryalPH\packages\api-contract\generated\typescript\docs\GenericDataEnvelope.md
[main] [34mINFO [0;39m o.o.codegen.TemplateManager - writing file C:\Users\RJ\Downloads\Capstone Project System\Capstone_MateryalPH\packages\api-contract\generated\typescript\src\models\GoogleContentAuthor.ts
[main] [34mINFO [0;39m o.o.codegen.TemplateManager - skipping unchanged file C:\Users\RJ\Downloads\Capstone Project System\Capstone_MateryalPH\packages\api-contract\generated\typescript\docs\GoogleContentAuthor.md
[main] [34mINFO [0;39m o.o.codegen.TemplateManager - writing file C:\Users\RJ\Downloads\Capstone Project System\Capstone_MateryalPH\packages\api-contract\generated\typescript\src\models\GoogleMobileExchangeRequest.ts
[main] [34mINFO [0;39m o.o.codegen.TemplateManager - skipping unchanged file C:\Users\RJ\Downloads\Capstone Project System\Capstone_MateryalPH\packages\api-contract\generated\typescript\docs\GoogleMobileExchangeRequest.md
[main] [34mINFO [0;39m o.o.codegen.TemplateManager - writing file C:\Users\RJ\Downloads\Capstone Project System\Capstone_MateryalPH\packages\api-contract\generated\typescript\src\models\GoogleOidcStartRequest.ts
[main] [34mINFO [0;39m o.o.codegen.TemplateManager - skipping unchanged file C:\Users\RJ\Downloads\Capstone Project System\Capstone_MateryalPH\packages\api-contract\generated\typescript\docs\GoogleOidcStartRequest.md
[main] [34mINFO [0;39m o.o.codegen.TemplateManager - writing file C:\Users\RJ\Downloads\Capstone Project System\Capstone_MateryalPH\packages\api-contract\generated\typescript\src\models\GooglePlaceAttribute.ts
[main] [34mINFO [0;39m o.o.codegen.TemplateManager - skipping unchanged file C:\Users\RJ\Downloads\Capstone Project System\Capstone_MateryalPH\packages\api-contract\generated\typescript\docs\GooglePlaceAttribute.md
[main] [34mINFO [0;39m o.o.codegen.TemplateManager - writing file C:\Users\RJ\Downloads\Capstone Project System\Capstone_MateryalPH\packages\api-contract\generated\typescript\src\models\GooglePlacePhoto.ts
[main] [34mINFO [0;39m o.o.codegen.TemplateManager - skipping unchanged file C:\Users\RJ\Downloads\Capstone Project System\Capstone_MateryalPH\packages\api-contract\generated\typescript\docs\GooglePlacePhoto.md
[main] [34mINFO [0;39m o.o.codegen.TemplateManager - writing file C:\Users\RJ\Downloads\Capstone Project System\Capstone_MateryalPH\packages\api-contract\generated\typescript\src\models\GooglePlaceReview.ts
[main] [34mINFO [0;39m o.o.codegen.TemplateManager - skipping unchanged file C:\Users\RJ\Downloads\Capstone Project System\Capstone_MateryalPH\packages\api-contract\generated\typescript\docs\GooglePlaceReview.md
[main] [34mINFO [0;39m o.o.codegen.TemplateManager - writing file C:\Users\RJ\Downloads\Capstone Project System\Capstone_MateryalPH\packages\api-contract\generated\typescript\src\models\GoogleRating.ts
[main] [34mINFO [0;39m o.o.codegen.TemplateManager - skipping unchanged file C:\Users\RJ\Downloads\Capstone Project System\Capstone_MateryalPH\packages\api-contract\generated\typescript\docs\GoogleRating.md
[main] [34mINFO [0;39m o.o.codegen.TemplateManager - writing file C:\Users\RJ\Downloads\Capstone Project System\Capstone_MateryalPH\packages\api-contract\generated\typescript\src\models\HealthEnvelope.ts
[main] [34mINFO [0;39m o.o.codegen.TemplateManager - skipping unchanged file C:\Users\RJ\Downloads\Capstone Project System\Capstone_MateryalPH\packages\api-contract\generated\typescript\docs\HealthEnvelope.md
[main] [34mINFO [0;39m o.o.codegen.TemplateManager - writing file C:\Users\RJ\Downloads\Capstone Project System\Capstone_MateryalPH\packages\api-contract\generated\typescript\src\models\HealthEnvelopeAllOfData.ts
[main] [34mINFO [0;39m o.o.codegen.TemplateManager - skipping unchanged file C:\Users\RJ\Downloads\Capstone Project System\Capstone_MateryalPH\packages\api-contract\generated\typescript\docs\HealthEnvelopeAllOfData.md
[main] [34mINFO [0;39m o.o.codegen.TemplateManager - writing file C:\Users\RJ\Downloads\Capstone Project System\Capstone_MateryalPH\packages\api-contract\generated\typescript\src\models\InventoryBalance.ts
[main] [34mINFO [0;39m o.o.codegen.TemplateManager - skipping unchanged file C:\Users\RJ\Downloads\Capstone Project System\Capstone_MateryalPH\packages\api-contract\generated\typescript\docs\InventoryBalance.md
[main] [34mINFO [0;39m o.o.codegen.TemplateManager - writing file C:\Users\RJ\Downloads\Capstone Project System\Capstone_MateryalPH\packages\api-contract\generated\typescript\src\models\InventoryComparability.ts
[main] [34mINFO [0;39m o.o.codegen.TemplateManager - skipping unchanged file C:\Users\RJ\Downloads\Capstone Project System\Capstone_MateryalPH\packages\api-contract\generated\typescript\docs\InventoryComparability.md
[main] [34mINFO [0;39m o.o.codegen.TemplateManager - writing file C:\Users\RJ\Downloads\Capstone Project System\Capstone_MateryalPH\packages\api-contract\generated\typescript\src\models\InventoryLedgerEnvelope.ts
[main] [34mINFO [0;39m o.o.codegen.TemplateManager - skipping unchanged file C:\Users\RJ\Downloads\Capstone Project System\Capstone_MateryalPH\packages\api-contract\generated\typescript\docs\InventoryLedgerEnvelope.md
[main] [34mINFO [0;39m o.o.codegen.TemplateManager - writing file C:\Users\RJ\Downloads\Capstone Project System\Capstone_MateryalPH\packages\api-contract\generated\typescript\src\models\InventoryLedgerMeta.ts
[main] [34mINFO [0;39m o.o.codegen.TemplateManager - skipping unchanged file C:\Users\RJ\Downloads\Capstone Project System\Capstone_MateryalPH\packages\api-contract\generated\typescript\docs\InventoryLedgerMeta.md
[main] [34mINFO [0;39m o.o.codegen.TemplateManager - writing file C:\Users\RJ\Downloads\Capstone Project System\Capstone_MateryalPH\packages\api-contract\generated\typescript\src\models\InventoryLedgerMetaPermissions.ts
[main] [34mINFO [0;39m o.o.codegen.TemplateManager - skipping unchanged file C:\Users\RJ\Downloads\Capstone Project System\Capstone_MateryalPH\packages\api-contract\generated\typescript\docs\InventoryLedgerMetaPermissions.md
[main] [34mINFO [0;39m o.o.codegen.TemplateManager - writing file C:\Users\RJ\Downloads\Capstone Project System\Capstone_MateryalPH\packages\api-contract\generated\typescript\src\models\InventoryLedgerMetaStaleListings.ts
[main] [34mINFO [0;39m o.o.codegen.TemplateManager - skipping unchanged file C:\Users\RJ\Downloads\Capstone Project System\Capstone_MateryalPH\packages\api-contract\generated\typescript\docs\InventoryLedgerMetaStaleListings.md
[main] [34mINFO [0;39m o.o.codegen.TemplateManager - writing file C:\Users\RJ\Downloads\Capstone Project System\Capstone_MateryalPH\packages\api-contract\generated\typescript\src\models\InventoryLedgerMetaSummary.ts
[main] [34mINFO [0;39m o.o.codegen.TemplateManager - skipping unchanged file C:\Users\RJ\Downloads\Capstone Project System\Capstone_MateryalPH\packages\api-contract\generated\typescript\docs\InventoryLedgerMetaSummary.md
[main] [34mINFO [0;39m o.o.codegen.TemplateManager - writing file C:\Users\RJ\Downloads\Capstone Project System\Capstone_MateryalPH\packages\api-contract\generated\typescript\src\models\InventoryMovement.ts
[main] [34mINFO [0;39m o.o.codegen.TemplateManager - skipping unchanged file C:\Users\RJ\Downloads\Capstone Project System\Capstone_MateryalPH\packages\api-contract\generated\typescript\docs\InventoryMovement.md
[main] [34mINFO [0;39m o.o.codegen.TemplateManager - writing file C:\Users\RJ\Downloads\Capstone Project System\Capstone_MateryalPH\packages\api-contract\generated\typescript\src\models\InventoryMovementListEnvelope.ts
[main] [34mINFO [0;39m o.o.codegen.TemplateManager - skipping unchanged file C:\Users\RJ\Downloads\Capstone Project System\Capstone_MateryalPH\packages\api-contract\generated\typescript\docs\InventoryMovementListEnvelope.md
[main] [34mINFO [0;39m o.o.codegen.TemplateManager - writing file C:\Users\RJ\Downloads\Capstone Project System\Capstone_MateryalPH\packages\api-contract\generated\typescript\src\models\InventoryPrice.ts
[main] [34mINFO [0;39m o.o.codegen.TemplateManager - skipping unchanged file C:\Users\RJ\Downloads\Capstone Project System\Capstone_MateryalPH\packages\api-contract\generated\typescript\docs\InventoryPrice.md
[main] [34mINFO [0;39m o.o.codegen.TemplateManager - writing file C:\Users\RJ\Downloads\Capstone Project System\Capstone_MateryalPH\packages\api-contract\generated\typescript\src\models\InventoryPriceChange.ts
[main] [34mINFO [0;39m o.o.codegen.TemplateManager - skipping unchanged file C:\Users\RJ\Downloads\Capstone Project System\Capstone_MateryalPH\packages\api-contract\generated\typescript\docs\InventoryPriceChange.md
[main] [34mINFO [0;39m o.o.codegen.TemplateManager - writing file C:\Users\RJ\Downloads\Capstone Project System\Capstone_MateryalPH\packages\api-contract\generated\typescript\src\models\InventoryRow.ts
[main] [34mINFO [0;39m o.o.codegen.TemplateManager - skipping unchanged file C:\Users\RJ\Downloads\Capstone Project System\Capstone_MateryalPH\packages\api-contract\generated\typescript\docs\InventoryRow.md
[main] [34mINFO [0;39m o.o.codegen.TemplateManager - writing file C:\Users\RJ\Downloads\Capstone Project System\Capstone_MateryalPH\packages\api-contract\generated\typescript\src\models\InventoryRowEnvelope.ts
[main] [34mINFO [0;39m o.o.codegen.TemplateManager - skipping unchanged file C:\Users\RJ\Downloads\Capstone Project System\Capstone_MateryalPH\packages\api-contract\generated\typescript\docs\InventoryRowEnvelope.md
[main] [34mINFO [0;39m o.o.codegen.TemplateManager - writing file C:\Users\RJ\Downloads\Capstone Project System\Capstone_MateryalPH\packages\api-contract\generated\typescript\src\models\InventoryRowListEnvelope.ts
[main] [34mINFO [0;39m o.o.codegen.TemplateManager - skipping unchanged file C:\Users\RJ\Downloads\Capstone Project System\Capstone_MateryalPH\packages\api-contract\generated\typescript\docs\InventoryRowListEnvelope.md
[main] [34mINFO [0;39m o.o.codegen.TemplateManager - writing file C:\Users\RJ\Downloads\Capstone Project System\Capstone_MateryalPH\packages\api-contract\generated\typescript\src\models\InventoryRowUpdate.ts
[main] [34mINFO [0;39m o.o.codegen.TemplateManager - skipping unchanged file C:\Users\RJ\Downloads\Capstone Project System\Capstone_MateryalPH\packages\api-contract\generated\typescript\docs\InventoryRowUpdate.md
[main] [34mINFO [0;39m o.o.codegen.TemplateManager - writing file C:\Users\RJ\Downloads\Capstone Project System\Capstone_MateryalPH\packages\api-contract\generated\typescript\src\models\InventorySettings.ts
[main] [34mINFO [0;39m o.o.codegen.TemplateManager - skipping unchanged file C:\Users\RJ\Downloads\Capstone Project System\Capstone_MateryalPH\packages\api-contract\generated\typescript\docs\InventorySettings.md
[main] [34mINFO [0;39m o.o.codegen.TemplateManager - writing file C:\Users\RJ\Downloads\Capstone Project System\Capstone_MateryalPH\packages\api-contract\generated\typescript\src\models\InventorySettingsEnvelope.ts
[main] [34mINFO [0;39m o.o.codegen.TemplateManager - skipping unchanged file C:\Users\RJ\Downloads\Capstone Project System\Capstone_MateryalPH\packages\api-contract\generated\typescript\docs\InventorySettingsEnvelope.md
[main] [34mINFO [0;39m o.o.codegen.TemplateManager - writing file C:\Users\RJ\Downloads\Capstone Project System\Capstone_MateryalPH\packages\api-contract\generated\typescript\src\models\InventorySettingsUpdate.ts
[main] [34mINFO [0;39m o.o.codegen.TemplateManager - skipping unchanged file C:\Users\RJ\Downloads\Capstone Project System\Capstone_MateryalPH\packages\api-contract\generated\typescript\docs\InventorySettingsUpdate.md
[main] [34mINFO [0;39m o.o.codegen.TemplateManager - writing file C:\Users\RJ\Downloads\Capstone Project System\Capstone_MateryalPH\packages\api-contract\generated\typescript\src\models\ListingCategoryRef.ts
[main] [34mINFO [0;39m o.o.codegen.TemplateManager - skipping unchanged file C:\Users\RJ\Downloads\Capstone Project System\Capstone_MateryalPH\packages\api-contract\generated\typescript\docs\ListingCategoryRef.md
[main] [34mINFO [0;39m o.o.codegen.TemplateManager - writing file C:\Users\RJ\Downloads\Capstone Project System\Capstone_MateryalPH\packages\api-contract\generated\typescript\src\models\ListingCompliance.ts
[main] [34mINFO [0;39m o.o.codegen.TemplateManager - skipping unchanged file C:\Users\RJ\Downloads\Capstone Project System\Capstone_MateryalPH\packages\api-contract\generated\typescript\docs\ListingCompliance.md
[main] [34mINFO [0;39m o.o.codegen.TemplateManager - writing file C:\Users\RJ\Downloads\Capstone Project System\Capstone_MateryalPH\packages\api-contract\generated\typescript\src\models\ListingComplianceStatus.ts
[main] [34mINFO [0;39m o.o.codegen.TemplateManager - skipping unchanged file C:\Users\RJ\Downloads\Capstone Project System\Capstone_MateryalPH\packages\api-contract\generated\typescript\docs\ListingComplianceStatus.md
[main] [34mINFO [0;39m o.o.codegen.TemplateManager - writing file C:\Users\RJ\Downloads\Capstone Project System\Capstone_MateryalPH\packages\api-contract\generated\typescript\src\models\ListingDetailFulfillment.ts
[main] [34mINFO [0;39m o.o.codegen.TemplateManager - skipping unchanged file C:\Users\RJ\Downloads\Capstone Project System\Capstone_MateryalPH\packages\api-contract\generated\typescript\docs\ListingDetailFulfillment.md
[main] [34mINFO [0;39m o.o.codegen.TemplateManager - writing file C:\Users\RJ\Downloads\Capstone Project System\Capstone_MateryalPH\packages\api-contract\generated\typescript\src\models\ListingDetailVendor.ts
[main] [34mINFO [0;39m o.o.codegen.TemplateManager - skipping unchanged file C:\Users\RJ\Downloads\Capstone Project System\Capstone_MateryalPH\packages\api-contract\generated\typescript\docs\ListingDetailVendor.md
[main] [34mINFO [0;39m o.o.codegen.TemplateManager - writing file C:\Users\RJ\Downloads\Capstone Project System\Capstone_MateryalPH\packages\api-contract\generated\typescript\src\models\ListingDetails.ts
[main] [34mINFO [0;39m o.o.codegen.TemplateManager - skipping unchanged file C:\Users\RJ\Downloads\Capstone Project System\Capstone_MateryalPH\packages\api-contract\generated\typescript\docs\ListingDetails.md
[main] [34mINFO [0;39m o.o.codegen.TemplateManager - writing file C:\Users\RJ\Downloads\Capstone Project System\Capstone_MateryalPH\packages\api-contract\generated\typescript\src\models\ListingDetailsEnvelope.ts
[main] [34mINFO [0;39m o.o.codegen.TemplateManager - skipping unchanged file C:\Users\RJ\Downloads\Capstone Project System\Capstone_MateryalPH\packages\api-contract\generated\typescript\docs\ListingDetailsEnvelope.md
[main] [34mINFO [0;39m o.o.codegen.TemplateManager - writing file C:\Users\RJ\Downloads\Capstone Project System\Capstone_MateryalPH\packages\api-contract\generated\typescript\src\models\ListingFulfillmentSummary.ts
[main] [34mINFO [0;39m o.o.codegen.TemplateManager - skipping unchanged file C:\Users\RJ\Downloads\Capstone Project System\Capstone_MateryalPH\packages\api-contract\generated\typescript\docs\ListingFulfillmentSummary.md
[main] [34mINFO [0;39m o.o.codegen.TemplateManager - writing file C:\Users\RJ\Downloads\Capstone Project System\Capstone_MateryalPH\packages\api-contract\generated\typescript\src\models\ListingImage.ts
[main] [34mINFO [0;39m o.o.codegen.TemplateManager - skipping unchanged file C:\Users\RJ\Downloads\Capstone Project System\Capstone_MateryalPH\packages\api-contract\generated\typescript\docs\ListingImage.md
[main] [34mINFO [0;39m o.o.codegen.TemplateManager - writing file C:\Users\RJ\Downloads\Capstone Project System\Capstone_MateryalPH\packages\api-contract\generated\typescript\src\models\ListingPrice.ts
[main] [34mINFO [0;39m o.o.codegen.TemplateManager - skipping unchanged file C:\Users\RJ\Downloads\Capstone Project System\Capstone_MateryalPH\packages\api-contract\generated\typescript\docs\ListingPrice.md
[main] [34mINFO [0;39m o.o.codegen.TemplateManager - writing file C:\Users\RJ\Downloads\Capstone Project System\Capstone_MateryalPH\packages\api-contract\generated\typescript\src\models\ListingSearchEnvelope.ts
[main] [34mINFO [0;39m o.o.codegen.TemplateManager - skipping unchanged file C:\Users\RJ\Downloads\Capstone Project System\Capstone_MateryalPH\packages\api-contract\generated\typescript\docs\ListingSearchEnvelope.md
[main] [34mINFO [0;39m o.o.codegen.TemplateManager - writing file C:\Users\RJ\Downloads\Capstone Project System\Capstone_MateryalPH\packages\api-contract\generated\typescript\src\models\ListingSearchExpansion.ts
[main] [34mINFO [0;39m o.o.codegen.TemplateManager - skipping unchanged file C:\Users\RJ\Downloads\Capstone Project System\Capstone_MateryalPH\packages\api-contract\generated\typescript\docs\ListingSearchExpansion.md
[main] [34mINFO [0;39m o.o.codegen.TemplateManager - writing file C:\Users\RJ\Downloads\Capstone Project System\Capstone_MateryalPH\packages\api-contract\generated\typescript\src\models\ListingSearchMeta.ts
[main] [34mINFO [0;39m o.o.codegen.TemplateManager - skipping unchanged file C:\Users\RJ\Downloads\Capstone Project System\Capstone_MateryalPH\packages\api-contract\generated\typescript\docs\ListingSearchMeta.md
[main] [34mINFO [0;39m o.o.codegen.TemplateManager - writing file C:\Users\RJ\Downloads\Capstone Project System\Capstone_MateryalPH\packages\api-contract\generated\typescript\src\models\ListingSearchQuery.ts
[main] [34mINFO [0;39m o.o.codegen.TemplateManager - skipping unchanged file C:\Users\RJ\Downloads\Capstone Project System\Capstone_MateryalPH\packages\api-contract\generated\typescript\docs\ListingSearchQuery.md
[main] [34mINFO [0;39m o.o.codegen.TemplateManager - writing file C:\Users\RJ\Downloads\Capstone Project System\Capstone_MateryalPH\packages\api-contract\generated\typescript\src\models\ListingSearchRanking.ts
[main] [34mINFO [0;39m o.o.codegen.TemplateManager - skipping unchanged file C:\Users\RJ\Downloads\Capstone Project System\Capstone_MateryalPH\packages\api-contract\generated\typescript\docs\ListingSearchRanking.md
[main] [34mINFO [0;39m o.o.codegen.TemplateManager - writing file C:\Users\RJ\Downloads\Capstone Project System\Capstone_MateryalPH\packages\api-contract\generated\typescript\src\models\ListingSearchRequest.ts
[main] [34mINFO [0;39m o.o.codegen.TemplateManager - skipping unchanged file C:\Users\RJ\Downloads\Capstone Project System\Capstone_MateryalPH\packages\api-contract\generated\typescript\docs\ListingSearchRequest.md
[main] [34mINFO [0;39m o.o.codegen.TemplateManager - writing file C:\Users\RJ\Downloads\Capstone Project System\Capstone_MateryalPH\packages\api-contract\generated\typescript\src\models\ListingSearchResult.ts
[main] [34mINFO [0;39m o.o.codegen.TemplateManager - skipping unchanged file C:\Users\RJ\Downloads\Capstone Project System\Capstone_MateryalPH\packages\api-contract\generated\typescript\docs\ListingSearchResult.md
[main] [34mINFO [0;39m o.o.codegen.TemplateManager - writing file C:\Users\RJ\Downloads\Capstone Project System\Capstone_MateryalPH\packages\api-contract\generated\typescript\src\models\ListingSearchSort.ts
[main] [34mINFO [0;39m o.o.codegen.TemplateManager - skipping unchanged file C:\Users\RJ\Downloads\Capstone Project System\Capstone_MateryalPH\packages\api-contract\generated\typescript\docs\ListingSearchSort.md
[main] [34mINFO [0;39m o.o.codegen.TemplateManager - writing file C:\Users\RJ\Downloads\Capstone Project System\Capstone_MateryalPH\packages\api-contract\generated\typescript\src\models\ListingStatus.ts
[main] [34mINFO [0;39m o.o.codegen.TemplateManager - skipping unchanged file C:\Users\RJ\Downloads\Capstone Project System\Capstone_MateryalPH\packages\api-contract\generated\typescript\docs\ListingStatus.md
[main] [34mINFO [0;39m o.o.codegen.TemplateManager - writing file C:\Users\RJ\Downloads\Capstone Project System\Capstone_MateryalPH\packages\api-contract\generated\typescript\src\models\ListingStatusChange.ts
[main] [34mINFO [0;39m o.o.codegen.TemplateManager - skipping unchanged file C:\Users\RJ\Downloads\Capstone Project System\Capstone_MateryalPH\packages\api-contract\generated\typescript\docs\ListingStatusChange.md
[main] [34mINFO [0;39m o.o.codegen.TemplateManager - writing file C:\Users\RJ\Downloads\Capstone Project System\Capstone_MateryalPH\packages\api-contract\generated\typescript\src\models\ListingVariantOffer.ts
[main] [34mINFO [0;39m o.o.codegen.TemplateManager - skipping unchanged file C:\Users\RJ\Downloads\Capstone Project System\Capstone_MateryalPH\packages\api-contract\generated\typescript\docs\ListingVariantOffer.md
[main] [34mINFO [0;39m o.o.codegen.TemplateManager - writing file C:\Users\RJ\Downloads\Capstone Project System\Capstone_MateryalPH\packages\api-contract\generated\typescript\src\models\ListingVariantPrice.ts
[main] [34mINFO [0;39m o.o.codegen.TemplateManager - skipping unchanged file C:\Users\RJ\Downloads\Capstone Project System\Capstone_MateryalPH\packages\api-contract\generated\typescript\docs\ListingVariantPrice.md
[main] [34mINFO [0;39m o.o.codegen.TemplateManager - writing file C:\Users\RJ\Downloads\Capstone Project System\Capstone_MateryalPH\packages\api-contract\generated\typescript\src\models\ListingVendorCard.ts
[main] [34mINFO [0;39m o.o.codegen.TemplateManager - skipping unchanged file C:\Users\RJ\Downloads\Capstone Project System\Capstone_MateryalPH\packages\api-contract\generated\typescript\docs\ListingVendorCard.md
[main] [34mINFO [0;39m o.o.codegen.TemplateManager - writing file C:\Users\RJ\Downloads\Capstone Project System\Capstone_MateryalPH\packages\api-contract\generated\typescript\src\models\LocationAutocompleteRequest.ts
[main] [34mINFO [0;39m o.o.codegen.TemplateManager - skipping unchanged file C:\Users\RJ\Downloads\Capstone Project System\Capstone_MateryalPH\packages\api-contract\generated\typescript\docs\LocationAutocompleteRequest.md
[main] [34mINFO [0;39m o.o.codegen.TemplateManager - writing file C:\Users\RJ\Downloads\Capstone Project System\Capstone_MateryalPH\packages\api-contract\generated\typescript\src\models\LocationSuggestion.ts
[main] [34mINFO [0;39m o.o.codegen.TemplateManager - skipping unchanged file C:\Users\RJ\Downloads\Capstone Project System\Capstone_MateryalPH\packages\api-contract\generated\typescript\docs\LocationSuggestion.md
[main] [34mINFO [0;39m o.o.codegen.TemplateManager - writing file C:\Users\RJ\Downloads\Capstone Project System\Capstone_MateryalPH\packages\api-contract\generated\typescript\src\models\LocationSuggestionEnvelope.ts
[main] [34mINFO [0;39m o.o.codegen.TemplateManager - skipping unchanged file C:\Users\RJ\Downloads\Capstone Project System\Capstone_MateryalPH\packages\api-contract\generated\typescript\docs\LocationSuggestionEnvelope.md
[main] [34mINFO [0;39m o.o.codegen.TemplateManager - writing file C:\Users\RJ\Downloads\Capstone Project System\Capstone_MateryalPH\packages\api-contract\generated\typescript\src\models\LockVersionRequest.ts
[main] [34mINFO [0;39m o.o.codegen.TemplateManager - skipping unchanged file C:\Users\RJ\Downloads\Capstone Project System\Capstone_MateryalPH\packages\api-contract\generated\typescript\docs\LockVersionRequest.md
[main] [34mINFO [0;39m o.o.codegen.TemplateManager - writing file C:\Users\RJ\Downloads\Capstone Project System\Capstone_MateryalPH\packages\api-contract\generated\typescript\src\models\LoginRequest.ts
[main] [34mINFO [0;39m o.o.codegen.TemplateManager - skipping unchanged file C:\Users\RJ\Downloads\Capstone Project System\Capstone_MateryalPH\packages\api-contract\generated\typescript\docs\LoginRequest.md
[main] [34mINFO [0;39m o.o.codegen.TemplateManager - writing file C:\Users\RJ\Downloads\Capstone Project System\Capstone_MateryalPH\packages\api-contract\generated\typescript\src\models\MapPoint.ts
[main] [34mINFO [0;39m o.o.codegen.TemplateManager - skipping unchanged file C:\Users\RJ\Downloads\Capstone Project System\Capstone_MateryalPH\packages\api-contract\generated\typescript\docs\MapPoint.md
[main] [34mINFO [0;39m o.o.codegen.TemplateManager - writing file C:\Users\RJ\Downloads\Capstone Project System\Capstone_MateryalPH\packages\api-contract\generated\typescript\src\models\MarkingType.ts
[main] [34mINFO [0;39m o.o.codegen.TemplateManager - skipping unchanged file C:\Users\RJ\Downloads\Capstone Project System\Capstone_MateryalPH\packages\api-contract\generated\typescript\docs\MarkingType.md
[main] [34mINFO [0;39m o.o.codegen.TemplateManager - writing file C:\Users\RJ\Downloads\Capstone Project System\Capstone_MateryalPH\packages\api-contract\generated\typescript\src\models\MaterialCategoryOption.ts
[main] [34mINFO [0;39m o.o.codegen.TemplateManager - skipping unchanged file C:\Users\RJ\Downloads\Capstone Project System\Capstone_MateryalPH\packages\api-contract\generated\typescript\docs\MaterialCategoryOption.md
[main] [34mINFO [0;39m o.o.codegen.TemplateManager - writing file C:\Users\RJ\Downloads\Capstone Project System\Capstone_MateryalPH\packages\api-contract\generated\typescript\src\models\MaterialPriceObservation.ts
[main] [34mINFO [0;39m o.o.codegen.TemplateManager - skipping unchanged file C:\Users\RJ\Downloads\Capstone Project System\Capstone_MateryalPH\packages\api-contract\generated\typescript\docs\MaterialPriceObservation.md
[main] [34mINFO [0;39m o.o.codegen.TemplateManager - writing file C:\Users\RJ\Downloads\Capstone Project System\Capstone_MateryalPH\packages\api-contract\generated\typescript\src\models\MfaCodeRequest.ts
[main] [34mINFO [0;39m o.o.codegen.TemplateManager - skipping unchanged file C:\Users\RJ\Downloads\Capstone Project System\Capstone_MateryalPH\packages\api-contract\generated\typescript\docs\MfaCodeRequest.md
[main] [34mINFO [0;39m o.o.codegen.TemplateManager - writing file C:\Users\RJ\Downloads\Capstone Project System\Capstone_MateryalPH\packages\api-contract\generated\typescript\src\models\MfaEnrollmentEnvelope.ts
[main] [34mINFO [0;39m o.o.codegen.TemplateManager - skipping unchanged file C:\Users\RJ\Downloads\Capstone Project System\Capstone_MateryalPH\packages\api-contract\generated\typescript\docs\MfaEnrollmentEnvelope.md
[main] [34mINFO [0;39m o.o.codegen.TemplateManager - writing file C:\Users\RJ\Downloads\Capstone Project System\Capstone_MateryalPH\packages\api-contract\generated\typescript\src\models\MfaEnrollmentEnvelopeAllOfData.ts
[main] [34mINFO [0;39m o.o.codegen.TemplateManager - skipping unchanged file C:\Users\RJ\Downloads\Capstone Project System\Capstone_MateryalPH\packages\api-contract\generated\typescript\docs\MfaEnrollmentEnvelopeAllOfData.md
[main] [34mINFO [0;39m o.o.codegen.TemplateManager - writing file C:\Users\RJ\Downloads\Capstone Project System\Capstone_MateryalPH\packages\api-contract\generated\typescript\src\models\MfaRecoveryRequest.ts
[main] [34mINFO [0;39m o.o.codegen.TemplateManager - skipping unchanged file C:\Users\RJ\Downloads\Capstone Project System\Capstone_MateryalPH\packages\api-contract\generated\typescript\docs\MfaRecoveryRequest.md
[main] [34mINFO [0;39m o.o.codegen.TemplateManager - writing file C:\Users\RJ\Downloads\Capstone Project System\Capstone_MateryalPH\packages\api-contract\generated\typescript\src\models\MfaStatusEnvelope.ts
[main] [34mINFO [0;39m o.o.codegen.TemplateManager - skipping unchanged file C:\Users\RJ\Downloads\Capstone Project System\Capstone_MateryalPH\packages\api-contract\generated\typescript\docs\MfaStatusEnvelope.md
[main] [34mINFO [0;39m o.o.codegen.TemplateManager - writing file C:\Users\RJ\Downloads\Capstone Project System\Capstone_MateryalPH\packages\api-contract\generated\typescript\src\models\MfaStatusEnvelopeAllOfData.ts
[main] [34mINFO [0;39m o.o.codegen.TemplateManager - skipping unchanged file C:\Users\RJ\Downloads\Capstone Project System\Capstone_MateryalPH\packages\api-contract\generated\typescript\docs\MfaStatusEnvelopeAllOfData.md
[main] [34mINFO [0;39m o.o.codegen.TemplateManager - writing file C:\Users\RJ\Downloads\Capstone Project System\Capstone_MateryalPH\packages\api-contract\generated\typescript\src\models\MoneyBreakdown.ts
[main] [34mINFO [0;39m o.o.codegen.TemplateManager - skipping unchanged file C:\Users\RJ\Downloads\Capstone Project System\Capstone_MateryalPH\packages\api-contract\generated\typescript\docs\MoneyBreakdown.md
[main] [34mINFO [0;39m o.o.codegen.TemplateManager - writing file C:\Users\RJ\Downloads\Capstone Project System\Capstone_MateryalPH\packages\api-contract\generated\typescript\src\models\MoneyDelivery.ts
[main] [34mINFO [0;39m o.o.codegen.TemplateManager - skipping unchanged file C:\Users\RJ\Downloads\Capstone Project System\Capstone_MateryalPH\packages\api-contract\generated\typescript\docs\MoneyDelivery.md
[main] [34mINFO [0;39m o.o.codegen.TemplateManager - writing file C:\Users\RJ\Downloads\Capstone Project System\Capstone_MateryalPH\packages\api-contract\generated\typescript\src\models\MoneyNrpc.ts
[main] [34mINFO [0;39m o.o.codegen.TemplateManager - skipping unchanged file C:\Users\RJ\Downloads\Capstone Project System\Capstone_MateryalPH\packages\api-contract\generated\typescript\docs\MoneyNrpc.md
[main] [34mINFO [0;39m o.o.codegen.TemplateManager - writing file C:\Users\RJ\Downloads\Capstone Project System\Capstone_MateryalPH\packages\api-contract\generated\typescript\src\models\MoneyRange.ts
[main] [34mINFO [0;39m o.o.codegen.TemplateManager - skipping unchanged file C:\Users\RJ\Downloads\Capstone Project System\Capstone_MateryalPH\packages\api-contract\generated\typescript\docs\MoneyRange.md
[main] [34mINFO [0;39m o.o.codegen.TemplateManager - writing file C:\Users\RJ\Downloads\Capstone Project System\Capstone_MateryalPH\packages\api-contract\generated\typescript\src\models\NrpcAcceptRequest.ts
[main] [34mINFO [0;39m o.o.codegen.TemplateManager - skipping unchanged file C:\Users\RJ\Downloads\Capstone Project System\Capstone_MateryalPH\packages\api-contract\generated\typescript\docs\NrpcAcceptRequest.md
[main] [34mINFO [0;39m o.o.codegen.TemplateManager - writing file C:\Users\RJ\Downloads\Capstone Project System\Capstone_MateryalPH\packages\api-contract\generated\typescript\src\models\NrpcAffectedLine.ts
[main] [34mINFO [0;39m o.o.codegen.TemplateManager - skipping unchanged file C:\Users\RJ\Downloads\Capstone Project System\Capstone_MateryalPH\packages\api-contract\generated\typescript\docs\NrpcAffectedLine.md
[main] [34mINFO [0;39m o.o.codegen.TemplateManager - writing file C:\Users\RJ\Downloads\Capstone Project System\Capstone_MateryalPH\packages\api-contract\generated\typescript\src\models\NrpcFlag.ts
[main] [34mINFO [0;39m o.o.codegen.TemplateManager - skipping unchanged file C:\Users\RJ\Downloads\Capstone Project System\Capstone_MateryalPH\packages\api-contract\generated\typescript\docs\NrpcFlag.md
[main] [34mINFO [0;39m o.o.codegen.TemplateManager - writing file C:\Users\RJ\Downloads\Capstone Project System\Capstone_MateryalPH\packages\api-contract\generated\typescript\src\models\NrpcFlagRequest.ts
[main] [34mINFO [0;39m o.o.codegen.TemplateManager - skipping unchanged file C:\Users\RJ\Downloads\Capstone Project System\Capstone_MateryalPH\packages\api-contract\generated\typescript\docs\NrpcFlagRequest.md
[main] [34mINFO [0;39m o.o.codegen.TemplateManager - writing file C:\Users\RJ\Downloads\Capstone Project System\Capstone_MateryalPH\packages\api-contract\generated\typescript\src\models\NrpcLineAllocation.ts
[main] [34mINFO [0;39m o.o.codegen.TemplateManager - skipping unchanged file C:\Users\RJ\Downloads\Capstone Project System\Capstone_MateryalPH\packages\api-contract\generated\typescript\docs\NrpcLineAllocation.md
[main] [34mINFO [0;39m o.o.codegen.TemplateManager - writing file C:\Users\RJ\Downloads\Capstone Project System\Capstone_MateryalPH\packages\api-contract\generated\typescript\src\models\NrpcProposal.ts
[main] [34mINFO [0;39m o.o.codegen.TemplateManager - skipping unchanged file C:\Users\RJ\Downloads\Capstone Project System\Capstone_MateryalPH\packages\api-contract\generated\typescript\docs\NrpcProposal.md
[main] [34mINFO [0;39m o.o.codegen.TemplateManager - writing file C:\Users\RJ\Downloads\Capstone Project System\Capstone_MateryalPH\packages\api-contract\generated\typescript\src\models\NrpcRejectRequest.ts
[main] [34mINFO [0;39m o.o.codegen.TemplateManager - skipping unchanged file C:\Users\RJ\Downloads\Capstone Project System\Capstone_MateryalPH\packages\api-contract\generated\typescript\docs\NrpcRejectRequest.md
[main] [34mINFO [0;39m o.o.codegen.TemplateManager - writing file C:\Users\RJ\Downloads\Capstone Project System\Capstone_MateryalPH\packages\api-contract\generated\typescript\src\models\NrpcTermsRef.ts
[main] [34mINFO [0;39m o.o.codegen.TemplateManager - skipping unchanged file C:\Users\RJ\Downloads\Capstone Project System\Capstone_MateryalPH\packages\api-contract\generated\typescript\docs\NrpcTermsRef.md
[main] [34mINFO [0;39m o.o.codegen.TemplateManager - writing file C:\Users\RJ\Downloads\Capstone Project System\Capstone_MateryalPH\packages\api-contract\generated\typescript\src\models\NrpcTermsVersion.ts
[main] [34mINFO [0;39m o.o.codegen.TemplateManager - skipping unchanged file C:\Users\RJ\Downloads\Capstone Project System\Capstone_MateryalPH\packages\api-contract\generated\typescript\docs\NrpcTermsVersion.md
[main] [34mINFO [0;39m o.o.codegen.TemplateManager - writing file C:\Users\RJ\Downloads\Capstone Project System\Capstone_MateryalPH\packages\api-contract\generated\typescript\src\models\OnboardingDraftVersion.ts
[main] [34mINFO [0;39m o.o.codegen.TemplateManager - skipping unchanged file C:\Users\RJ\Downloads\Capstone Project System\Capstone_MateryalPH\packages\api-contract\generated\typescript\docs\OnboardingDraftVersion.md
[main] [34mINFO [0;39m o.o.codegen.TemplateManager - writing file C:\Users\RJ\Downloads\Capstone Project System\Capstone_MateryalPH\packages\api-contract\generated\typescript\src\models\OnboardingRequirement.ts
[main] [34mINFO [0;39m o.o.codegen.TemplateManager - skipping unchanged file C:\Users\RJ\Downloads\Capstone Project System\Capstone_MateryalPH\packages\api-contract\generated\typescript\docs\OnboardingRequirement.md
[main] [34mINFO [0;39m o.o.codegen.TemplateManager - writing file C:\Users\RJ\Downloads\Capstone Project System\Capstone_MateryalPH\packages\api-contract\generated\typescript\src\models\OnboardingStepCompletion.ts
[main] [34mINFO [0;39m o.o.codegen.TemplateManager - skipping unchanged file C:\Users\RJ\Downloads\Capstone Project System\Capstone_MateryalPH\packages\api-contract\generated\typescript\docs\OnboardingStepCompletion.md
[main] [34mINFO [0;39m o.o.codegen.TemplateManager - writing file C:\Users\RJ\Downloads\Capstone Project System\Capstone_MateryalPH\packages\api-contract\generated\typescript\src\models\OrderBuyerRef.ts
[main] [34mINFO [0;39m o.o.codegen.TemplateManager - skipping unchanged file C:\Users\RJ\Downloads\Capstone Project System\Capstone_MateryalPH\packages\api-contract\generated\typescript\docs\OrderBuyerRef.md
[main] [34mINFO [0;39m o.o.codegen.TemplateManager - writing file C:\Users\RJ\Downloads\Capstone Project System\Capstone_MateryalPH\packages\api-contract\generated\typescript\src\models\OrderChange.ts
[main] [34mINFO [0;39m o.o.codegen.TemplateManager - skipping unchanged file C:\Users\RJ\Downloads\Capstone Project System\Capstone_MateryalPH\packages\api-contract\generated\typescript\docs\OrderChange.md
[main] [34mINFO [0;39m o.o.codegen.TemplateManager - writing file C:\Users\RJ\Downloads\Capstone Project System\Capstone_MateryalPH\packages\api-contract\generated\typescript\src\models\OrderCheckoutRef.ts
[main] [34mINFO [0;39m o.o.codegen.TemplateManager - skipping unchanged file C:\Users\RJ\Downloads\Capstone Project System\Capstone_MateryalPH\packages\api-contract\generated\typescript\docs\OrderCheckoutRef.md
[main] [34mINFO [0;39m o.o.codegen.TemplateManager - writing file C:\Users\RJ\Downloads\Capstone Project System\Capstone_MateryalPH\packages\api-contract\generated\typescript\src\models\OrderCommercialVersion.ts
[main] [34mINFO [0;39m o.o.codegen.TemplateManager - skipping unchanged file C:\Users\RJ\Downloads\Capstone Project System\Capstone_MateryalPH\packages\api-contract\generated\typescript\docs\OrderCommercialVersion.md
[main] [34mINFO [0;39m o.o.codegen.TemplateManager - writing file C:\Users\RJ\Downloads\Capstone Project System\Capstone_MateryalPH\packages\api-contract\generated\typescript\src\models\OrderConfirmedDelivery.ts
[main] [34mINFO [0;39m o.o.codegen.TemplateManager - skipping unchanged file C:\Users\RJ\Downloads\Capstone Project System\Capstone_MateryalPH\packages\api-contract\generated\typescript\docs\OrderConfirmedDelivery.md
[main] [34mINFO [0;39m o.o.codegen.TemplateManager - writing file C:\Users\RJ\Downloads\Capstone Project System\Capstone_MateryalPH\packages\api-contract\generated\typescript\src\models\OrderDeadline.ts
[main] [34mINFO [0;39m o.o.codegen.TemplateManager - skipping unchanged file C:\Users\RJ\Downloads\Capstone Project System\Capstone_MateryalPH\packages\api-contract\generated\typescript\docs\OrderDeadline.md
[main] [34mINFO [0;39m o.o.codegen.TemplateManager - writing file C:\Users\RJ\Downloads\Capstone Project System\Capstone_MateryalPH\packages\api-contract\generated\typescript\src\models\OrderDeadlines.ts
[main] [34mINFO [0;39m o.o.codegen.TemplateManager - skipping unchanged file C:\Users\RJ\Downloads\Capstone Project System\Capstone_MateryalPH\packages\api-contract\generated\typescript\docs\OrderDeadlines.md
[main] [34mINFO [0;39m o.o.codegen.TemplateManager - writing file C:\Users\RJ\Downloads\Capstone Project System\Capstone_MateryalPH\packages\api-contract\generated\typescript\src\models\OrderDelivery.ts
[main] [34mINFO [0;39m o.o.codegen.TemplateManager - skipping unchanged file C:\Users\RJ\Downloads\Capstone Project System\Capstone_MateryalPH\packages\api-contract\generated\typescript\docs\OrderDelivery.md
[main] [34mINFO [0;39m o.o.codegen.TemplateManager - writing file C:\Users\RJ\Downloads\Capstone Project System\Capstone_MateryalPH\packages\api-contract\generated\typescript\src\models\OrderDeliveryEstimate.ts
[main] [34mINFO [0;39m o.o.codegen.TemplateManager - skipping unchanged file C:\Users\RJ\Downloads\Capstone Project System\Capstone_MateryalPH\packages\api-contract\generated\typescript\docs\OrderDeliveryEstimate.md
[main] [34mINFO [0;39m o.o.codegen.TemplateManager - writing file C:\Users\RJ\Downloads\Capstone Project System\Capstone_MateryalPH\packages\api-contract\generated\typescript\src\models\OrderDeliveryVehicle.ts
[main] [34mINFO [0;39m o.o.codegen.TemplateManager - skipping unchanged file C:\Users\RJ\Downloads\Capstone Project System\Capstone_MateryalPH\packages\api-contract\generated\typescript\docs\OrderDeliveryVehicle.md
[main] [34mINFO [0;39m o.o.codegen.TemplateManager - writing file C:\Users\RJ\Downloads\Capstone Project System\Capstone_MateryalPH\packages\api-contract\generated\typescript\src\models\OrderDestination.ts
[main] [34mINFO [0;39m o.o.codegen.TemplateManager - skipping unchanged file C:\Users\RJ\Downloads\Capstone Project System\Capstone_MateryalPH\packages\api-contract\generated\typescript\docs\OrderDestination.md
[main] [34mINFO [0;39m o.o.codegen.TemplateManager - writing file C:\Users\RJ\Downloads\Capstone Project System\Capstone_MateryalPH\packages\api-contract\generated\typescript\src\models\OrderDetail.ts
[main] [34mINFO [0;39m o.o.codegen.TemplateManager - skipping unchanged file C:\Users\RJ\Downloads\Capstone Project System\Capstone_MateryalPH\packages\api-contract\generated\typescript\docs\OrderDetail.md
[main] [34mINFO [0;39m o.o.codegen.TemplateManager - writing file C:\Users\RJ\Downloads\Capstone Project System\Capstone_MateryalPH\packages\api-contract\generated\typescript\src\models\OrderDetailEnvelope.ts
[main] [34mINFO [0;39m o.o.codegen.TemplateManager - skipping unchanged file C:\Users\RJ\Downloads\Capstone Project System\Capstone_MateryalPH\packages\api-contract\generated\typescript\docs\OrderDetailEnvelope.md
[main] [34mINFO [0;39m o.o.codegen.TemplateManager - writing file C:\Users\RJ\Downloads\Capstone Project System\Capstone_MateryalPH\packages\api-contract\generated\typescript\src\models\OrderFirstLine.ts
[main] [34mINFO [0;39m o.o.codegen.TemplateManager - skipping unchanged file C:\Users\RJ\Downloads\Capstone Project System\Capstone_MateryalPH\packages\api-contract\generated\typescript\docs\OrderFirstLine.md
[main] [34mINFO [0;39m o.o.codegen.TemplateManager - writing file C:\Users\RJ\Downloads\Capstone Project System\Capstone_MateryalPH\packages\api-contract\generated\typescript\src\models\OrderLine.ts
[main] [34mINFO [0;39m o.o.codegen.TemplateManager - skipping unchanged file C:\Users\RJ\Downloads\Capstone Project System\Capstone_MateryalPH\packages\api-contract\generated\typescript\docs\OrderLine.md
[main] [34mINFO [0;39m o.o.codegen.TemplateManager - writing file C:\Users\RJ\Downloads\Capstone Project System\Capstone_MateryalPH\packages\api-contract\generated\typescript\src\models\OrderLineInventory.ts
[main] [34mINFO [0;39m o.o.codegen.TemplateManager - skipping unchanged file C:\Users\RJ\Downloads\Capstone Project System\Capstone_MateryalPH\packages\api-contract\generated\typescript\docs\OrderLineInventory.md
[main] [34mINFO [0;39m o.o.codegen.TemplateManager - writing file C:\Users\RJ\Downloads\Capstone Project System\Capstone_MateryalPH\packages\api-contract\generated\typescript\src\models\OrderLineQuantity.ts
[main] [34mINFO [0;39m o.o.codegen.TemplateManager - skipping unchanged file C:\Users\RJ\Downloads\Capstone Project System\Capstone_MateryalPH\packages\api-contract\generated\typescript\docs\OrderLineQuantity.md
[main] [34mINFO [0;39m o.o.codegen.TemplateManager - writing file C:\Users\RJ\Downloads\Capstone Project System\Capstone_MateryalPH\packages\api-contract\generated\typescript\src\models\OrderListEnvelope.ts
[main] [34mINFO [0;39m o.o.codegen.TemplateManager - skipping unchanged file C:\Users\RJ\Downloads\Capstone Project System\Capstone_MateryalPH\packages\api-contract\generated\typescript\docs\OrderListEnvelope.md
[main] [34mINFO [0;39m o.o.codegen.TemplateManager - writing file C:\Users\RJ\Downloads\Capstone Project System\Capstone_MateryalPH\packages\api-contract\generated\typescript\src\models\OrderListMeta.ts
[main] [34mINFO [0;39m o.o.codegen.TemplateManager - skipping unchanged file C:\Users\RJ\Downloads\Capstone Project System\Capstone_MateryalPH\packages\api-contract\generated\typescript\docs\OrderListMeta.md
[main] [34mINFO [0;39m o.o.codegen.TemplateManager - writing file C:\Users\RJ\Downloads\Capstone Project System\Capstone_MateryalPH\packages\api-contract\generated\typescript\src\models\OrderNrpc.ts
[main] [34mINFO [0;39m o.o.codegen.TemplateManager - skipping unchanged file C:\Users\RJ\Downloads\Capstone Project System\Capstone_MateryalPH\packages\api-contract\generated\typescript\docs\OrderNrpc.md
[main] [34mINFO [0;39m o.o.codegen.TemplateManager - writing file C:\Users\RJ\Downloads\Capstone Project System\Capstone_MateryalPH\packages\api-contract\generated\typescript\src\models\OrderPaymentAvailability.ts
[main] [34mINFO [0;39m o.o.codegen.TemplateManager - skipping unchanged file C:\Users\RJ\Downloads\Capstone Project System\Capstone_MateryalPH\packages\api-contract\generated\typescript\docs\OrderPaymentAvailability.md
[main] [34mINFO [0;39m o.o.codegen.TemplateManager - writing file C:\Users\RJ\Downloads\Capstone Project System\Capstone_MateryalPH\packages\api-contract\generated\typescript\src\models\OrderPaymentState.ts
[main] [34mINFO [0;39m o.o.codegen.TemplateManager - skipping unchanged file C:\Users\RJ\Downloads\Capstone Project System\Capstone_MateryalPH\packages\api-contract\generated\typescript\docs\OrderPaymentState.md
[main] [34mINFO [0;39m o.o.codegen.TemplateManager - writing file C:\Users\RJ\Downloads\Capstone Project System\Capstone_MateryalPH\packages\api-contract\generated\typescript\src\models\OrderPoint.ts
[main] [34mINFO [0;39m o.o.codegen.TemplateManager - skipping unchanged file C:\Users\RJ\Downloads\Capstone Project System\Capstone_MateryalPH\packages\api-contract\generated\typescript\docs\OrderPoint.md
[main] [34mINFO [0;39m o.o.codegen.TemplateManager - writing file C:\Users\RJ\Downloads\Capstone Project System\Capstone_MateryalPH\packages\api-contract\generated\typescript\src\models\OrderReservation.ts
[main] [34mINFO [0;39m o.o.codegen.TemplateManager - skipping unchanged file C:\Users\RJ\Downloads\Capstone Project System\Capstone_MateryalPH\packages\api-contract\generated\typescript\docs\OrderReservation.md
[main] [34mINFO [0;39m o.o.codegen.TemplateManager - writing file C:\Users\RJ\Downloads\Capstone Project System\Capstone_MateryalPH\packages\api-contract\generated\typescript\src\models\OrderRevisionDecision.ts
[main] [34mINFO [0;39m o.o.codegen.TemplateManager - skipping unchanged file C:\Users\RJ\Downloads\Capstone Project System\Capstone_MateryalPH\packages\api-contract\generated\typescript\docs\OrderRevisionDecision.md
[main] [34mINFO [0;39m o.o.codegen.TemplateManager - writing file C:\Users\RJ\Downloads\Capstone Project System\Capstone_MateryalPH\packages\api-contract\generated\typescript\src\models\OrderState.ts
[main] [34mINFO [0;39m o.o.codegen.TemplateManager - skipping unchanged file C:\Users\RJ\Downloads\Capstone Project System\Capstone_MateryalPH\packages\api-contract\generated\typescript\docs\OrderState.md
[main] [34mINFO [0;39m o.o.codegen.TemplateManager - writing file C:\Users\RJ\Downloads\Capstone Project System\Capstone_MateryalPH\packages\api-contract\generated\typescript\src\models\OrderStateRow.ts
[main] [34mINFO [0;39m o.o.codegen.TemplateManager - skipping unchanged file C:\Users\RJ\Downloads\Capstone Project System\Capstone_MateryalPH\packages\api-contract\generated\typescript\docs\OrderStateRow.md
[main] [34mINFO [0;39m o.o.codegen.TemplateManager - writing file C:\Users\RJ\Downloads\Capstone Project System\Capstone_MateryalPH\packages\api-contract\generated\typescript\src\models\OrderSummary.ts
[main] [34mINFO [0;39m o.o.codegen.TemplateManager - skipping unchanged file C:\Users\RJ\Downloads\Capstone Project System\Capstone_MateryalPH\packages\api-contract\generated\typescript\docs\OrderSummary.md
[main] [34mINFO [0;39m o.o.codegen.TemplateManager - writing file C:\Users\RJ\Downloads\Capstone Project System\Capstone_MateryalPH\packages\api-contract\generated\typescript\src\models\OrderTimelineEvent.ts
[main] [34mINFO [0;39m o.o.codegen.TemplateManager - skipping unchanged file C:\Users\RJ\Downloads\Capstone Project System\Capstone_MateryalPH\packages\api-contract\generated\typescript\docs\OrderTimelineEvent.md
[main] [34mINFO [0;39m o.o.codegen.TemplateManager - writing file C:\Users\RJ\Downloads\Capstone Project System\Capstone_MateryalPH\packages\api-contract\generated\typescript\src\models\OrderVendorRef.ts
[main] [34mINFO [0;39m o.o.codegen.TemplateManager - skipping unchanged file C:\Users\RJ\Downloads\Capstone Project System\Capstone_MateryalPH\packages\api-contract\generated\typescript\docs\OrderVendorRef.md
[main] [34mINFO [0;39m o.o.codegen.TemplateManager - writing file C:\Users\RJ\Downloads\Capstone Project System\Capstone_MateryalPH\packages\api-contract\generated\typescript\src\models\OrderVolumeTier.ts
[main] [34mINFO [0;39m o.o.codegen.TemplateManager - skipping unchanged file C:\Users\RJ\Downloads\Capstone Project System\Capstone_MateryalPH\packages\api-contract\generated\typescript\docs\OrderVolumeTier.md
[main] [34mINFO [0;39m o.o.codegen.TemplateManager - writing file C:\Users\RJ\Downloads\Capstone Project System\Capstone_MateryalPH\packages\api-contract\generated\typescript\src\models\PageMeta.ts
[main] [34mINFO [0;39m o.o.codegen.TemplateManager - skipping unchanged file C:\Users\RJ\Downloads\Capstone Project System\Capstone_MateryalPH\packages\api-contract\generated\typescript\docs\PageMeta.md
[main] [34mINFO [0;39m o.o.codegen.TemplateManager - writing file C:\Users\RJ\Downloads\Capstone Project System\Capstone_MateryalPH\packages\api-contract\generated\typescript\src\models\PasswordRecoveryRequest.ts
[main] [34mINFO [0;39m o.o.codegen.TemplateManager - skipping unchanged file C:\Users\RJ\Downloads\Capstone Project System\Capstone_MateryalPH\packages\api-contract\generated\typescript\docs\PasswordRecoveryRequest.md
[main] [34mINFO [0;39m o.o.codegen.TemplateManager - writing file C:\Users\RJ\Downloads\Capstone Project System\Capstone_MateryalPH\packages\api-contract\generated\typescript\src\models\PasswordResetRequest.ts
[main] [34mINFO [0;39m o.o.codegen.TemplateManager - skipping unchanged file C:\Users\RJ\Downloads\Capstone Project System\Capstone_MateryalPH\packages\api-contract\generated\typescript\docs\PasswordResetRequest.md
[main] [34mINFO [0;39m o.o.codegen.TemplateManager - writing file C:\Users\RJ\Downloads\Capstone Project System\Capstone_MateryalPH\packages\api-contract\generated\typescript\src\models\PaymentMethodEligibility.ts
[main] [34mINFO [0;39m o.o.codegen.TemplateManager - skipping unchanged file C:\Users\RJ\Downloads\Capstone Project System\Capstone_MateryalPH\packages\api-contract\generated\typescript\docs\PaymentMethodEligibility.md
[main] [34mINFO [0;39m o.o.codegen.TemplateManager - writing file C:\Users\RJ\Downloads\Capstone Project System\Capstone_MateryalPH\packages\api-contract\generated\typescript\src\models\PickupConfirmation.ts
[main] [34mINFO [0;39m o.o.codegen.TemplateManager - skipping unchanged file C:\Users\RJ\Downloads\Capstone Project System\Capstone_MateryalPH\packages\api-contract\generated\typescript\docs\PickupConfirmation.md
[main] [34mINFO [0;39m o.o.codegen.TemplateManager - writing file C:\Users\RJ\Downloads\Capstone Project System\Capstone_MateryalPH\packages\api-contract\generated\typescript\src\models\PickupPreview.ts
[main] [34mINFO [0;39m o.o.codegen.TemplateManager - skipping unchanged file C:\Users\RJ\Downloads\Capstone Project System\Capstone_MateryalPH\packages\api-contract\generated\typescript\docs\PickupPreview.md
[main] [34mINFO [0;39m o.o.codegen.TemplateManager - writing file C:\Users\RJ\Downloads\Capstone Project System\Capstone_MateryalPH\packages\api-contract\generated\typescript\src\models\PriceHistoryEntry.ts
[main] [34mINFO [0;39m o.o.codegen.TemplateManager - skipping unchanged file C:\Users\RJ\Downloads\Capstone Project System\Capstone_MateryalPH\packages\api-contract\generated\typescript\docs\PriceHistoryEntry.md
[main] [34mINFO [0;39m o.o.codegen.TemplateManager - writing file C:\Users\RJ\Downloads\Capstone Project System\Capstone_MateryalPH\packages\api-contract\generated\typescript\src\models\PriceHistoryEnvelope.ts
[main] [34mINFO [0;39m o.o.codegen.TemplateManager - skipping unchanged file C:\Users\RJ\Downloads\Capstone Project System\Capstone_MateryalPH\packages\api-contract\generated\typescript\docs\PriceHistoryEnvelope.md
[main] [34mINFO [0;39m o.o.codegen.TemplateManager - writing file C:\Users\RJ\Downloads\Capstone Project System\Capstone_MateryalPH\packages\api-contract\generated\typescript\src\models\ProcessingFee.ts
[main] [34mINFO [0;39m o.o.codegen.TemplateManager - skipping unchanged file C:\Users\RJ\Downloads\Capstone Project System\Capstone_MateryalPH\packages\api-contract\generated\typescript\docs\ProcessingFee.md
[main] [34mINFO [0;39m o.o.codegen.TemplateManager - writing file C:\Users\RJ\Downloads\Capstone Project System\Capstone_MateryalPH\packages\api-contract\generated\typescript\src\models\ProcessingFeeAmount.ts
[main] [34mINFO [0;39m o.o.codegen.TemplateManager - skipping unchanged file C:\Users\RJ\Downloads\Capstone Project System\Capstone_MateryalPH\packages\api-contract\generated\typescript\docs\ProcessingFeeAmount.md
[main] [34mINFO [0;39m o.o.codegen.TemplateManager - writing file C:\Users\RJ\Downloads\Capstone Project System\Capstone_MateryalPH\packages\api-contract\generated\typescript\src\models\ProductComplianceCaseEnvelope.ts
[main] [34mINFO [0;39m o.o.codegen.TemplateManager - skipping unchanged file C:\Users\RJ\Downloads\Capstone Project System\Capstone_MateryalPH\packages\api-contract\generated\typescript\docs\ProductComplianceCaseEnvelope.md
[main] [34mINFO [0;39m o.o.codegen.TemplateManager - writing file C:\Users\RJ\Downloads\Capstone Project System\Capstone_MateryalPH\packages\api-contract\generated\typescript\src\models\ProductComplianceCaseEnvelopeData.ts
[main] [34mINFO [0;39m o.o.codegen.TemplateManager - skipping unchanged file C:\Users\RJ\Downloads\Capstone Project System\Capstone_MateryalPH\packages\api-contract\generated\typescript\docs\ProductComplianceCaseEnvelopeData.md
[main] [34mINFO [0;39m o.o.codegen.TemplateManager - writing file C:\Users\RJ\Downloads\Capstone Project System\Capstone_MateryalPH\packages\api-contract\generated\typescript\src\models\ProductComplianceDecision.ts
[main] [34mINFO [0;39m o.o.codegen.TemplateManager - skipping unchanged file C:\Users\RJ\Downloads\Capstone Project System\Capstone_MateryalPH\packages\api-contract\generated\typescript\docs\ProductComplianceDecision.md
[main] [34mINFO [0;39m o.o.codegen.TemplateManager - writing file C:\Users\RJ\Downloads\Capstone Project System\Capstone_MateryalPH\packages\api-contract\generated\typescript\src\models\ProductComplianceQueueEnvelope.ts
[main] [34mINFO [0;39m o.o.codegen.TemplateManager - skipping unchanged file C:\Users\RJ\Downloads\Capstone Project System\Capstone_MateryalPH\packages\api-contract\generated\typescript\docs\ProductComplianceQueueEnvelope.md
[main] [34mINFO [0;39m o.o.codegen.TemplateManager - writing file C:\Users\RJ\Downloads\Capstone Project System\Capstone_MateryalPH\packages\api-contract\generated\typescript\src\models\ProductComplianceQueueItem.ts
[main] [34mINFO [0;39m o.o.codegen.TemplateManager - skipping unchanged file C:\Users\RJ\Downloads\Capstone Project System\Capstone_MateryalPH\packages\api-contract\generated\typescript\docs\ProductComplianceQueueItem.md
[main] [34mINFO [0;39m o.o.codegen.TemplateManager - writing file C:\Users\RJ\Downloads\Capstone Project System\Capstone_MateryalPH\packages\api-contract\generated\typescript\src\models\ProductRatingSummary.ts
[main] [34mINFO [0;39m o.o.codegen.TemplateManager - skipping unchanged file C:\Users\RJ\Downloads\Capstone Project System\Capstone_MateryalPH\packages\api-contract\generated\typescript\docs\ProductRatingSummary.md
[main] [34mINFO [0;39m o.o.codegen.TemplateManager - writing file C:\Users\RJ\Downloads\Capstone Project System\Capstone_MateryalPH\packages\api-contract\generated\typescript\src\models\ProviderAttribution.ts
[main] [34mINFO [0;39m o.o.codegen.TemplateManager - skipping unchanged file C:\Users\RJ\Downloads\Capstone Project System\Capstone_MateryalPH\packages\api-contract\generated\typescript\docs\ProviderAttribution.md
[main] [34mINFO [0;39m o.o.codegen.TemplateManager - writing file C:\Users\RJ\Downloads\Capstone Project System\Capstone_MateryalPH\packages\api-contract\generated\typescript\src\models\PsgcArea.ts
[main] [34mINFO [0;39m o.o.codegen.TemplateManager - skipping unchanged file C:\Users\RJ\Downloads\Capstone Project System\Capstone_MateryalPH\packages\api-contract\generated\typescript\docs\PsgcArea.md
[main] [34mINFO [0;39m o.o.codegen.TemplateManager - writing file C:\Users\RJ\Downloads\Capstone Project System\Capstone_MateryalPH\packages\api-contract\generated\typescript\src\models\PsgcAreaListEnvelope.ts
[main] [34mINFO [0;39m o.o.codegen.TemplateManager - skipping unchanged file C:\Users\RJ\Downloads\Capstone Project System\Capstone_MateryalPH\packages\api-contract\generated\typescript\docs\PsgcAreaListEnvelope.md
[main] [34mINFO [0;39m o.o.codegen.TemplateManager - writing file C:\Users\RJ\Downloads\Capstone Project System\Capstone_MateryalPH\packages\api-contract\generated\typescript\src\models\PsgcAreaListMeta.ts
[main] [34mINFO [0;39m o.o.codegen.TemplateManager - skipping unchanged file C:\Users\RJ\Downloads\Capstone Project System\Capstone_MateryalPH\packages\api-contract\generated\typescript\docs\PsgcAreaListMeta.md
[main] [34mINFO [0;39m o.o.codegen.TemplateManager - writing file C:\Users\RJ\Downloads\Capstone Project System\Capstone_MateryalPH\packages\api-contract\generated\typescript\src\models\PsgcAreaOption.ts
[main] [34mINFO [0;39m o.o.codegen.TemplateManager - skipping unchanged file C:\Users\RJ\Downloads\Capstone Project System\Capstone_MateryalPH\packages\api-contract\generated\typescript\docs\PsgcAreaOption.md
[main] [34mINFO [0;39m o.o.codegen.TemplateManager - writing file C:\Users\RJ\Downloads\Capstone Project System\Capstone_MateryalPH\packages\api-contract\generated\typescript\src\models\PsgcAreaRef.ts
[main] [34mINFO [0;39m o.o.codegen.TemplateManager - skipping unchanged file C:\Users\RJ\Downloads\Capstone Project System\Capstone_MateryalPH\packages\api-contract\generated\typescript\docs\PsgcAreaRef.md
[main] [34mINFO [0;39m o.o.codegen.TemplateManager - writing file C:\Users\RJ\Downloads\Capstone Project System\Capstone_MateryalPH\packages\api-contract\generated\typescript\src\models\PsgcResolution.ts
[main] [34mINFO [0;39m o.o.codegen.TemplateManager - skipping unchanged file C:\Users\RJ\Downloads\Capstone Project System\Capstone_MateryalPH\packages\api-contract\generated\typescript\docs\PsgcResolution.md
[main] [34mINFO [0;39m o.o.codegen.TemplateManager - writing file C:\Users\RJ\Downloads\Capstone Project System\Capstone_MateryalPH\packages\api-contract\generated\typescript\src\models\PsgcSearchEnvelope.ts
[main] [34mINFO [0;39m o.o.codegen.TemplateManager - skipping unchanged file C:\Users\RJ\Downloads\Capstone Project System\Capstone_MateryalPH\packages\api-contract\generated\typescript\docs\PsgcSearchEnvelope.md
[main] [34mINFO [0;39m o.o.codegen.TemplateManager - writing file C:\Users\RJ\Downloads\Capstone Project System\Capstone_MateryalPH\packages\api-contract\generated\typescript\src\models\PsgcSearchEnvelopeData.ts
[main] [34mINFO [0;39m o.o.codegen.TemplateManager - skipping unchanged file C:\Users\RJ\Downloads\Capstone Project System\Capstone_MateryalPH\packages\api-contract\generated\typescript\docs\PsgcSearchEnvelopeData.md
[main] [34mINFO [0;39m o.o.codegen.TemplateManager - writing file C:\Users\RJ\Downloads\Capstone Project System\Capstone_MateryalPH\packages\api-contract\generated\typescript\src\models\PublicAddressSummary.ts
[main] [34mINFO [0;39m o.o.codegen.TemplateManager - skipping unchanged file C:\Users\RJ\Downloads\Capstone Project System\Capstone_MateryalPH\packages\api-contract\generated\typescript\docs\PublicAddressSummary.md
[main] [34mINFO [0;39m o.o.codegen.TemplateManager - writing file C:\Users\RJ\Downloads\Capstone Project System\Capstone_MateryalPH\packages\api-contract\generated\typescript\src\models\PublicStoreListEnvelope.ts
[main] [34mINFO [0;39m o.o.codegen.TemplateManager - skipping unchanged file C:\Users\RJ\Downloads\Capstone Project System\Capstone_MateryalPH\packages\api-contract\generated\typescript\docs\PublicStoreListEnvelope.md
[main] [34mINFO [0;39m o.o.codegen.TemplateManager - writing file C:\Users\RJ\Downloads\Capstone Project System\Capstone_MateryalPH\packages\api-contract\generated\typescript\src\models\PublicStoreListEnvelopeMeta.ts
[main] [34mINFO [0;39m o.o.codegen.TemplateManager - skipping unchanged file C:\Users\RJ\Downloads\Capstone Project System\Capstone_MateryalPH\packages\api-contract\generated\typescript\docs\PublicStoreListEnvelopeMeta.md
[main] [34mINFO [0;39m o.o.codegen.TemplateManager - writing file C:\Users\RJ\Downloads\Capstone Project System\Capstone_MateryalPH\packages\api-contract\generated\typescript\src\models\PublicStoreProfile.ts
[main] [34mINFO [0;39m o.o.codegen.TemplateManager - skipping unchanged file C:\Users\RJ\Downloads\Capstone Project System\Capstone_MateryalPH\packages\api-contract\generated\typescript\docs\PublicStoreProfile.md
[main] [34mINFO [0;39m o.o.codegen.TemplateManager - writing file C:\Users\RJ\Downloads\Capstone Project System\Capstone_MateryalPH\packages\api-contract\generated\typescript\src\models\PublicStoreProfileEnvelope.ts
[main] [34mINFO [0;39m o.o.codegen.TemplateManager - skipping unchanged file C:\Users\RJ\Downloads\Capstone Project System\Capstone_MateryalPH\packages\api-contract\generated\typescript\docs\PublicStoreProfileEnvelope.md
[main] [34mINFO [0;39m o.o.codegen.TemplateManager - writing file C:\Users\RJ\Downloads\Capstone Project System\Capstone_MateryalPH\packages\api-contract\generated\typescript\src\models\PublicStoreSummary.ts
[main] [34mINFO [0;39m o.o.codegen.TemplateManager - skipping unchanged file C:\Users\RJ\Downloads\Capstone Project System\Capstone_MateryalPH\packages\api-contract\generated\typescript\docs\PublicStoreSummary.md
[main] [34mINFO [0;39m o.o.codegen.TemplateManager - writing file C:\Users\RJ\Downloads\Capstone Project System\Capstone_MateryalPH\packages\api-contract\generated\typescript\src\models\RadiusExpansion.ts
[main] [34mINFO [0;39m o.o.codegen.TemplateManager - skipping unchanged file C:\Users\RJ\Downloads\Capstone Project System\Capstone_MateryalPH\packages\api-contract\generated\typescript\docs\RadiusExpansion.md
[main] [34mINFO [0;39m o.o.codegen.TemplateManager - writing file C:\Users\RJ\Downloads\Capstone Project System\Capstone_MateryalPH\packages\api-contract\generated\typescript\src\models\RadiusKm.ts
[main] [34mINFO [0;39m o.o.codegen.TemplateManager - skipping unchanged file C:\Users\RJ\Downloads\Capstone Project System\Capstone_MateryalPH\packages\api-contract\generated\typescript\docs\RadiusKm.md
[main] [34mINFO [0;39m o.o.codegen.TemplateManager - writing file C:\Users\RJ\Downloads\Capstone Project System\Capstone_MateryalPH\packages\api-contract\generated\typescript\src\models\RankingComponent.ts
[main] [34mINFO [0;39m o.o.codegen.TemplateManager - skipping unchanged file C:\Users\RJ\Downloads\Capstone Project System\Capstone_MateryalPH\packages\api-contract\generated\typescript\docs\RankingComponent.md
[main] [34mINFO [0;39m o.o.codegen.TemplateManager - writing file C:\Users\RJ\Downloads\Capstone Project System\Capstone_MateryalPH\packages\api-contract\generated\typescript\src\models\RankingExplanation.ts
[main] [34mINFO [0;39m o.o.codegen.TemplateManager - skipping unchanged file C:\Users\RJ\Downloads\Capstone Project System\Capstone_MateryalPH\packages\api-contract\generated\typescript\docs\RankingExplanation.md
[main] [34mINFO [0;39m o.o.codegen.TemplateManager - writing file C:\Users\RJ\Downloads\Capstone Project System\Capstone_MateryalPH\packages\api-contract\generated\typescript\src\models\RankingPreferences.ts
[main] [34mINFO [0;39m o.o.codegen.TemplateManager - skipping unchanged file C:\Users\RJ\Downloads\Capstone Project System\Capstone_MateryalPH\packages\api-contract\generated\typescript\docs\RankingPreferences.md
[main] [34mINFO [0;39m o.o.codegen.TemplateManager - writing file C:\Users\RJ\Downloads\Capstone Project System\Capstone_MateryalPH\packages\api-contract\generated\typescript\src\models\RankingPreferencesEnvelope.ts
[main] [34mINFO [0;39m o.o.codegen.TemplateManager - skipping unchanged file C:\Users\RJ\Downloads\Capstone Project System\Capstone_MateryalPH\packages\api-contract\generated\typescript\docs\RankingPreferencesEnvelope.md
[main] [34mINFO [0;39m o.o.codegen.TemplateManager - writing file C:\Users\RJ\Downloads\Capstone Project System\Capstone_MateryalPH\packages\api-contract\generated\typescript\src\models\RankingPreferencesUpdate.ts
[main] [34mINFO [0;39m o.o.codegen.TemplateManager - skipping unchanged file C:\Users\RJ\Downloads\Capstone Project System\Capstone_MateryalPH\packages\api-contract\generated\typescript\docs\RankingPreferencesUpdate.md
[main] [34mINFO [0;39m o.o.codegen.TemplateManager - writing file C:\Users\RJ\Downloads\Capstone Project System\Capstone_MateryalPH\packages\api-contract\generated\typescript\src\models\RankingWeightSet.ts
[main] [34mINFO [0;39m o.o.codegen.TemplateManager - skipping unchanged file C:\Users\RJ\Downloads\Capstone Project System\Capstone_MateryalPH\packages\api-contract\generated\typescript\docs\RankingWeightSet.md
[main] [34mINFO [0;39m o.o.codegen.TemplateManager - writing file C:\Users\RJ\Downloads\Capstone Project System\Capstone_MateryalPH\packages\api-contract\generated\typescript\src\models\RegisterRequest.ts
[main] [34mINFO [0;39m o.o.codegen.TemplateManager - skipping unchanged file C:\Users\RJ\Downloads\Capstone Project System\Capstone_MateryalPH\packages\api-contract\generated\typescript\docs\RegisterRequest.md
[main] [34mINFO [0;39m o.o.codegen.TemplateManager - writing file C:\Users\RJ\Downloads\Capstone Project System\Capstone_MateryalPH\packages\api-contract\generated\typescript\src\models\RegistrationEnvelope.ts
[main] [34mINFO [0;39m o.o.codegen.TemplateManager - skipping unchanged file C:\Users\RJ\Downloads\Capstone Project System\Capstone_MateryalPH\packages\api-contract\generated\typescript\docs\RegistrationEnvelope.md
[main] [34mINFO [0;39m o.o.codegen.TemplateManager - writing file C:\Users\RJ\Downloads\Capstone Project System\Capstone_MateryalPH\packages\api-contract\generated\typescript\src\models\RegistrationEnvelopeAllOfData.ts
[main] [34mINFO [0;39m o.o.codegen.TemplateManager - skipping unchanged file C:\Users\RJ\Downloads\Capstone Project System\Capstone_MateryalPH\packages\api-contract\generated\typescript\docs\RegistrationEnvelopeAllOfData.md
[main] [34mINFO [0;39m o.o.codegen.TemplateManager - writing file C:\Users\RJ\Downloads\Capstone Project System\Capstone_MateryalPH\packages\api-contract\generated\typescript\src\models\RegulatedMaterialRule.ts
[main] [34mINFO [0;39m o.o.codegen.TemplateManager - skipping unchanged file C:\Users\RJ\Downloads\Capstone Project System\Capstone_MateryalPH\packages\api-contract\generated\typescript\docs\RegulatedMaterialRule.md
[main] [34mINFO [0;39m o.o.codegen.TemplateManager - writing file C:\Users\RJ\Downloads\Capstone Project System\Capstone_MateryalPH\packages\api-contract\generated\typescript\src\models\ResendBotChallengeRequest.ts
[main] [34mINFO [0;39m o.o.codegen.TemplateManager - skipping unchanged file C:\Users\RJ\Downloads\Capstone Project System\Capstone_MateryalPH\packages\api-contract\generated\typescript\docs\ResendBotChallengeRequest.md
[main] [34mINFO [0;39m o.o.codegen.TemplateManager - writing file C:\Users\RJ\Downloads\Capstone Project System\Capstone_MateryalPH\packages\api-contract\generated\typescript\src\models\RouteEstimate.ts
[main] [34mINFO [0;39m o.o.codegen.TemplateManager - skipping unchanged file C:\Users\RJ\Downloads\Capstone Project System\Capstone_MateryalPH\packages\api-contract\generated\typescript\docs\RouteEstimate.md
[main] [34mINFO [0;39m o.o.codegen.TemplateManager - writing file C:\Users\RJ\Downloads\Capstone Project System\Capstone_MateryalPH\packages\api-contract\generated\typescript\src\models\RouteEstimateEnvelope.ts
[main] [34mINFO [0;39m o.o.codegen.TemplateManager - skipping unchanged file C:\Users\RJ\Downloads\Capstone Project System\Capstone_MateryalPH\packages\api-contract\generated\typescript\docs\RouteEstimateEnvelope.md
[main] [34mINFO [0;39m o.o.codegen.TemplateManager - writing file C:\Users\RJ\Downloads\Capstone Project System\Capstone_MateryalPH\packages\api-contract\generated\typescript\src\models\RouteEstimateRequest.ts
[main] [34mINFO [0;39m o.o.codegen.TemplateManager - skipping unchanged file C:\Users\RJ\Downloads\Capstone Project System\Capstone_MateryalPH\packages\api-contract\generated\typescript\docs\RouteEstimateRequest.md
[main] [34mINFO [0;39m o.o.codegen.TemplateManager - writing file C:\Users\RJ\Downloads\Capstone Project System\Capstone_MateryalPH\packages\api-contract\generated\typescript\src\models\ScoreLabel.ts
[main] [34mINFO [0;39m o.o.codegen.TemplateManager - skipping unchanged file C:\Users\RJ\Downloads\Capstone Project System\Capstone_MateryalPH\packages\api-contract\generated\typescript\docs\ScoreLabel.md
[main] [34mINFO [0;39m o.o.codegen.TemplateManager - writing file C:\Users\RJ\Downloads\Capstone Project System\Capstone_MateryalPH\packages\api-contract\generated\typescript\src\models\StaleListing.ts
[main] [34mINFO [0;39m o.o.codegen.TemplateManager - skipping unchanged file C:\Users\RJ\Downloads\Capstone Project System\Capstone_MateryalPH\packages\api-contract\generated\typescript\docs\StaleListing.md
[main] [34mINFO [0;39m o.o.codegen.TemplateManager - writing file C:\Users\RJ\Downloads\Capstone Project System\Capstone_MateryalPH\packages\api-contract\generated\typescript\src\models\StockConfirmationItem.ts
[main] [34mINFO [0;39m o.o.codegen.TemplateManager - skipping unchanged file C:\Users\RJ\Downloads\Capstone Project System\Capstone_MateryalPH\packages\api-contract\generated\typescript\docs\StockConfirmationItem.md
[main] [34mINFO [0;39m o.o.codegen.TemplateManager - writing file C:\Users\RJ\Downloads\Capstone Project System\Capstone_MateryalPH\packages\api-contract\generated\typescript\src\models\StockConfirmationRequest.ts
[main] [34mINFO [0;39m o.o.codegen.TemplateManager - skipping unchanged file C:\Users\RJ\Downloads\Capstone Project System\Capstone_MateryalPH\packages\api-contract\generated\typescript\docs\StockConfirmationRequest.md
[main] [34mINFO [0;39m o.o.codegen.TemplateManager - writing file C:\Users\RJ\Downloads\Capstone Project System\Capstone_MateryalPH\packages\api-contract\generated\typescript\src\models\StockConfirmationSchedule.ts
[main] [34mINFO [0;39m o.o.codegen.TemplateManager - skipping unchanged file C:\Users\RJ\Downloads\Capstone Project System\Capstone_MateryalPH\packages\api-contract\generated\typescript\docs\StockConfirmationSchedule.md
[main] [34mINFO [0;39m o.o.codegen.TemplateManager - writing file C:\Users\RJ\Downloads\Capstone Project System\Capstone_MateryalPH\packages\api-contract\generated\typescript\src\models\StockLabel.ts
[main] [34mINFO [0;39m o.o.codegen.TemplateManager - skipping unchanged file C:\Users\RJ\Downloads\Capstone Project System\Capstone_MateryalPH\packages\api-contract\generated\typescript\docs\StockLabel.md
[main] [34mINFO [0;39m o.o.codegen.TemplateManager - writing file C:\Users\RJ\Downloads\Capstone Project System\Capstone_MateryalPH\packages\api-contract\generated\typescript\src\models\StoreActivationBlocker.ts
[main] [34mINFO [0;39m o.o.codegen.TemplateManager - skipping unchanged file C:\Users\RJ\Downloads\Capstone Project System\Capstone_MateryalPH\packages\api-contract\generated\typescript\docs\StoreActivationBlocker.md
[main] [34mINFO [0;39m o.o.codegen.TemplateManager - writing file C:\Users\RJ\Downloads\Capstone Project System\Capstone_MateryalPH\packages\api-contract\generated\typescript\src\models\StoreActivationReadiness.ts
[main] [34mINFO [0;39m o.o.codegen.TemplateManager - skipping unchanged file C:\Users\RJ\Downloads\Capstone Project System\Capstone_MateryalPH\packages\api-contract\generated\typescript\docs\StoreActivationReadiness.md
[main] [34mINFO [0;39m o.o.codegen.TemplateManager - writing file C:\Users\RJ\Downloads\Capstone Project System\Capstone_MateryalPH\packages\api-contract\generated\typescript\src\models\StoreHoursDay.ts
[main] [34mINFO [0;39m o.o.codegen.TemplateManager - skipping unchanged file C:\Users\RJ\Downloads\Capstone Project System\Capstone_MateryalPH\packages\api-contract\generated\typescript\docs\StoreHoursDay.md
[main] [34mINFO [0;39m o.o.codegen.TemplateManager - writing file C:\Users\RJ\Downloads\Capstone Project System\Capstone_MateryalPH\packages\api-contract\generated\typescript\src\models\StoreNextOpening.ts
[main] [34mINFO [0;39m o.o.codegen.TemplateManager - skipping unchanged file C:\Users\RJ\Downloads\Capstone Project System\Capstone_MateryalPH\packages\api-contract\generated\typescript\docs\StoreNextOpening.md
[main] [34mINFO [0;39m o.o.codegen.TemplateManager - writing file C:\Users\RJ\Downloads\Capstone Project System\Capstone_MateryalPH\packages\api-contract\generated\typescript\src\models\StoreOpenNow.ts
[main] [34mINFO [0;39m o.o.codegen.TemplateManager - skipping unchanged file C:\Users\RJ\Downloads\Capstone Project System\Capstone_MateryalPH\packages\api-contract\generated\typescript\docs\StoreOpenNow.md
[main] [34mINFO [0;39m o.o.codegen.TemplateManager - writing file C:\Users\RJ\Downloads\Capstone Project System\Capstone_MateryalPH\packages\api-contract\generated\typescript\src\models\StoreOperatingDay.ts
[main] [34mINFO [0;39m o.o.codegen.TemplateManager - skipping unchanged file C:\Users\RJ\Downloads\Capstone Project System\Capstone_MateryalPH\packages\api-contract\generated\typescript\docs\StoreOperatingDay.md
[main] [34mINFO [0;39m o.o.codegen.TemplateManager - writing file C:\Users\RJ\Downloads\Capstone Project System\Capstone_MateryalPH\packages\api-contract\generated\typescript\src\models\SuccessEnvelope.ts
[main] [34mINFO [0;39m o.o.codegen.TemplateManager - skipping unchanged file C:\Users\RJ\Downloads\Capstone Project System\Capstone_MateryalPH\packages\api-contract\generated\typescript\docs\SuccessEnvelope.md
[main] [34mINFO [0;39m o.o.codegen.TemplateManager - writing file C:\Users\RJ\Downloads\Capstone Project System\Capstone_MateryalPH\packages\api-contract\generated\typescript\src\models\SupplierOpenStatus.ts
[main] [34mINFO [0;39m o.o.codegen.TemplateManager - skipping unchanged file C:\Users\RJ\Downloads\Capstone Project System\Capstone_MateryalPH\packages\api-contract\generated\typescript\docs\SupplierOpenStatus.md
[main] [34mINFO [0;39m o.o.codegen.TemplateManager - writing file C:\Users\RJ\Downloads\Capstone Project System\Capstone_MateryalPH\packages\api-contract\generated\typescript\src\models\SupplierResult.ts
[main] [34mINFO [0;39m o.o.codegen.TemplateManager - skipping unchanged file C:\Users\RJ\Downloads\Capstone Project System\Capstone_MateryalPH\packages\api-contract\generated\typescript\docs\SupplierResult.md
[main] [34mINFO [0;39m o.o.codegen.TemplateManager - writing file C:\Users\RJ\Downloads\Capstone Project System\Capstone_MateryalPH\packages\api-contract\generated\typescript\src\models\SupplierServiceability.ts
[main] [34mINFO [0;39m o.o.codegen.TemplateManager - skipping unchanged file C:\Users\RJ\Downloads\Capstone Project System\Capstone_MateryalPH\packages\api-contract\generated\typescript\docs\SupplierServiceability.md
[main] [34mINFO [0;39m o.o.codegen.TemplateManager - writing file C:\Users\RJ\Downloads\Capstone Project System\Capstone_MateryalPH\packages\api-contract\generated\typescript\src\models\SupplierTier.ts
[main] [34mINFO [0;39m o.o.codegen.TemplateManager - skipping unchanged file C:\Users\RJ\Downloads\Capstone Project System\Capstone_MateryalPH\packages\api-contract\generated\typescript\docs\SupplierTier.md
[main] [34mINFO [0;39m o.o.codegen.TemplateManager - writing file C:\Users\RJ\Downloads\Capstone Project System\Capstone_MateryalPH\packages\api-contract\generated\typescript\src\models\TaxCategory.ts
[main] [34mINFO [0;39m o.o.codegen.TemplateManager - skipping unchanged file C:\Users\RJ\Downloads\Capstone Project System\Capstone_MateryalPH\packages\api-contract\generated\typescript\docs\TaxCategory.md
[main] [34mINFO [0;39m o.o.codegen.TemplateManager - writing file C:\Users\RJ\Downloads\Capstone Project System\Capstone_MateryalPH\packages\api-contract\generated\typescript\src\models\UserIdentity.ts
[main] [34mINFO [0;39m o.o.codegen.TemplateManager - skipping unchanged file C:\Users\RJ\Downloads\Capstone Project System\Capstone_MateryalPH\packages\api-contract\generated\typescript\docs\UserIdentity.md
[main] [34mINFO [0;39m o.o.codegen.TemplateManager - writing file C:\Users\RJ\Downloads\Capstone Project System\Capstone_MateryalPH\packages\api-contract\generated\typescript\src\models\VendorActivationSnapshot.ts
[main] [34mINFO [0;39m o.o.codegen.TemplateManager - skipping unchanged file C:\Users\RJ\Downloads\Capstone Project System\Capstone_MateryalPH\packages\api-contract\generated\typescript\docs\VendorActivationSnapshot.md
[main] [34mINFO [0;39m o.o.codegen.TemplateManager - writing file C:\Users\RJ\Downloads\Capstone Project System\Capstone_MateryalPH\packages\api-contract\generated\typescript\src\models\VendorAddressGeocode.ts
[main] [34mINFO [0;39m o.o.codegen.TemplateManager - skipping unchanged file C:\Users\RJ\Downloads\Capstone Project System\Capstone_MateryalPH\packages\api-contract\generated\typescript\docs\VendorAddressGeocode.md
[main] [34mINFO [0;39m o.o.codegen.TemplateManager - writing file C:\Users\RJ\Downloads\Capstone Project System\Capstone_MateryalPH\packages\api-contract\generated\typescript\src\models\VendorAddressGeocodeEnvelope.ts
[main] [34mINFO [0;39m o.o.codegen.TemplateManager - skipping unchanged file C:\Users\RJ\Downloads\Capstone Project System\Capstone_MateryalPH\packages\api-contract\generated\typescript\docs\VendorAddressGeocodeEnvelope.md
[main] [34mINFO [0;39m o.o.codegen.TemplateManager - writing file C:\Users\RJ\Downloads\Capstone Project System\Capstone_MateryalPH\packages\api-contract\generated\typescript\src\models\VendorAddressSelection.ts
[main] [34mINFO [0;39m o.o.codegen.TemplateManager - skipping unchanged file C:\Users\RJ\Downloads\Capstone Project System\Capstone_MateryalPH\packages\api-contract\generated\typescript\docs\VendorAddressSelection.md
[main] [34mINFO [0;39m o.o.codegen.TemplateManager - writing file C:\Users\RJ\Downloads\Capstone Project System\Capstone_MateryalPH\packages\api-contract\generated\typescript\src\models\VendorBotProtectionEvidence.ts
[main] [34mINFO [0;39m o.o.codegen.TemplateManager - skipping unchanged file C:\Users\RJ\Downloads\Capstone Project System\Capstone_MateryalPH\packages\api-contract\generated\typescript\docs\VendorBotProtectionEvidence.md
[main] [34mINFO [0;39m o.o.codegen.TemplateManager - writing file C:\Users\RJ\Downloads\Capstone Project System\Capstone_MateryalPH\packages\api-contract\generated\typescript\src\models\VendorCommissionAcceptance.ts
[main] [34mINFO [0;39m o.o.codegen.TemplateManager - skipping unchanged file C:\Users\RJ\Downloads\Capstone Project System\Capstone_MateryalPH\packages\api-contract\generated\typescript\docs\VendorCommissionAcceptance.md
[main] [34mINFO [0;39m o.o.codegen.TemplateManager - writing file C:\Users\RJ\Downloads\Capstone Project System\Capstone_MateryalPH\packages\api-contract\generated\typescript\src\models\VendorDocument.ts
[main] [34mINFO [0;39m o.o.codegen.TemplateManager - skipping unchanged file C:\Users\RJ\Downloads\Capstone Project System\Capstone_MateryalPH\packages\api-contract\generated\typescript\docs\VendorDocument.md
[main] [34mINFO [0;39m o.o.codegen.TemplateManager - writing file C:\Users\RJ\Downloads\Capstone Project System\Capstone_MateryalPH\packages\api-contract\generated\typescript\src\models\VendorDocumentEnvelope.ts
[main] [34mINFO [0;39m o.o.codegen.TemplateManager - skipping unchanged file C:\Users\RJ\Downloads\Capstone Project System\Capstone_MateryalPH\packages\api-contract\generated\typescript\docs\VendorDocumentEnvelope.md
[main] [34mINFO [0;39m o.o.codegen.TemplateManager - writing file C:\Users\RJ\Downloads\Capstone Project System\Capstone_MateryalPH\packages\api-contract\generated\typescript\src\models\VendorFile.ts
[main] [34mINFO [0;39m o.o.codegen.TemplateManager - skipping unchanged file C:\Users\RJ\Downloads\Capstone Project System\Capstone_MateryalPH\packages\api-contract\generated\typescript\docs\VendorFile.md
[main] [34mINFO [0;39m o.o.codegen.TemplateManager - writing file C:\Users\RJ\Downloads\Capstone Project System\Capstone_MateryalPH\packages\api-contract\generated\typescript\src\models\VendorFileEnvelope.ts
[main] [34mINFO [0;39m o.o.codegen.TemplateManager - skipping unchanged file C:\Users\RJ\Downloads\Capstone Project System\Capstone_MateryalPH\packages\api-contract\generated\typescript\docs\VendorFileEnvelope.md
[main] [34mINFO [0;39m o.o.codegen.TemplateManager - writing file C:\Users\RJ\Downloads\Capstone Project System\Capstone_MateryalPH\packages\api-contract\generated\typescript\src\models\VendorInvitation.ts
[main] [34mINFO [0;39m o.o.codegen.TemplateManager - skipping unchanged file C:\Users\RJ\Downloads\Capstone Project System\Capstone_MateryalPH\packages\api-contract\generated\typescript\docs\VendorInvitation.md
[main] [34mINFO [0;39m o.o.codegen.TemplateManager - writing file C:\Users\RJ\Downloads\Capstone Project System\Capstone_MateryalPH\packages\api-contract\generated\typescript\src\models\VendorInvitationAcceptance.ts
[main] [34mINFO [0;39m o.o.codegen.TemplateManager - skipping unchanged file C:\Users\RJ\Downloads\Capstone Project System\Capstone_MateryalPH\packages\api-contract\generated\typescript\docs\VendorInvitationAcceptance.md
[main] [34mINFO [0;39m o.o.codegen.TemplateManager - writing file C:\Users\RJ\Downloads\Capstone Project System\Capstone_MateryalPH\packages\api-contract\generated\typescript\src\models\VendorInvitationEnvelope.ts
[main] [34mINFO [0;39m o.o.codegen.TemplateManager - skipping unchanged file C:\Users\RJ\Downloads\Capstone Project System\Capstone_MateryalPH\packages\api-contract\generated\typescript\docs\VendorInvitationEnvelope.md
[main] [34mINFO [0;39m o.o.codegen.TemplateManager - writing file C:\Users\RJ\Downloads\Capstone Project System\Capstone_MateryalPH\packages\api-contract\generated\typescript\src\models\VendorInvitationRequest.ts
[main] [34mINFO [0;39m o.o.codegen.TemplateManager - skipping unchanged file C:\Users\RJ\Downloads\Capstone Project System\Capstone_MateryalPH\packages\api-contract\generated\typescript\docs\VendorInvitationRequest.md
[main] [34mINFO [0;39m o.o.codegen.TemplateManager - writing file C:\Users\RJ\Downloads\Capstone Project System\Capstone_MateryalPH\packages\api-contract\generated\typescript\src\models\VendorMediaEnvelope.ts
[main] [34mINFO [0;39m o.o.codegen.TemplateManager - skipping unchanged file C:\Users\RJ\Downloads\Capstone Project System\Capstone_MateryalPH\packages\api-contract\generated\typescript\docs\VendorMediaEnvelope.md
[main] [34mINFO [0;39m o.o.codegen.TemplateManager - writing file C:\Users\RJ\Downloads\Capstone Project System\Capstone_MateryalPH\packages\api-contract\generated\typescript\src\models\VendorOnboardingEnvelope.ts
[main] [34mINFO [0;39m o.o.codegen.TemplateManager - skipping unchanged file C:\Users\RJ\Downloads\Capstone Project System\Capstone_MateryalPH\packages\api-contract\generated\typescript\docs\VendorOnboardingEnvelope.md
[main] [34mINFO [0;39m o.o.codegen.TemplateManager - writing file C:\Users\RJ\Downloads\Capstone Project System\Capstone_MateryalPH\packages\api-contract\generated\typescript\src\models\VendorOnboardingSection.ts
[main] [34mINFO [0;39m o.o.codegen.TemplateManager - skipping unchanged file C:\Users\RJ\Downloads\Capstone Project System\Capstone_MateryalPH\packages\api-contract\generated\typescript\docs\VendorOnboardingSection.md
[main] [34mINFO [0;39m o.o.codegen.TemplateManager - writing file C:\Users\RJ\Downloads\Capstone Project System\Capstone_MateryalPH\packages\api-contract\generated\typescript\src\models\VendorOnboardingSnapshot.ts
[main] [34mINFO [0;39m o.o.codegen.TemplateManager - skipping unchanged file C:\Users\RJ\Downloads\Capstone Project System\Capstone_MateryalPH\packages\api-contract\generated\typescript\docs\VendorOnboardingSnapshot.md
[main] [34mINFO [0;39m o.o.codegen.TemplateManager - writing file C:\Users\RJ\Downloads\Capstone Project System\Capstone_MateryalPH\packages\api-contract\generated\typescript\src\models\VendorOnboardingSnapshotSetup.ts
[main] [34mINFO [0;39m o.o.codegen.TemplateManager - skipping unchanged file C:\Users\RJ\Downloads\Capstone Project System\Capstone_MateryalPH\packages\api-contract\generated\typescript\docs\VendorOnboardingSnapshotSetup.md
[main] [34mINFO [0;39m o.o.codegen.TemplateManager - writing file C:\Users\RJ\Downloads\Capstone Project System\Capstone_MateryalPH\packages\api-contract\generated\typescript\src\models\VendorOnboardingStep.ts
[main] [34mINFO [0;39m o.o.codegen.TemplateManager - skipping unchanged file C:\Users\RJ\Downloads\Capstone Project System\Capstone_MateryalPH\packages\api-contract\generated\typescript\docs\VendorOnboardingStep.md
[main] [34mINFO [0;39m o.o.codegen.TemplateManager - writing file C:\Users\RJ\Downloads\Capstone Project System\Capstone_MateryalPH\packages\api-contract\generated\typescript\src\models\VendorOrderConfirmRequest.ts
[main] [34mINFO [0;39m o.o.codegen.TemplateManager - skipping unchanged file C:\Users\RJ\Downloads\Capstone Project System\Capstone_MateryalPH\packages\api-contract\generated\typescript\docs\VendorOrderConfirmRequest.md
[main] [34mINFO [0;39m o.o.codegen.TemplateManager - writing file C:\Users\RJ\Downloads\Capstone Project System\Capstone_MateryalPH\packages\api-contract\generated\typescript\src\models\VendorOrderDeclineReason.ts
[main] [34mINFO [0;39m o.o.codegen.TemplateManager - skipping unchanged file C:\Users\RJ\Downloads\Capstone Project System\Capstone_MateryalPH\packages\api-contract\generated\typescript\docs\VendorOrderDeclineReason.md
[main] [34mINFO [0;39m o.o.codegen.TemplateManager - writing file C:\Users\RJ\Downloads\Capstone Project System\Capstone_MateryalPH\packages\api-contract\generated\typescript\src\models\VendorOrderDeclineRequest.ts
[main] [34mINFO [0;39m o.o.codegen.TemplateManager - skipping unchanged file C:\Users\RJ\Downloads\Capstone Project System\Capstone_MateryalPH\packages\api-contract\generated\typescript\docs\VendorOrderDeclineRequest.md
[main] [34mINFO [0;39m o.o.codegen.TemplateManager - writing file C:\Users\RJ\Downloads\Capstone Project System\Capstone_MateryalPH\packages\api-contract\generated\typescript\src\models\VendorOrderPermissions.ts
[main] [34mINFO [0;39m o.o.codegen.TemplateManager - skipping unchanged file C:\Users\RJ\Downloads\Capstone Project System\Capstone_MateryalPH\packages\api-contract\generated\typescript\docs\VendorOrderPermissions.md
[main] [34mINFO [0;39m o.o.codegen.TemplateManager - writing file C:\Users\RJ\Downloads\Capstone Project System\Capstone_MateryalPH\packages\api-contract\generated\typescript\src\models\VendorOrderPrimaryAction.ts
[main] [34mINFO [0;39m o.o.codegen.TemplateManager - skipping unchanged file C:\Users\RJ\Downloads\Capstone Project System\Capstone_MateryalPH\packages\api-contract\generated\typescript\docs\VendorOrderPrimaryAction.md
[main] [34mINFO [0;39m o.o.codegen.TemplateManager - writing file C:\Users\RJ\Downloads\Capstone Project System\Capstone_MateryalPH\packages\api-contract\generated\typescript\src\models\VendorPaymentOnboarding.ts
[main] [34mINFO [0;39m o.o.codegen.TemplateManager - skipping unchanged file C:\Users\RJ\Downloads\Capstone Project System\Capstone_MateryalPH\packages\api-contract\generated\typescript\docs\VendorPaymentOnboarding.md
[main] [34mINFO [0;39m o.o.codegen.TemplateManager - writing file C:\Users\RJ\Downloads\Capstone Project System\Capstone_MateryalPH\packages\api-contract\generated\typescript\src\models\VendorPaymentOnboardingEnvelope.ts
[main] [34mINFO [0;39m o.o.codegen.TemplateManager - skipping unchanged file C:\Users\RJ\Downloads\Capstone Project System\Capstone_MateryalPH\packages\api-contract\generated\typescript\docs\VendorPaymentOnboardingEnvelope.md
[main] [34mINFO [0;39m o.o.codegen.TemplateManager - writing file C:\Users\RJ\Downloads\Capstone Project System\Capstone_MateryalPH\packages\api-contract\generated\typescript\src\models\VendorPaymentReconciliationEnvelope.ts
[main] [34mINFO [0;39m o.o.codegen.TemplateManager - skipping unchanged file C:\Users\RJ\Downloads\Capstone Project System\Capstone_MateryalPH\packages\api-contract\generated\typescript\docs\VendorPaymentReconciliationEnvelope.md
[main] [34mINFO [0;39m o.o.codegen.TemplateManager - writing file C:\Users\RJ\Downloads\Capstone Project System\Capstone_MateryalPH\packages\api-contract\generated\typescript\src\models\VendorRestriction.ts
[main] [34mINFO [0;39m o.o.codegen.TemplateManager - skipping unchanged file C:\Users\RJ\Downloads\Capstone Project System\Capstone_MateryalPH\packages\api-contract\generated\typescript\docs\VendorRestriction.md
[main] [34mINFO [0;39m o.o.codegen.TemplateManager - writing file C:\Users\RJ\Downloads\Capstone Project System\Capstone_MateryalPH\packages\api-contract\generated\typescript\src\models\VendorRestrictionEnvelope.ts
[main] [34mINFO [0;39m o.o.codegen.TemplateManager - skipping unchanged file C:\Users\RJ\Downloads\Capstone Project System\Capstone_MateryalPH\packages\api-contract\generated\typescript\docs\VendorRestrictionEnvelope.md
[main] [34mINFO [0;39m o.o.codegen.TemplateManager - writing file C:\Users\RJ\Downloads\Capstone Project System\Capstone_MateryalPH\packages\api-contract\generated\typescript\src\models\VendorSetupComplete.ts
[main] [34mINFO [0;39m o.o.codegen.TemplateManager - skipping unchanged file C:\Users\RJ\Downloads\Capstone Project System\Capstone_MateryalPH\packages\api-contract\generated\typescript\docs\VendorSetupComplete.md
[main] [34mINFO [0;39m o.o.codegen.TemplateManager - writing file C:\Users\RJ\Downloads\Capstone Project System\Capstone_MateryalPH\packages\api-contract\generated\typescript\src\models\VendorSetupDraft.ts
[main] [34mINFO [0;39m o.o.codegen.TemplateManager - skipping unchanged file C:\Users\RJ\Downloads\Capstone Project System\Capstone_MateryalPH\packages\api-contract\generated\typescript\docs\VendorSetupDraft.md
[main] [34mINFO [0;39m o.o.codegen.TemplateManager - writing file C:\Users\RJ\Downloads\Capstone Project System\Capstone_MateryalPH\packages\api-contract\generated\typescript\src\models\VendorSetupDraftDelivery.ts
[main] [34mINFO [0;39m o.o.codegen.TemplateManager - skipping unchanged file C:\Users\RJ\Downloads\Capstone Project System\Capstone_MateryalPH\packages\api-contract\generated\typescript\docs\VendorSetupDraftDelivery.md
[main] [34mINFO [0;39m o.o.codegen.TemplateManager - writing file C:\Users\RJ\Downloads\Capstone Project System\Capstone_MateryalPH\packages\api-contract\generated\typescript\src\models\VendorSetupDraftVehiclesInner.ts
[main] [34mINFO [0;39m o.o.codegen.TemplateManager - skipping unchanged file C:\Users\RJ\Downloads\Capstone Project System\Capstone_MateryalPH\packages\api-contract\generated\typescript\docs\VendorSetupDraftVehiclesInner.md
[main] [34mINFO [0;39m o.o.codegen.TemplateManager - writing file C:\Users\RJ\Downloads\Capstone Project System\Capstone_MateryalPH\packages\api-contract\generated\typescript\src\models\VendorStaffDisputeSetting.ts
[main] [34mINFO [0;39m o.o.codegen.TemplateManager - skipping unchanged file C:\Users\RJ\Downloads\Capstone Project System\Capstone_MateryalPH\packages\api-contract\generated\typescript\docs\VendorStaffDisputeSetting.md
[main] [34mINFO [0;39m o.o.codegen.TemplateManager - writing file C:\Users\RJ\Downloads\Capstone Project System\Capstone_MateryalPH\packages\api-contract\generated\typescript\src\models\VendorStaffUpdate.ts
[main] [34mINFO [0;39m o.o.codegen.TemplateManager - skipping unchanged file C:\Users\RJ\Downloads\Capstone Project System\Capstone_MateryalPH\packages\api-contract\generated\typescript\docs\VendorStaffUpdate.md
[main] [34mINFO [0;39m o.o.codegen.TemplateManager - writing file C:\Users\RJ\Downloads\Capstone Project System\Capstone_MateryalPH\packages\api-contract\generated\typescript\src\models\VendorStoreEmailConfirmation.ts
[main] [34mINFO [0;39m o.o.codegen.TemplateManager - skipping unchanged file C:\Users\RJ\Downloads\Capstone Project System\Capstone_MateryalPH\packages\api-contract\generated\typescript\docs\VendorStoreEmailConfirmation.md
[main] [34mINFO [0;39m o.o.codegen.TemplateManager - writing file C:\Users\RJ\Downloads\Capstone Project System\Capstone_MateryalPH\packages\api-contract\generated\typescript\src\models\VendorStoreEmailEnvelope.ts
[main] [34mINFO [0;39m o.o.codegen.TemplateManager - skipping unchanged file C:\Users\RJ\Downloads\Capstone Project System\Capstone_MateryalPH\packages\api-contract\generated\typescript\docs\VendorStoreEmailEnvelope.md
[main] [34mINFO [0;39m o.o.codegen.TemplateManager - writing file C:\Users\RJ\Downloads\Capstone Project System\Capstone_MateryalPH\packages\api-contract\generated\typescript\src\models\VendorTeamActivity.ts
[main] [34mINFO [0;39m o.o.codegen.TemplateManager - skipping unchanged file C:\Users\RJ\Downloads\Capstone Project System\Capstone_MateryalPH\packages\api-contract\generated\typescript\docs\VendorTeamActivity.md
[main] [34mINFO [0;39m o.o.codegen.TemplateManager - writing file C:\Users\RJ\Downloads\Capstone Project System\Capstone_MateryalPH\packages\api-contract\generated\typescript\src\models\VendorTeamActivityEnvelope.ts
[main] [34mINFO [0;39m o.o.codegen.TemplateManager - skipping unchanged file C:\Users\RJ\Downloads\Capstone Project System\Capstone_MateryalPH\packages\api-contract\generated\typescript\docs\VendorTeamActivityEnvelope.md
[main] [34mINFO [0;39m o.o.codegen.TemplateManager - writing file C:\Users\RJ\Downloads\Capstone Project System\Capstone_MateryalPH\packages\api-contract\generated\typescript\src\models\VendorTeamActivityEnvelopeMeta.ts
[main] [34mINFO [0;39m o.o.codegen.TemplateManager - skipping unchanged file C:\Users\RJ\Downloads\Capstone Project System\Capstone_MateryalPH\packages\api-contract\generated\typescript\docs\VendorTeamActivityEnvelopeMeta.md
[main] [34mINFO [0;39m o.o.codegen.TemplateManager - writing file C:\Users\RJ\Downloads\Capstone Project System\Capstone_MateryalPH\packages\api-contract\generated\typescript\src\models\VendorTeamInvitationListEnvelope.ts
[main] [34mINFO [0;39m o.o.codegen.TemplateManager - skipping unchanged file C:\Users\RJ\Downloads\Capstone Project System\Capstone_MateryalPH\packages\api-contract\generated\typescript\docs\VendorTeamInvitationListEnvelope.md
[main] [34mINFO [0;39m o.o.codegen.TemplateManager - writing file C:\Users\RJ\Downloads\Capstone Project System\Capstone_MateryalPH\packages\api-contract\generated\typescript\src\models\VendorTeamInvitationRecord.ts
[main] [34mINFO [0;39m o.o.codegen.TemplateManager - skipping unchanged file C:\Users\RJ\Downloads\Capstone Project System\Capstone_MateryalPH\packages\api-contract\generated\typescript\docs\VendorTeamInvitationRecord.md
[main] [34mINFO [0;39m o.o.codegen.TemplateManager - writing file C:\Users\RJ\Downloads\Capstone Project System\Capstone_MateryalPH\packages\api-contract\generated\typescript\src\models\VendorVerificationDraft.ts
[main] [34mINFO [0;39m o.o.codegen.TemplateManager - skipping unchanged file C:\Users\RJ\Downloads\Capstone Project System\Capstone_MateryalPH\packages\api-contract\generated\typescript\docs\VendorVerificationDraft.md
[main] [34mINFO [0;39m o.o.codegen.TemplateManager - writing file C:\Users\RJ\Downloads\Capstone Project System\Capstone_MateryalPH\packages\api-contract\generated\typescript\src\models\VendorVerificationDraftClassification.ts
[main] [34mINFO [0;39m o.o.codegen.TemplateManager - skipping unchanged file C:\Users\RJ\Downloads\Capstone Project System\Capstone_MateryalPH\packages\api-contract\generated\typescript\docs\VendorVerificationDraftClassification.md
[main] [34mINFO [0;39m o.o.codegen.TemplateManager - writing file C:\Users\RJ\Downloads\Capstone Project System\Capstone_MateryalPH\packages\api-contract\generated\typescript\src\models\VendorVerificationDraftLegalIdentity.ts
[main] [34mINFO [0;39m o.o.codegen.TemplateManager - skipping unchanged file C:\Users\RJ\Downloads\Capstone Project System\Capstone_MateryalPH\packages\api-contract\generated\typescript\docs\VendorVerificationDraftLegalIdentity.md
[main] [34mINFO [0;39m o.o.codegen.TemplateManager - writing file C:\Users\RJ\Downloads\Capstone Project System\Capstone_MateryalPH\packages\api-contract\generated\typescript\src\models\VendorVerificationDraftRepresentative.ts
[main] [34mINFO [0;39m o.o.codegen.TemplateManager - skipping unchanged file C:\Users\RJ\Downloads\Capstone Project System\Capstone_MateryalPH\packages\api-contract\generated\typescript\docs\VendorVerificationDraftRepresentative.md
[main] [34mINFO [0;39m o.o.codegen.TemplateManager - writing file C:\Users\RJ\Downloads\Capstone Project System\Capstone_MateryalPH\packages\api-contract\generated\typescript\src\models\VendorVerificationDraftTaxProfile.ts
[main] [34mINFO [0;39m o.o.codegen.TemplateManager - skipping unchanged file C:\Users\RJ\Downloads\Capstone Project System\Capstone_MateryalPH\packages\api-contract\generated\typescript\docs\VendorVerificationDraftTaxProfile.md
[main] [34mINFO [0;39m o.o.codegen.TemplateManager - writing file C:\Users\RJ\Downloads\Capstone Project System\Capstone_MateryalPH\packages\api-contract\generated\typescript\src\models\VendorVerificationSubmit.ts
[main] [34mINFO [0;39m o.o.codegen.TemplateManager - skipping unchanged file C:\Users\RJ\Downloads\Capstone Project System\Capstone_MateryalPH\packages\api-contract\generated\typescript\docs\VendorVerificationSubmit.md
[main] [34mINFO [0;39m o.o.codegen.TemplateManager - writing file C:\Users\RJ\Downloads\Capstone Project System\Capstone_MateryalPH\packages\api-contract\generated\typescript\src\models\VendorWebhookEnvelope.ts
[main] [34mINFO [0;39m o.o.codegen.TemplateManager - skipping unchanged file C:\Users\RJ\Downloads\Capstone Project System\Capstone_MateryalPH\packages\api-contract\generated\typescript\docs\VendorWebhookEnvelope.md
[main] [34mINFO [0;39m o.o.codegen.TemplateManager - writing file C:\Users\RJ\Downloads\Capstone Project System\Capstone_MateryalPH\packages\api-contract\generated\typescript\src\models\VerifiedVendorSummary.ts
[main] [34mINFO [0;39m o.o.codegen.TemplateManager - skipping unchanged file C:\Users\RJ\Downloads\Capstone Project System\Capstone_MateryalPH\packages\api-contract\generated\typescript\docs\VerifiedVendorSummary.md
[main] [34mINFO [0;39m o.o.codegen.TemplateManager - writing file C:\Users\RJ\Downloads\Capstone Project System\Capstone_MateryalPH\packages\api-contract\generated\typescript\src\models\VerifyBotChallengeRequest.ts
[main] [34mINFO [0;39m o.o.codegen.TemplateManager - skipping unchanged file C:\Users\RJ\Downloads\Capstone Project System\Capstone_MateryalPH\packages\api-contract\generated\typescript\docs\VerifyBotChallengeRequest.md
[main] [34mINFO [0;39m o.o.codegen.TemplateManager - writing file C:\Users\RJ\Downloads\Capstone Project System\Capstone_MateryalPH\packages\api-contract\generated\typescript\src\models\VerifyEmailRequest.ts
[main] [34mINFO [0;39m o.o.codegen.TemplateManager - skipping unchanged file C:\Users\RJ\Downloads\Capstone Project System\Capstone_MateryalPH\packages\api-contract\generated\typescript\docs\VerifyEmailRequest.md
[main] [34mINFO [0;39m o.o.codegen.TemplateManager - writing file C:\Users\RJ\Downloads\Capstone Project System\Capstone_MateryalPH\packages\api-contract\generated\typescript\src\models\VolumeTier.ts
[main] [34mINFO [0;39m o.o.codegen.TemplateManager - skipping unchanged file C:\Users\RJ\Downloads\Capstone Project System\Capstone_MateryalPH\packages\api-contract\generated\typescript\docs\VolumeTier.md
[main] [34mINFO [0;39m o.o.codegen.TemplateManager - writing file C:\Users\RJ\Downloads\Capstone Project System\Capstone_MateryalPH\packages\api-contract\generated\typescript\src\models\XenditAccountVerificationWebhook.ts
[main] [34mINFO [0;39m o.o.codegen.TemplateManager - skipping unchanged file C:\Users\RJ\Downloads\Capstone Project System\Capstone_MateryalPH\packages\api-contract\generated\typescript\docs\XenditAccountVerificationWebhook.md
[main] [34mINFO [0;39m o.o.codegen.TemplateManager - writing file C:\Users\RJ\Downloads\Capstone Project System\Capstone_MateryalPH\packages\api-contract\generated\typescript\src\models\XenditAccountVerificationWebhookData.ts
[main] [34mINFO [0;39m o.o.codegen.TemplateManager - skipping unchanged file C:\Users\RJ\Downloads\Capstone Project System\Capstone_MateryalPH\packages\api-contract\generated\typescript\docs\XenditAccountVerificationWebhookData.md
[main] [34mINFO [0;39m o.o.codegen.TemplateManager - writing file C:\Users\RJ\Downloads\Capstone Project System\Capstone_MateryalPH\packages\api-contract\generated\typescript\src\models\XenditAccountVerificationWebhookDataAccountInfo.ts
[main] [34mINFO [0;39m o.o.codegen.TemplateManager - skipping unchanged file C:\Users\RJ\Downloads\Capstone Project System\Capstone_MateryalPH\packages\api-contract\generated\typescript\docs\XenditAccountVerificationWebhookDataAccountInfo.md
[main] [34mINFO [0;39m o.o.codegen.utils.URLPathUtils - 'host' (OAS 2.0) or 'servers' (OAS 3.0) not defined in the spec. Default to [http://localhost] for server URL [http://localhost/api/v1]
[main] [34mINFO [0;39m o.o.codegen.TemplateManager - writing file C:\Users\RJ\Downloads\Capstone Project System\Capstone_MateryalPH\packages\api-contract\generated\typescript\src\apis\AccountsApi.ts
[main] [34mINFO [0;39m o.o.codegen.TemplateManager - writing file C:\Users\RJ\Downloads\Capstone Project System\Capstone_MateryalPH\packages\api-contract\generated\typescript\docs\AccountsApi.md
[main] [34mINFO [0;39m o.o.codegen.TemplateManager - writing file C:\Users\RJ\Downloads\Capstone Project System\Capstone_MateryalPH\packages\api-contract\generated\typescript\src\apis\AdminProductComplianceApi.ts
[main] [34mINFO [0;39m o.o.codegen.TemplateManager - writing file C:\Users\RJ\Downloads\Capstone Project System\Capstone_MateryalPH\packages\api-contract\generated\typescript\docs\AdminProductComplianceApi.md
[main] [34mINFO [0;39m o.o.codegen.TemplateManager - writing file C:\Users\RJ\Downloads\Capstone Project System\Capstone_MateryalPH\packages\api-contract\generated\typescript\src\apis\AdminVendorVerificationApi.ts
[main] [34mINFO [0;39m o.o.codegen.TemplateManager - writing file C:\Users\RJ\Downloads\Capstone Project System\Capstone_MateryalPH\packages\api-contract\generated\typescript\docs\AdminVendorVerificationApi.md
[main] [34mINFO [0;39m o.o.codegen.TemplateManager - writing file C:\Users\RJ\Downloads\Capstone Project System\Capstone_MateryalPH\packages\api-contract\generated\typescript\src\apis\AgreementsApi.ts
[main] [34mINFO [0;39m o.o.codegen.TemplateManager - skipping unchanged file C:\Users\RJ\Downloads\Capstone Project System\Capstone_MateryalPH\packages\api-contract\generated\typescript\docs\AgreementsApi.md
[main] [34mINFO [0;39m o.o.codegen.TemplateManager - writing file C:\Users\RJ\Downloads\Capstone Project System\Capstone_MateryalPH\packages\api-contract\generated\typescript\src\apis\AuthenticationApi.ts
[main] [34mINFO [0;39m o.o.codegen.TemplateManager - writing file C:\Users\RJ\Downloads\Capstone Project System\Capstone_MateryalPH\packages\api-contract\generated\typescript\docs\AuthenticationApi.md
[main] [34mINFO [0;39m o.o.codegen.TemplateManager - writing file C:\Users\RJ\Downloads\Capstone Project System\Capstone_MateryalPH\packages\api-contract\generated\typescript\src\apis\BuyerCartApi.ts
[main] [34mINFO [0;39m o.o.codegen.TemplateManager - writing file C:\Users\RJ\Downloads\Capstone Project System\Capstone_MateryalPH\packages\api-contract\generated\typescript\docs\BuyerCartApi.md
[main] [34mINFO [0;39m o.o.codegen.TemplateManager - writing file C:\Users\RJ\Downloads\Capstone Project System\Capstone_MateryalPH\packages\api-contract\generated\typescript\src\apis\BuyerDiscoveryApi.ts
[main] [34mINFO [0;39m o.o.codegen.TemplateManager - writing file C:\Users\RJ\Downloads\Capstone Project System\Capstone_MateryalPH\packages\api-contract\generated\typescript\docs\BuyerDiscoveryApi.md
[main] [34mINFO [0;39m o.o.codegen.TemplateManager - writing file C:\Users\RJ\Downloads\Capstone Project System\Capstone_MateryalPH\packages\api-contract\generated\typescript\src\apis\BuyerExploreApi.ts
[main] [34mINFO [0;39m o.o.codegen.TemplateManager - writing file C:\Users\RJ\Downloads\Capstone Project System\Capstone_MateryalPH\packages\api-contract\generated\typescript\docs\BuyerExploreApi.md
[main] [34mINFO [0;39m o.o.codegen.TemplateManager - writing file C:\Users\RJ\Downloads\Capstone Project System\Capstone_MateryalPH\packages\api-contract\generated\typescript\src\apis\BuyerLocationsApi.ts
[main] [34mINFO [0;39m o.o.codegen.TemplateManager - writing file C:\Users\RJ\Downloads\Capstone Project System\Capstone_MateryalPH\packages\api-contract\generated\typescript\docs\BuyerLocationsApi.md
[main] [34mINFO [0;39m o.o.codegen.TemplateManager - writing file C:\Users\RJ\Downloads\Capstone Project System\Capstone_MateryalPH\packages\api-contract\generated\typescript\src\apis\BuyerOrdersApi.ts
[main] [34mINFO [0;39m o.o.codegen.TemplateManager - writing file C:\Users\RJ\Downloads\Capstone Project System\Capstone_MateryalPH\packages\api-contract\generated\typescript\docs\BuyerOrdersApi.md
[main] [34mINFO [0;39m o.o.codegen.TemplateManager - writing file C:\Users\RJ\Downloads\Capstone Project System\Capstone_MateryalPH\packages\api-contract\generated\typescript\src\apis\MessagingApi.ts
[main] [34mINFO [0;39m o.o.codegen.TemplateManager - writing file C:\Users\RJ\Downloads\Capstone Project System\Capstone_MateryalPH\packages\api-contract\generated\typescript\docs\MessagingApi.md
[main] [34mINFO [0;39m o.o.codegen.TemplateManager - writing file C:\Users\RJ\Downloads\Capstone Project System\Capstone_MateryalPH\packages\api-contract\generated\typescript\src\apis\StoresApi.ts
[main] [34mINFO [0;39m o.o.codegen.TemplateManager - skipping unchanged file C:\Users\RJ\Downloads\Capstone Project System\Capstone_MateryalPH\packages\api-contract\generated\typescript\docs\StoresApi.md
[main] [34mINFO [0;39m o.o.codegen.TemplateManager - writing file C:\Users\RJ\Downloads\Capstone Project System\Capstone_MateryalPH\packages\api-contract\generated\typescript\src\apis\SystemApi.ts
[main] [34mINFO [0;39m o.o.codegen.TemplateManager - skipping unchanged file C:\Users\RJ\Downloads\Capstone Project System\Capstone_MateryalPH\packages\api-contract\generated\typescript\docs\SystemApi.md
[main] [34mINFO [0;39m o.o.codegen.TemplateManager - writing file C:\Users\RJ\Downloads\Capstone Project System\Capstone_MateryalPH\packages\api-contract\generated\typescript\src\apis\VendorAutoAcceptApi.ts
[main] [34mINFO [0;39m o.o.codegen.TemplateManager - writing file C:\Users\RJ\Downloads\Capstone Project System\Capstone_MateryalPH\packages\api-contract\generated\typescript\docs\VendorAutoAcceptApi.md
[main] [34mINFO [0;39m o.o.codegen.TemplateManager - writing file C:\Users\RJ\Downloads\Capstone Project System\Capstone_MateryalPH\packages\api-contract\generated\typescript\src\apis\VendorCatalogApi.ts
[main] [34mINFO [0;39m o.o.codegen.TemplateManager - writing file C:\Users\RJ\Downloads\Capstone Project System\Capstone_MateryalPH\packages\api-contract\generated\typescript\docs\VendorCatalogApi.md
[main] [34mINFO [0;39m o.o.codegen.TemplateManager - writing file C:\Users\RJ\Downloads\Capstone Project System\Capstone_MateryalPH\packages\api-contract\generated\typescript\src\apis\VendorFleetApi.ts
[main] [34mINFO [0;39m o.o.codegen.TemplateManager - writing file C:\Users\RJ\Downloads\Capstone Project System\Capstone_MateryalPH\packages\api-contract\generated\typescript\docs\VendorFleetApi.md
[main] [34mINFO [0;39m o.o.codegen.TemplateManager - writing file C:\Users\RJ\Downloads\Capstone Project System\Capstone_MateryalPH\packages\api-contract\generated\typescript\src\apis\VendorInventoryApi.ts
[main] [34mINFO [0;39m o.o.codegen.TemplateManager - writing file C:\Users\RJ\Downloads\Capstone Project System\Capstone_MateryalPH\packages\api-contract\generated\typescript\docs\VendorInventoryApi.md
[main] [34mINFO [0;39m o.o.codegen.TemplateManager - writing file C:\Users\RJ\Downloads\Capstone Project System\Capstone_MateryalPH\packages\api-contract\generated\typescript\src\apis\VendorOnboardingApi.ts
[main] [34mINFO [0;39m o.o.codegen.TemplateManager - writing file C:\Users\RJ\Downloads\Capstone Project System\Capstone_MateryalPH\packages\api-contract\generated\typescript\docs\VendorOnboardingApi.md
[main] [34mINFO [0;39m o.o.codegen.TemplateManager - writing file C:\Users\RJ\Downloads\Capstone Project System\Capstone_MateryalPH\packages\api-contract\generated\typescript\src\apis\VendorOrdersApi.ts
[main] [34mINFO [0;39m o.o.codegen.TemplateManager - writing file C:\Users\RJ\Downloads\Capstone Project System\Capstone_MateryalPH\packages\api-contract\generated\typescript\docs\VendorOrdersApi.md
[main] [34mINFO [0;39m o.o.codegen.TemplateManager - skipping unchanged file C:\Users\RJ\Downloads\Capstone Project System\Capstone_MateryalPH\packages\api-contract\generated\typescript\src\index.ts
[main] [34mINFO [0;39m o.o.codegen.TemplateManager - writing file C:\Users\RJ\Downloads\Capstone Project System\Capstone_MateryalPH\packages\api-contract\generated\typescript\src\runtime.ts
[main] [34mINFO [0;39m o.o.codegen.TemplateManager - writing file C:\Users\RJ\Downloads\Capstone Project System\Capstone_MateryalPH\packages\api-contract\generated\typescript\README.md
[main] [34mINFO [0;39m o.o.codegen.TemplateManager - skipping unchanged file C:\Users\RJ\Downloads\Capstone Project System\Capstone_MateryalPH\packages\api-contract\generated\typescript\package.json
[main] [34mINFO [0;39m o.o.codegen.TemplateManager - skipping unchanged file C:\Users\RJ\Downloads\Capstone Project System\Capstone_MateryalPH\packages\api-contract\generated\typescript\tsconfig.json
[main] [34mINFO [0;39m o.o.codegen.TemplateManager - skipping unchanged file C:\Users\RJ\Downloads\Capstone Project System\Capstone_MateryalPH\packages\api-contract\generated\typescript\tsconfig.esm.json
[main] [34mINFO [0;39m o.o.codegen.TemplateManager - skipping unchanged file C:\Users\RJ\Downloads\Capstone Project System\Capstone_MateryalPH\packages\api-contract\generated\typescript\.npmignore
[main] [34mINFO [0;39m o.o.codegen.TemplateManager - skipping unchanged file C:\Users\RJ\Downloads\Capstone Project System\Capstone_MateryalPH\packages\api-contract\generated\typescript\.gitignore
[main] [34mINFO [0;39m o.o.codegen.TemplateManager - skipping unchanged file C:\Users\RJ\Downloads\Capstone Project System\Capstone_MateryalPH\packages\api-contract\generated\typescript\src\models\index.ts
[main] [34mINFO [0;39m o.o.codegen.TemplateManager - skipping unchanged file C:\Users\RJ\Downloads\Capstone Project System\Capstone_MateryalPH\packages\api-contract\generated\typescript\src\apis\index.ts
[main] [34mINFO [0;39m o.o.codegen.TemplateManager - Skipped C:\Users\RJ\Downloads\Capstone Project System\Capstone_MateryalPH\packages\api-contract\generated\typescript\.openapi-generator-ignore (Skipped by supportingFiles options supplied by user.)
[main] [34mINFO [0;39m o.o.codegen.TemplateManager - skipping unchanged file C:\Users\RJ\Downloads\Capstone Project System\Capstone_MateryalPH\packages\api-contract\generated\typescript\.openapi-generator\VERSION
[main] [34mINFO [0;39m o.o.codegen.TemplateManager - writing file C:\Users\RJ\Downloads\Capstone Project System\Capstone_MateryalPH\packages\api-contract\generated\typescript\.openapi-generator\FILES
############################################################################################
# Thanks for using OpenAPI Generator.                                                      #
# We appreciate your support! Please consider donating to help us maintain this project.   #
# https://opencollective.com/openapi_generator/donate                                      #
############################################################################################
[main] [31mWARN [0;39m o.o.codegen.DefaultCodegen - OpenAPI 3.1 support is still in beta. To report an issue related to 3.1 spec, please kindly open an issue in the Github repo: https://github.com/openAPITools/openapi-generator.
[main] [34mINFO [0;39m o.o.codegen.DefaultGenerator - Generating with dryRun=false
[main] [34mINFO [0;39m o.o.codegen.DefaultGenerator - OpenAPI Generator: dart-dio (client)
[main] [34mINFO [0;39m o.o.codegen.DefaultGenerator - Generator 'dart-dio' is considered stable.
[main] [34mINFO [0;39m o.o.c.languages.AbstractDartCodegen - Environment variable DART_POST_PROCESS_FILE not defined so the Dart code may not be properly formatted. To define it, try `export DART_POST_PROCESS_FILE="/usr/local/bin/dartfmt -w"` (Linux/Mac)
[main] [34mINFO [0;39m o.o.c.languages.AbstractDartCodegen - NOTE: To enable file post-processing, 'enablePostProcessFile' must be set to `true` (--enable-post-process-file for CLI).
[main] [31mWARN [0;39m o.o.codegen.utils.ModelUtils - Failed to get the schema name: null
[main] [34mINFO [0;39m o.o.codegen.InlineModelResolver - Inline schema created as uploadChatAttachment_request. To have complete control of the model name, set the `title` field or use the modelNameMapping option (e.g. --model-name-mappings uploadChatAttachment_request=NewModel,ModelA=NewModelA in CLI) or inlineSchemaNameMapping option (--inline-schema-name-mappings uploadChatAttachment_request=NewModel,ModelA=NewModelA in CLI).
[main] [34mINFO [0;39m o.o.codegen.InlineModelResolver - Inline schema created as uploadAccountPhoto_request. To have complete control of the model name, set the `title` field or use the modelNameMapping option (e.g. --model-name-mappings uploadAccountPhoto_request=NewModel,ModelA=NewModelA in CLI) or inlineSchemaNameMapping option (--inline-schema-name-mappings uploadAccountPhoto_request=NewModel,ModelA=NewModelA in CLI).
[main] [34mINFO [0;39m o.o.codegen.InlineModelResolver - Inline schema created as HealthEnvelope_allOf_data. To have complete control of the model name, set the `title` field or use the modelNameMapping option (e.g. --model-name-mappings HealthEnvelope_allOf_data=NewModel,ModelA=NewModelA in CLI) or inlineSchemaNameMapping option (--inline-schema-name-mappings HealthEnvelope_allOf_data=NewModel,ModelA=NewModelA in CLI).
[main] [34mINFO [0;39m o.o.codegen.InlineModelResolver - Inline schema created as CsrfEnvelope_allOf_data. To have complete control of the model name, set the `title` field or use the modelNameMapping option (e.g. --model-name-mappings CsrfEnvelope_allOf_data=NewModel,ModelA=NewModelA in CLI) or inlineSchemaNameMapping option (--inline-schema-name-mappings CsrfEnvelope_allOf_data=NewModel,ModelA=NewModelA in CLI).
[main] [34mINFO [0;39m o.o.codegen.InlineModelResolver - Inline schema created as BotProofEnvelope_allOf_data. To have complete control of the model name, set the `title` field or use the modelNameMapping option (e.g. --model-name-mappings BotProofEnvelope_allOf_data=NewModel,ModelA=NewModelA in CLI) or inlineSchemaNameMapping option (--inline-schema-name-mappings BotProofEnvelope_allOf_data=NewModel,ModelA=NewModelA in CLI).
[main] [34mINFO [0;39m o.o.codegen.InlineModelResolver - Inline schema created as AuthEnvelope_allOf_data. To have complete control of the model name, set the `title` field or use the modelNameMapping option (e.g. --model-name-mappings AuthEnvelope_allOf_data=NewModel,ModelA=NewModelA in CLI) or inlineSchemaNameMapping option (--inline-schema-name-mappings AuthEnvelope_allOf_data=NewModel,ModelA=NewModelA in CLI).
[main] [34mINFO [0;39m o.o.codegen.InlineModelResolver - Inline schema created as MfaStatusEnvelope_allOf_data. To have complete control of the model name, set the `title` field or use the modelNameMapping option (e.g. --model-name-mappings MfaStatusEnvelope_allOf_data=NewModel,ModelA=NewModelA in CLI) or inlineSchemaNameMapping option (--inline-schema-name-mappings MfaStatusEnvelope_allOf_data=NewModel,ModelA=NewModelA in CLI).
[main] [34mINFO [0;39m o.o.codegen.InlineModelResolver - Inline schema created as MfaEnrollmentEnvelope_allOf_data. To have complete control of the model name, set the `title` field or use the modelNameMapping option (e.g. --model-name-mappings MfaEnrollmentEnvelope_allOf_data=NewModel,ModelA=NewModelA in CLI) or inlineSchemaNameMapping option (--inline-schema-name-mappings MfaEnrollmentEnvelope_allOf_data=NewModel,ModelA=NewModelA in CLI).
[main] [34mINFO [0;39m o.o.codegen.InlineModelResolver - Inline schema created as RegistrationEnvelope_allOf_data. To have complete control of the model name, set the `title` field or use the modelNameMapping option (e.g. --model-name-mappings RegistrationEnvelope_allOf_data=NewModel,ModelA=NewModelA in CLI) or inlineSchemaNameMapping option (--inline-schema-name-mappings RegistrationEnvelope_allOf_data=NewModel,ModelA=NewModelA in CLI).
[main] [34mINFO [0;39m o.o.codegen.InlineModelResolver - Inline schema created as VendorOnboardingSnapshot_setup. To have complete control of the model name, set the `title` field or use the modelNameMapping option (e.g. --model-name-mappings VendorOnboardingSnapshot_setup=NewModel,ModelA=NewModelA in CLI) or inlineSchemaNameMapping option (--inline-schema-name-mappings VendorOnboardingSnapshot_setup=NewModel,ModelA=NewModelA in CLI).
[main] [34mINFO [0;39m o.o.codegen.InlineModelResolver - Inline schema created as PublicStoreListEnvelope_meta. To have complete control of the model name, set the `title` field or use the modelNameMapping option (e.g. --model-name-mappings PublicStoreListEnvelope_meta=NewModel,ModelA=NewModelA in CLI) or inlineSchemaNameMapping option (--inline-schema-name-mappings PublicStoreListEnvelope_meta=NewModel,ModelA=NewModelA in CLI).
[main] [34mINFO [0;39m o.o.codegen.InlineModelResolver - Inline schema created as VendorVerificationDraft_classification. To have complete control of the model name, set the `title` field or use the modelNameMapping option (e.g. --model-name-mappings VendorVerificationDraft_classification=NewModel,ModelA=NewModelA in CLI) or inlineSchemaNameMapping option (--inline-schema-name-mappings VendorVerificationDraft_classification=NewModel,ModelA=NewModelA in CLI).
[main] [34mINFO [0;39m o.o.codegen.InlineModelResolver - Inline schema created as VendorVerificationDraft_representative. To have complete control of the model name, set the `title` field or use the modelNameMapping option (e.g. --model-name-mappings VendorVerificationDraft_representative=NewModel,ModelA=NewModelA in CLI) or inlineSchemaNameMapping option (--inline-schema-name-mappings VendorVerificationDraft_representative=NewModel,ModelA=NewModelA in CLI).
[main] [34mINFO [0;39m o.o.codegen.InlineModelResolver - Inline schema created as VendorVerificationDraft_legal_identity. To have complete control of the model name, set the `title` field or use the modelNameMapping option (e.g. --model-name-mappings VendorVerificationDraft_legal_identity=NewModel,ModelA=NewModelA in CLI) or inlineSchemaNameMapping option (--inline-schema-name-mappings VendorVerificationDraft_legal_identity=NewModel,ModelA=NewModelA in CLI).
[main] [34mINFO [0;39m o.o.codegen.InlineModelResolver - Inline schema created as VendorVerificationDraft_tax_profile. To have complete control of the model name, set the `title` field or use the modelNameMapping option (e.g. --model-name-mappings VendorVerificationDraft_tax_profile=NewModel,ModelA=NewModelA in CLI) or inlineSchemaNameMapping option (--inline-schema-name-mappings VendorVerificationDraft_tax_profile=NewModel,ModelA=NewModelA in CLI).
[main] [34mINFO [0;39m o.o.codegen.InlineModelResolver - Inline schema created as VendorSetupDraft_delivery. To have complete control of the model name, set the `title` field or use the modelNameMapping option (e.g. --model-name-mappings VendorSetupDraft_delivery=NewModel,ModelA=NewModelA in CLI) or inlineSchemaNameMapping option (--inline-schema-name-mappings VendorSetupDraft_delivery=NewModel,ModelA=NewModelA in CLI).
[main] [34mINFO [0;39m o.o.codegen.InlineModelResolver - Inline schema created as VendorSetupDraft_vehicles_inner. To have complete control of the model name, set the `title` field or use the modelNameMapping option (e.g. --model-name-mappings VendorSetupDraft_vehicles_inner=NewModel,ModelA=NewModelA in CLI) or inlineSchemaNameMapping option (--inline-schema-name-mappings VendorSetupDraft_vehicles_inner=NewModel,ModelA=NewModelA in CLI).
[main] [34mINFO [0;39m o.o.codegen.InlineModelResolver - Inline schema created as PsgcSearchEnvelope_data. To have complete control of the model name, set the `title` field or use the modelNameMapping option (e.g. --model-name-mappings PsgcSearchEnvelope_data=NewModel,ModelA=NewModelA in CLI) or inlineSchemaNameMapping option (--inline-schema-name-mappings PsgcSearchEnvelope_data=NewModel,ModelA=NewModelA in CLI).
[main] [34mINFO [0;39m o.o.codegen.InlineModelResolver - Inline schema created as VendorTeamActivityEnvelope_meta. To have complete control of the model name, set the `title` field or use the modelNameMapping option (e.g. --model-name-mappings VendorTeamActivityEnvelope_meta=NewModel,ModelA=NewModelA in CLI) or inlineSchemaNameMapping option (--inline-schema-name-mappings VendorTeamActivityEnvelope_meta=NewModel,ModelA=NewModelA in CLI).
[main] [34mINFO [0;39m o.o.codegen.InlineModelResolver - Inline schema created as XenditAccountVerificationWebhook_data_account_info. To have complete control of the model name, set the `title` field or use the modelNameMapping option (e.g. --model-name-mappings XenditAccountVerificationWebhook_data_account_info=NewModel,ModelA=NewModelA in CLI) or inlineSchemaNameMapping option (--inline-schema-name-mappings XenditAccountVerificationWebhook_data_account_info=NewModel,ModelA=NewModelA in CLI).
[main] [34mINFO [0;39m o.o.codegen.InlineModelResolver - Inline schema created as XenditAccountVerificationWebhook_data. To have complete control of the model name, set the `title` field or use the modelNameMapping option (e.g. --model-name-mappings XenditAccountVerificationWebhook_data=NewModel,ModelA=NewModelA in CLI) or inlineSchemaNameMapping option (--inline-schema-name-mappings XenditAccountVerificationWebhook_data=NewModel,ModelA=NewModelA in CLI).
[main] [34mINFO [0;39m o.o.codegen.InlineModelResolver - Inline schema created as CatalogListingDeletedEnvelope_data. To have complete control of the model name, set the `title` field or use the modelNameMapping option (e.g. --model-name-mappings CatalogListingDeletedEnvelope_data=NewModel,ModelA=NewModelA in CLI) or inlineSchemaNameMapping option (--inline-schema-name-mappings CatalogListingDeletedEnvelope_data=NewModel,ModelA=NewModelA in CLI).
[main] [34mINFO [0;39m o.o.codegen.InlineModelResolver - Inline schema created as ProductComplianceCaseEnvelope_data. To have complete control of the model name, set the `title` field or use the modelNameMapping option (e.g. --model-name-mappings ProductComplianceCaseEnvelope_data=NewModel,ModelA=NewModelA in CLI) or inlineSchemaNameMapping option (--inline-schema-name-mappings ProductComplianceCaseEnvelope_data=NewModel,ModelA=NewModelA in CLI).
[main] [34mINFO [0;39m o.o.codegen.InlineModelResolver - Inline schema created as ComparableGroupEnvelope_data. To have complete control of the model name, set the `title` field or use the modelNameMapping option (e.g. --model-name-mappings ComparableGroupEnvelope_data=NewModel,ModelA=NewModelA in CLI) or inlineSchemaNameMapping option (--inline-schema-name-mappings ComparableGroupEnvelope_data=NewModel,ModelA=NewModelA in CLI).
[main] [34mINFO [0;39m o.o.codegen.InlineModelResolver - Inline schema created as InventoryLedgerMeta_summary. To have complete control of the model name, set the `title` field or use the modelNameMapping option (e.g. --model-name-mappings InventoryLedgerMeta_summary=NewModel,ModelA=NewModelA in CLI) or inlineSchemaNameMapping option (--inline-schema-name-mappings InventoryLedgerMeta_summary=NewModel,ModelA=NewModelA in CLI).
[main] [34mINFO [0;39m o.o.codegen.InlineModelResolver - Inline schema created as InventoryLedgerMeta_stale_listings. To have complete control of the model name, set the `title` field or use the modelNameMapping option (e.g. --model-name-mappings InventoryLedgerMeta_stale_listings=NewModel,ModelA=NewModelA in CLI) or inlineSchemaNameMapping option (--inline-schema-name-mappings InventoryLedgerMeta_stale_listings=NewModel,ModelA=NewModelA in CLI).
[main] [34mINFO [0;39m o.o.codegen.InlineModelResolver - Inline schema created as InventoryLedgerMeta_permissions. To have complete control of the model name, set the `title` field or use the modelNameMapping option (e.g. --model-name-mappings InventoryLedgerMeta_permissions=NewModel,ModelA=NewModelA in CLI) or inlineSchemaNameMapping option (--inline-schema-name-mappings InventoryLedgerMeta_permissions=NewModel,ModelA=NewModelA in CLI).
[main] [34mINFO [0;39m o.o.codegen.InlineModelResolver - Inline schema created as AutoAcceptPolicyDetail_stock. To have complete control of the model name, set the `title` field or use the modelNameMapping option (e.g. --model-name-mappings AutoAcceptPolicyDetail_stock=NewModel,ModelA=NewModelA in CLI) or inlineSchemaNameMapping option (--inline-schema-name-mappings AutoAcceptPolicyDetail_stock=NewModel,ModelA=NewModelA in CLI).
[main] [34mINFO [0;39m o.o.codegen.InlineModelResolver - Inline schema created as AutoAcceptPolicyDetail_scope. To have complete control of the model name, set the `title` field or use the modelNameMapping option (e.g. --model-name-mappings AutoAcceptPolicyDetail_scope=NewModel,ModelA=NewModelA in CLI) or inlineSchemaNameMapping option (--inline-schema-name-mappings AutoAcceptPolicyDetail_scope=NewModel,ModelA=NewModelA in CLI).
[main] [34mINFO [0;39m o.o.codegen.InlineModelResolver - Inline schema created as AutoAcceptPolicyDetail_permissions. To have complete control of the model name, set the `title` field or use the modelNameMapping option (e.g. --model-name-mappings AutoAcceptPolicyDetail_permissions=NewModel,ModelA=NewModelA in CLI) or inlineSchemaNameMapping option (--inline-schema-name-mappings AutoAcceptPolicyDetail_permissions=NewModel,ModelA=NewModelA in CLI).
[main] [34mINFO [0;39m o.o.codegen.InlineModelResolver - Inline schema created as FleetVehicleListMeta_delivery. To have complete control of the model name, set the `title` field or use the modelNameMapping option (e.g. --model-name-mappings FleetVehicleListMeta_delivery=NewModel,ModelA=NewModelA in CLI) or inlineSchemaNameMapping option (--inline-schema-name-mappings FleetVehicleListMeta_delivery=NewModel,ModelA=NewModelA in CLI).
[main] [34mINFO [0;39m o.o.codegen.InlineModelResolver - Inline schema created as FleetVehicleListMeta_permissions. To have complete control of the model name, set the `title` field or use the modelNameMapping option (e.g. --model-name-mappings FleetVehicleListMeta_permissions=NewModel,ModelA=NewModelA in CLI) or inlineSchemaNameMapping option (--inline-schema-name-mappings FleetVehicleListMeta_permissions=NewModel,ModelA=NewModelA in CLI).
[main] [34mINFO [0;39m o.o.codegen.InlineModelResolver - Inline schema created as FleetVehicleListMeta_limits. To have complete control of the model name, set the `title` field or use the modelNameMapping option (e.g. --model-name-mappings FleetVehicleListMeta_limits=NewModel,ModelA=NewModelA in CLI) or inlineSchemaNameMapping option (--inline-schema-name-mappings FleetVehicleListMeta_limits=NewModel,ModelA=NewModelA in CLI).
[main] [34mINFO [0;39m o.o.codegen.InlineModelResolver - Inline schema created as FleetVehicleImageEnvelope_data. To have complete control of the model name, set the `title` field or use the modelNameMapping option (e.g. --model-name-mappings FleetVehicleImageEnvelope_data=NewModel,ModelA=NewModelA in CLI) or inlineSchemaNameMapping option (--inline-schema-name-mappings FleetVehicleImageEnvelope_data=NewModel,ModelA=NewModelA in CLI).
[main] [34mINFO [0;39m o.o.codegen.utils.URLPathUtils - 'host' (OAS 2.0) or 'servers' (OAS 3.0) not defined in the spec. Default to [http://localhost] for server URL [http://localhost/api/v1]
[main] [34mINFO [0;39m o.o.codegen.DefaultGenerator - Model Meta not generated since it's a free-form object
[main] [34mINFO [0;39m o.o.codegen.DefaultGenerator - Model VendorDocumentUpload not generated since it's marked as unused (due to form parameters) and `skipFormModel` (global property) set to true (default)
[main] [34mINFO [0;39m o.o.codegen.DefaultGenerator - Model VendorMediaUpload not generated since it's marked as unused (due to form parameters) and `skipFormModel` (global property) set to true (default)
[main] [34mINFO [0;39m o.o.codegen.DefaultGenerator - Model CatalogMediaUpload not generated since it's marked as unused (due to form parameters) and `skipFormModel` (global property) set to true (default)
[main] [34mINFO [0;39m o.o.codegen.DefaultGenerator - Model ComplianceEvidenceUpload not generated since it's marked as unused (due to form parameters) and `skipFormModel` (global property) set to true (default)
[main] [34mINFO [0;39m o.o.codegen.DefaultGenerator - Model CatalogImportUpload not generated since it's marked as unused (due to form parameters) and `skipFormModel` (global property) set to true (default)
[main] [34mINFO [0;39m o.o.codegen.DefaultGenerator - Model ComplianceRegisterUpload not generated since it's marked as unused (due to form parameters) and `skipFormModel` (global property) set to true (default)
[main] [34mINFO [0;39m o.o.codegen.DefaultGenerator - Model FleetVehicleImageUpload not generated since it's marked as unused (due to form parameters) and `skipFormModel` (global property) set to true (default)
[main] [34mINFO [0;39m o.o.codegen.DefaultGenerator - Model uploadChatAttachment_request not generated since it's marked as unused (due to form parameters) and `skipFormModel` (global property) set to true (default)
[main] [34mINFO [0;39m o.o.codegen.DefaultGenerator - Model uploadAccountPhoto_request not generated since it's marked as unused (due to form parameters) and `skipFormModel` (global property) set to true (default)
[main] [34mINFO [0;39m o.o.codegen.TemplateManager - writing file C:\Users\RJ\Downloads\Capstone Project System\Capstone_MateryalPH\packages\api-contract\generated\dart\lib\src\model\account_admin_change.dart
[main] [34mINFO [0;39m o.o.codegen.TemplateManager - writing file C:\Users\RJ\Downloads\Capstone Project System\Capstone_MateryalPH\packages\api-contract\generated\dart\test\account_admin_change_test.dart
[main] [34mINFO [0;39m o.o.codegen.TemplateManager - writing file C:\Users\RJ\Downloads\Capstone Project System\Capstone_MateryalPH\packages\api-contract\generated\dart\doc\AccountAdminChange.md
[main] [34mINFO [0;39m o.o.codegen.TemplateManager - writing file C:\Users\RJ\Downloads\Capstone Project System\Capstone_MateryalPH\packages\api-contract\generated\dart\lib\src\model\account_admin_invitation.dart
[main] [34mINFO [0;39m o.o.codegen.TemplateManager - writing file C:\Users\RJ\Downloads\Capstone Project System\Capstone_MateryalPH\packages\api-contract\generated\dart\test\account_admin_invitation_test.dart
[main] [34mINFO [0;39m o.o.codegen.TemplateManager - writing file C:\Users\RJ\Downloads\Capstone Project System\Capstone_MateryalPH\packages\api-contract\generated\dart\doc\AccountAdminInvitation.md
[main] [34mINFO [0;39m o.o.codegen.TemplateManager - writing file C:\Users\RJ\Downloads\Capstone Project System\Capstone_MateryalPH\packages\api-contract\generated\dart\lib\src\model\account_administrator.dart
[main] [34mINFO [0;39m o.o.codegen.TemplateManager - writing file C:\Users\RJ\Downloads\Capstone Project System\Capstone_MateryalPH\packages\api-contract\generated\dart\test\account_administrator_test.dart
[main] [34mINFO [0;39m o.o.codegen.TemplateManager - writing file C:\Users\RJ\Downloads\Capstone Project System\Capstone_MateryalPH\packages\api-contract\generated\dart\doc\AccountAdministrator.md
[main] [34mINFO [0;39m o.o.codegen.TemplateManager - writing file C:\Users\RJ\Downloads\Capstone Project System\Capstone_MateryalPH\packages\api-contract\generated\dart\lib\src\model\account_administrator_list_envelope.dart
[main] [34mINFO [0;39m o.o.codegen.TemplateManager - writing file C:\Users\RJ\Downloads\Capstone Project System\Capstone_MateryalPH\packages\api-contract\generated\dart\test\account_administrator_list_envelope_test.dart
[main] [34mINFO [0;39m o.o.codegen.TemplateManager - writing file C:\Users\RJ\Downloads\Capstone Project System\Capstone_MateryalPH\packages\api-contract\generated\dart\doc\AccountAdministratorListEnvelope.md
[main] [34mINFO [0;39m o.o.codegen.TemplateManager - writing file C:\Users\RJ\Downloads\Capstone Project System\Capstone_MateryalPH\packages\api-contract\generated\dart\lib\src\model\account_agreement.dart
[main] [34mINFO [0;39m o.o.codegen.TemplateManager - writing file C:\Users\RJ\Downloads\Capstone Project System\Capstone_MateryalPH\packages\api-contract\generated\dart\test\account_agreement_test.dart
[main] [34mINFO [0;39m o.o.codegen.TemplateManager - writing file C:\Users\RJ\Downloads\Capstone Project System\Capstone_MateryalPH\packages\api-contract\generated\dart\doc\AccountAgreement.md
[main] [34mINFO [0;39m o.o.codegen.TemplateManager - writing file C:\Users\RJ\Downloads\Capstone Project System\Capstone_MateryalPH\packages\api-contract\generated\dart\lib\src\model\account_agreement_acceptance.dart
[main] [34mINFO [0;39m o.o.codegen.TemplateManager - writing file C:\Users\RJ\Downloads\Capstone Project System\Capstone_MateryalPH\packages\api-contract\generated\dart\test\account_agreement_acceptance_test.dart
[main] [34mINFO [0;39m o.o.codegen.TemplateManager - writing file C:\Users\RJ\Downloads\Capstone Project System\Capstone_MateryalPH\packages\api-contract\generated\dart\doc\AccountAgreementAcceptance.md
[main] [34mINFO [0;39m o.o.codegen.TemplateManager - writing file C:\Users\RJ\Downloads\Capstone Project System\Capstone_MateryalPH\packages\api-contract\generated\dart\lib\src\model\account_agreement_list_envelope.dart
[main] [34mINFO [0;39m o.o.codegen.TemplateManager - writing file C:\Users\RJ\Downloads\Capstone Project System\Capstone_MateryalPH\packages\api-contract\generated\dart\test\account_agreement_list_envelope_test.dart
[main] [34mINFO [0;39m o.o.codegen.TemplateManager - writing file C:\Users\RJ\Downloads\Capstone Project System\Capstone_MateryalPH\packages\api-contract\generated\dart\doc\AccountAgreementListEnvelope.md
[main] [34mINFO [0;39m o.o.codegen.TemplateManager - writing file C:\Users\RJ\Downloads\Capstone Project System\Capstone_MateryalPH\packages\api-contract\generated\dart\lib\src\model\account_code_confirmation.dart
[main] [34mINFO [0;39m o.o.codegen.TemplateManager - writing file C:\Users\RJ\Downloads\Capstone Project System\Capstone_MateryalPH\packages\api-contract\generated\dart\test\account_code_confirmation_test.dart
[main] [34mINFO [0;39m o.o.codegen.TemplateManager - writing file C:\Users\RJ\Downloads\Capstone Project System\Capstone_MateryalPH\packages\api-contract\generated\dart\doc\AccountCodeConfirmation.md
[main] [34mINFO [0;39m o.o.codegen.TemplateManager - writing file C:\Users\RJ\Downloads\Capstone Project System\Capstone_MateryalPH\packages\api-contract\generated\dart\lib\src\model\account_delegation.dart
[main] [34mINFO [0;39m o.o.codegen.TemplateManager - writing file C:\Users\RJ\Downloads\Capstone Project System\Capstone_MateryalPH\packages\api-contract\generated\dart\test\account_delegation_test.dart
[main] [34mINFO [0;39m o.o.codegen.TemplateManager - writing file C:\Users\RJ\Downloads\Capstone Project System\Capstone_MateryalPH\packages\api-contract\generated\dart\doc\AccountDelegation.md
[main] [34mINFO [0;39m o.o.codegen.TemplateManager - writing file C:\Users\RJ\Downloads\Capstone Project System\Capstone_MateryalPH\packages\api-contract\generated\dart\lib\src\model\account_email_change.dart
[main] [34mINFO [0;39m o.o.codegen.TemplateManager - writing file C:\Users\RJ\Downloads\Capstone Project System\Capstone_MateryalPH\packages\api-contract\generated\dart\test\account_email_change_test.dart
[main] [34mINFO [0;39m o.o.codegen.TemplateManager - writing file C:\Users\RJ\Downloads\Capstone Project System\Capstone_MateryalPH\packages\api-contract\generated\dart\doc\AccountEmailChange.md
[main] [34mINFO [0;39m o.o.codegen.TemplateManager - writing file C:\Users\RJ\Downloads\Capstone Project System\Capstone_MateryalPH\packages\api-contract\generated\dart\lib\src\model\account_factor_enrollment.dart
[main] [34mINFO [0;39m o.o.codegen.TemplateManager - writing file C:\Users\RJ\Downloads\Capstone Project System\Capstone_MateryalPH\packages\api-contract\generated\dart\test\account_factor_enrollment_test.dart
[main] [34mINFO [0;39m o.o.codegen.TemplateManager - writing file C:\Users\RJ\Downloads\Capstone Project System\Capstone_MateryalPH\packages\api-contract\generated\dart\doc\AccountFactorEnrollment.md
[main] [34mINFO [0;39m o.o.codegen.TemplateManager - writing file C:\Users\RJ\Downloads\Capstone Project System\Capstone_MateryalPH\packages\api-contract\generated\dart\lib\src\model\account_factor_enrollment_envelope.dart
[main] [34mINFO [0;39m o.o.codegen.TemplateManager - writing file C:\Users\RJ\Downloads\Capstone Project System\Capstone_MateryalPH\packages\api-contract\generated\dart\test\account_factor_enrollment_envelope_test.dart
[main] [34mINFO [0;39m o.o.codegen.TemplateManager - writing file C:\Users\RJ\Downloads\Capstone Project System\Capstone_MateryalPH\packages\api-contract\generated\dart\doc\AccountFactorEnrollmentEnvelope.md
[main] [34mINFO [0;39m o.o.codegen.TemplateManager - writing file C:\Users\RJ\Downloads\Capstone Project System\Capstone_MateryalPH\packages\api-contract\generated\dart\lib\src\model\account_membership.dart
[main] [34mINFO [0;39m o.o.codegen.TemplateManager - writing file C:\Users\RJ\Downloads\Capstone Project System\Capstone_MateryalPH\packages\api-contract\generated\dart\test\account_membership_test.dart
[main] [34mINFO [0;39m o.o.codegen.TemplateManager - writing file C:\Users\RJ\Downloads\Capstone Project System\Capstone_MateryalPH\packages\api-contract\generated\dart\doc\AccountMembership.md
[main] [34mINFO [0;39m o.o.codegen.TemplateManager - writing file C:\Users\RJ\Downloads\Capstone Project System\Capstone_MateryalPH\packages\api-contract\generated\dart\lib\src\model\account_membership_list_envelope.dart
[main] [34mINFO [0;39m o.o.codegen.TemplateManager - writing file C:\Users\RJ\Downloads\Capstone Project System\Capstone_MateryalPH\packages\api-contract\generated\dart\test\account_membership_list_envelope_test.dart
[main] [34mINFO [0;39m o.o.codegen.TemplateManager - writing file C:\Users\RJ\Downloads\Capstone Project System\Capstone_MateryalPH\packages\api-contract\generated\dart\doc\AccountMembershipListEnvelope.md
[main] [34mINFO [0;39m o.o.codegen.TemplateManager - writing file C:\Users\RJ\Downloads\Capstone Project System\Capstone_MateryalPH\packages\api-contract\generated\dart\lib\src\model\account_membership_status.dart
[main] [34mINFO [0;39m o.o.codegen.TemplateManager - writing file C:\Users\RJ\Downloads\Capstone Project System\Capstone_MateryalPH\packages\api-contract\generated\dart\test\account_membership_status_test.dart
[main] [34mINFO [0;39m o.o.codegen.TemplateManager - writing file C:\Users\RJ\Downloads\Capstone Project System\Capstone_MateryalPH\packages\api-contract\generated\dart\doc\AccountMembershipStatus.md
[main] [34mINFO [0;39m o.o.codegen.TemplateManager - writing file C:\Users\RJ\Downloads\Capstone Project System\Capstone_MateryalPH\packages\api-contract\generated\dart\lib\src\model\account_mutation_result.dart
[main] [34mINFO [0;39m o.o.codegen.TemplateManager - writing file C:\Users\RJ\Downloads\Capstone Project System\Capstone_MateryalPH\packages\api-contract\generated\dart\test\account_mutation_result_test.dart
[main] [34mINFO [0;39m o.o.codegen.TemplateManager - writing file C:\Users\RJ\Downloads\Capstone Project System\Capstone_MateryalPH\packages\api-contract\generated\dart\doc\AccountMutationResult.md
[main] [34mINFO [0;39m o.o.codegen.TemplateManager - writing file C:\Users\RJ\Downloads\Capstone Project System\Capstone_MateryalPH\packages\api-contract\generated\dart\lib\src\model\account_mutation_result_envelope.dart
[main] [34mINFO [0;39m o.o.codegen.TemplateManager - writing file C:\Users\RJ\Downloads\Capstone Project System\Capstone_MateryalPH\packages\api-contract\generated\dart\test\account_mutation_result_envelope_test.dart
[main] [34mINFO [0;39m o.o.codegen.TemplateManager - writing file C:\Users\RJ\Downloads\Capstone Project System\Capstone_MateryalPH\packages\api-contract\generated\dart\doc\AccountMutationResultEnvelope.md
[main] [34mINFO [0;39m o.o.codegen.TemplateManager - writing file C:\Users\RJ\Downloads\Capstone Project System\Capstone_MateryalPH\packages\api-contract\generated\dart\lib\src\model\account_password_change.dart
[main] [34mINFO [0;39m o.o.codegen.TemplateManager - writing file C:\Users\RJ\Downloads\Capstone Project System\Capstone_MateryalPH\packages\api-contract\generated\dart\test\account_password_change_test.dart
[main] [34mINFO [0;39m o.o.codegen.TemplateManager - writing file C:\Users\RJ\Downloads\Capstone Project System\Capstone_MateryalPH\packages\api-contract\generated\dart\doc\AccountPasswordChange.md
[main] [34mINFO [0;39m o.o.codegen.TemplateManager - writing file C:\Users\RJ\Downloads\Capstone Project System\Capstone_MateryalPH\packages\api-contract\generated\dart\lib\src\model\account_pending_change.dart
[main] [34mINFO [0;39m o.o.codegen.TemplateManager - writing file C:\Users\RJ\Downloads\Capstone Project System\Capstone_MateryalPH\packages\api-contract\generated\dart\test\account_pending_change_test.dart
[main] [34mINFO [0;39m o.o.codegen.TemplateManager - writing file C:\Users\RJ\Downloads\Capstone Project System\Capstone_MateryalPH\packages\api-contract\generated\dart\doc\AccountPendingChange.md
[main] [34mINFO [0;39m o.o.codegen.TemplateManager - writing file C:\Users\RJ\Downloads\Capstone Project System\Capstone_MateryalPH\packages\api-contract\generated\dart\lib\src\model\account_pending_change_envelope.dart
[main] [34mINFO [0;39m o.o.codegen.TemplateManager - writing file C:\Users\RJ\Downloads\Capstone Project System\Capstone_MateryalPH\packages\api-contract\generated\dart\test\account_pending_change_envelope_test.dart
[main] [34mINFO [0;39m o.o.codegen.TemplateManager - writing file C:\Users\RJ\Downloads\Capstone Project System\Capstone_MateryalPH\packages\api-contract\generated\dart\doc\AccountPendingChangeEnvelope.md
[main] [34mINFO [0;39m o.o.codegen.TemplateManager - writing file C:\Users\RJ\Downloads\Capstone Project System\Capstone_MateryalPH\packages\api-contract\generated\dart\lib\src\model\account_profile.dart
[main] [34mINFO [0;39m o.o.codegen.TemplateManager - writing file C:\Users\RJ\Downloads\Capstone Project System\Capstone_MateryalPH\packages\api-contract\generated\dart\test\account_profile_test.dart
[main] [34mINFO [0;39m o.o.codegen.TemplateManager - writing file C:\Users\RJ\Downloads\Capstone Project System\Capstone_MateryalPH\packages\api-contract\generated\dart\doc\AccountProfile.md
[main] [34mINFO [0;39m o.o.codegen.TemplateManager - writing file C:\Users\RJ\Downloads\Capstone Project System\Capstone_MateryalPH\packages\api-contract\generated\dart\lib\src\model\account_profile_envelope.dart
[main] [34mINFO [0;39m o.o.codegen.TemplateManager - writing file C:\Users\RJ\Downloads\Capstone Project System\Capstone_MateryalPH\packages\api-contract\generated\dart\test\account_profile_envelope_test.dart
[main] [34mINFO [0;39m o.o.codegen.TemplateManager - writing file C:\Users\RJ\Downloads\Capstone Project System\Capstone_MateryalPH\packages\api-contract\generated\dart\doc\AccountProfileEnvelope.md
[main] [34mINFO [0;39m o.o.codegen.TemplateManager - writing file C:\Users\RJ\Downloads\Capstone Project System\Capstone_MateryalPH\packages\api-contract\generated\dart\lib\src\model\account_profile_update.dart
[main] [34mINFO [0;39m o.o.codegen.TemplateManager - writing file C:\Users\RJ\Downloads\Capstone Project System\Capstone_MateryalPH\packages\api-contract\generated\dart\test\account_profile_update_test.dart
[main] [34mINFO [0;39m o.o.codegen.TemplateManager - writing file C:\Users\RJ\Downloads\Capstone Project System\Capstone_MateryalPH\packages\api-contract\generated\dart\doc\AccountProfileUpdate.md
[main] [34mINFO [0;39m o.o.codegen.TemplateManager - writing file C:\Users\RJ\Downloads\Capstone Project System\Capstone_MateryalPH\packages\api-contract\generated\dart\lib\src\model\account_reauthentication.dart
[main] [34mINFO [0;39m o.o.codegen.TemplateManager - writing file C:\Users\RJ\Downloads\Capstone Project System\Capstone_MateryalPH\packages\api-contract\generated\dart\test\account_reauthentication_test.dart
[main] [34mINFO [0;39m o.o.codegen.TemplateManager - writing file C:\Users\RJ\Downloads\Capstone Project System\Capstone_MateryalPH\packages\api-contract\generated\dart\doc\AccountReauthentication.md
[main] [34mINFO [0;39m o.o.codegen.TemplateManager - writing file C:\Users\RJ\Downloads\Capstone Project System\Capstone_MateryalPH\packages\api-contract\generated\dart\lib\src\model\account_recovery_codes.dart
[main] [34mINFO [0;39m o.o.codegen.TemplateManager - writing file C:\Users\RJ\Downloads\Capstone Project System\Capstone_MateryalPH\packages\api-contract\generated\dart\test\account_recovery_codes_test.dart
[main] [34mINFO [0;39m o.o.codegen.TemplateManager - writing file C:\Users\RJ\Downloads\Capstone Project System\Capstone_MateryalPH\packages\api-contract\generated\dart\doc\AccountRecoveryCodes.md
[main] [34mINFO [0;39m o.o.codegen.TemplateManager - writing file C:\Users\RJ\Downloads\Capstone Project System\Capstone_MateryalPH\packages\api-contract\generated\dart\lib\src\model\account_recovery_codes_envelope.dart
[main] [34mINFO [0;39m o.o.codegen.TemplateManager - writing file C:\Users\RJ\Downloads\Capstone Project System\Capstone_MateryalPH\packages\api-contract\generated\dart\test\account_recovery_codes_envelope_test.dart
[main] [34mINFO [0;39m o.o.codegen.TemplateManager - writing file C:\Users\RJ\Downloads\Capstone Project System\Capstone_MateryalPH\packages\api-contract\generated\dart\doc\AccountRecoveryCodesEnvelope.md
[main] [34mINFO [0;39m o.o.codegen.TemplateManager - writing file C:\Users\RJ\Downloads\Capstone Project System\Capstone_MateryalPH\packages\api-contract\generated\dart\lib\src\model\account_role.dart
[main] [34mINFO [0;39m o.o.codegen.TemplateManager - writing file C:\Users\RJ\Downloads\Capstone Project System\Capstone_MateryalPH\packages\api-contract\generated\dart\test\account_role_test.dart
[main] [34mINFO [0;39m o.o.codegen.TemplateManager - writing file C:\Users\RJ\Downloads\Capstone Project System\Capstone_MateryalPH\packages\api-contract\generated\dart\doc\AccountRole.md
[main] [34mINFO [0;39m o.o.codegen.TemplateManager - writing file C:\Users\RJ\Downloads\Capstone Project System\Capstone_MateryalPH\packages\api-contract\generated\dart\lib\src\model\account_role_list_envelope.dart
[main] [34mINFO [0;39m o.o.codegen.TemplateManager - writing file C:\Users\RJ\Downloads\Capstone Project System\Capstone_MateryalPH\packages\api-contract\generated\dart\test\account_role_list_envelope_test.dart
[main] [34mINFO [0;39m o.o.codegen.TemplateManager - writing file C:\Users\RJ\Downloads\Capstone Project System\Capstone_MateryalPH\packages\api-contract\generated\dart\doc\AccountRoleListEnvelope.md
[main] [34mINFO [0;39m o.o.codegen.TemplateManager - writing file C:\Users\RJ\Downloads\Capstone Project System\Capstone_MateryalPH\packages\api-contract\generated\dart\lib\src\model\account_security.dart
[main] [34mINFO [0;39m o.o.codegen.TemplateManager - writing file C:\Users\RJ\Downloads\Capstone Project System\Capstone_MateryalPH\packages\api-contract\generated\dart\test\account_security_test.dart
[main] [34mINFO [0;39m o.o.codegen.TemplateManager - writing file C:\Users\RJ\Downloads\Capstone Project System\Capstone_MateryalPH\packages\api-contract\generated\dart\doc\AccountSecurity.md
[main] [34mINFO [0;39m o.o.codegen.TemplateManager - writing file C:\Users\RJ\Downloads\Capstone Project System\Capstone_MateryalPH\packages\api-contract\generated\dart\lib\src\model\account_security_envelope.dart
[main] [34mINFO [0;39m o.o.codegen.TemplateManager - writing file C:\Users\RJ\Downloads\Capstone Project System\Capstone_MateryalPH\packages\api-contract\generated\dart\test\account_security_envelope_test.dart
[main] [34mINFO [0;39m o.o.codegen.TemplateManager - writing file C:\Users\RJ\Downloads\Capstone Project System\Capstone_MateryalPH\packages\api-contract\generated\dart\doc\AccountSecurityEnvelope.md
[main] [34mINFO [0;39m o.o.codegen.TemplateManager - writing file C:\Users\RJ\Downloads\Capstone Project System\Capstone_MateryalPH\packages\api-contract\generated\dart\lib\src\model\account_session.dart
[main] [34mINFO [0;39m o.o.codegen.TemplateManager - writing file C:\Users\RJ\Downloads\Capstone Project System\Capstone_MateryalPH\packages\api-contract\generated\dart\test\account_session_test.dart
[main] [34mINFO [0;39m o.o.codegen.TemplateManager - writing file C:\Users\RJ\Downloads\Capstone Project System\Capstone_MateryalPH\packages\api-contract\generated\dart\doc\AccountSession.md
[main] [34mINFO [0;39m o.o.codegen.TemplateManager - writing file C:\Users\RJ\Downloads\Capstone Project System\Capstone_MateryalPH\packages\api-contract\generated\dart\lib\src\model\account_session_list_envelope.dart
[main] [34mINFO [0;39m o.o.codegen.TemplateManager - writing file C:\Users\RJ\Downloads\Capstone Project System\Capstone_MateryalPH\packages\api-contract\generated\dart\test\account_session_list_envelope_test.dart
[main] [34mINFO [0;39m o.o.codegen.TemplateManager - writing file C:\Users\RJ\Downloads\Capstone Project System\Capstone_MateryalPH\packages\api-contract\generated\dart\doc\AccountSessionListEnvelope.md
[main] [34mINFO [0;39m o.o.codegen.TemplateManager - writing file C:\Users\RJ\Downloads\Capstone Project System\Capstone_MateryalPH\packages\api-contract\generated\dart\lib\src\model\account_session_revocation.dart
[main] [34mINFO [0;39m o.o.codegen.TemplateManager - writing file C:\Users\RJ\Downloads\Capstone Project System\Capstone_MateryalPH\packages\api-contract\generated\dart\test\account_session_revocation_test.dart
[main] [34mINFO [0;39m o.o.codegen.TemplateManager - writing file C:\Users\RJ\Downloads\Capstone Project System\Capstone_MateryalPH\packages\api-contract\generated\dart\doc\AccountSessionRevocation.md
[main] [34mINFO [0;39m o.o.codegen.TemplateManager - skipping unchanged file C:\Users\RJ\Downloads\Capstone Project System\Capstone_MateryalPH\packages\api-contract\generated\dart\lib\src\model\account_type.dart
[main] [34mINFO [0;39m o.o.codegen.TemplateManager - writing file C:\Users\RJ\Downloads\Capstone Project System\Capstone_MateryalPH\packages\api-contract\generated\dart\test\account_type_test.dart
[main] [34mINFO [0;39m o.o.codegen.TemplateManager - skipping unchanged file C:\Users\RJ\Downloads\Capstone Project System\Capstone_MateryalPH\packages\api-contract\generated\dart\doc\AccountType.md
[main] [34mINFO [0;39m o.o.codegen.TemplateManager - writing file C:\Users\RJ\Downloads\Capstone Project System\Capstone_MateryalPH\packages\api-contract\generated\dart\lib\src\model\address_components.dart
[main] [34mINFO [0;39m o.o.codegen.TemplateManager - writing file C:\Users\RJ\Downloads\Capstone Project System\Capstone_MateryalPH\packages\api-contract\generated\dart\test\address_components_test.dart
[main] [34mINFO [0;39m o.o.codegen.TemplateManager - writing file C:\Users\RJ\Downloads\Capstone Project System\Capstone_MateryalPH\packages\api-contract\generated\dart\doc\AddressComponents.md
[main] [34mINFO [0;39m o.o.codegen.TemplateManager - writing file C:\Users\RJ\Downloads\Capstone Project System\Capstone_MateryalPH\packages\api-contract\generated\dart\lib\src\model\admin_dashboard_audit_envelope.dart
[main] [34mINFO [0;39m o.o.codegen.TemplateManager - writing file C:\Users\RJ\Downloads\Capstone Project System\Capstone_MateryalPH\packages\api-contract\generated\dart\test\admin_dashboard_audit_envelope_test.dart
[main] [34mINFO [0;39m o.o.codegen.TemplateManager - writing file C:\Users\RJ\Downloads\Capstone Project System\Capstone_MateryalPH\packages\api-contract\generated\dart\doc\AdminDashboardAuditEnvelope.md
[main] [34mINFO [0;39m o.o.codegen.TemplateManager - writing file C:\Users\RJ\Downloads\Capstone Project System\Capstone_MateryalPH\packages\api-contract\generated\dart\lib\src\model\admin_dashboard_envelope.dart
[main] [34mINFO [0;39m o.o.codegen.TemplateManager - writing file C:\Users\RJ\Downloads\Capstone Project System\Capstone_MateryalPH\packages\api-contract\generated\dart\test\admin_dashboard_envelope_test.dart
[main] [34mINFO [0;39m o.o.codegen.TemplateManager - writing file C:\Users\RJ\Downloads\Capstone Project System\Capstone_MateryalPH\packages\api-contract\generated\dart\doc\AdminDashboardEnvelope.md
[main] [34mINFO [0;39m o.o.codegen.TemplateManager - writing file C:\Users\RJ\Downloads\Capstone Project System\Capstone_MateryalPH\packages\api-contract\generated\dart\lib\src\model\admin_dashboard_summary.dart
[main] [34mINFO [0;39m o.o.codegen.TemplateManager - writing file C:\Users\RJ\Downloads\Capstone Project System\Capstone_MateryalPH\packages\api-contract\generated\dart\test\admin_dashboard_summary_test.dart
[main] [34mINFO [0;39m o.o.codegen.TemplateManager - writing file C:\Users\RJ\Downloads\Capstone Project System\Capstone_MateryalPH\packages\api-contract\generated\dart\doc\AdminDashboardSummary.md
[main] [34mINFO [0;39m o.o.codegen.TemplateManager - writing file C:\Users\RJ\Downloads\Capstone Project System\Capstone_MateryalPH\packages\api-contract\generated\dart\lib\src\model\admin_invitation_request.dart
[main] [34mINFO [0;39m o.o.codegen.TemplateManager - writing file C:\Users\RJ\Downloads\Capstone Project System\Capstone_MateryalPH\packages\api-contract\generated\dart\test\admin_invitation_request_test.dart
[main] [34mINFO [0;39m o.o.codegen.TemplateManager - writing file C:\Users\RJ\Downloads\Capstone Project System\Capstone_MateryalPH\packages\api-contract\generated\dart\doc\AdminInvitationRequest.md
[main] [34mINFO [0;39m o.o.codegen.TemplateManager - writing file C:\Users\RJ\Downloads\Capstone Project System\Capstone_MateryalPH\packages\api-contract\generated\dart\lib\src\model\admin_vendor_verification_decision.dart
[main] [34mINFO [0;39m o.o.codegen.TemplateManager - writing file C:\Users\RJ\Downloads\Capstone Project System\Capstone_MateryalPH\packages\api-contract\generated\dart\test\admin_vendor_verification_decision_test.dart
[main] [34mINFO [0;39m o.o.codegen.TemplateManager - writing file C:\Users\RJ\Downloads\Capstone Project System\Capstone_MateryalPH\packages\api-contract\generated\dart\doc\AdminVendorVerificationDecision.md
[main] [34mINFO [0;39m o.o.codegen.TemplateManager - writing file C:\Users\RJ\Downloads\Capstone Project System\Capstone_MateryalPH\packages\api-contract\generated\dart\lib\src\model\admin_vendor_verification_detail_envelope.dart
[main] [34mINFO [0;39m o.o.codegen.TemplateManager - writing file C:\Users\RJ\Downloads\Capstone Project System\Capstone_MateryalPH\packages\api-contract\generated\dart\test\admin_vendor_verification_detail_envelope_test.dart
[main] [34mINFO [0;39m o.o.codegen.TemplateManager - writing file C:\Users\RJ\Downloads\Capstone Project System\Capstone_MateryalPH\packages\api-contract\generated\dart\doc\AdminVendorVerificationDetailEnvelope.md
[main] [34mINFO [0;39m o.o.codegen.TemplateManager - writing file C:\Users\RJ\Downloads\Capstone Project System\Capstone_MateryalPH\packages\api-contract\generated\dart\lib\src\model\admin_vendor_verification_queue_envelope.dart
[main] [34mINFO [0;39m o.o.codegen.TemplateManager - writing file C:\Users\RJ\Downloads\Capstone Project System\Capstone_MateryalPH\packages\api-contract\generated\dart\test\admin_vendor_verification_queue_envelope_test.dart
[main] [34mINFO [0;39m o.o.codegen.TemplateManager - writing file C:\Users\RJ\Downloads\Capstone Project System\Capstone_MateryalPH\packages\api-contract\generated\dart\doc\AdminVendorVerificationQueueEnvelope.md
[main] [34mINFO [0;39m o.o.codegen.TemplateManager - writing file C:\Users\RJ\Downloads\Capstone Project System\Capstone_MateryalPH\packages\api-contract\generated\dart\lib\src\model\admin_vendor_verification_queue_item.dart
[main] [34mINFO [0;39m o.o.codegen.TemplateManager - writing file C:\Users\RJ\Downloads\Capstone Project System\Capstone_MateryalPH\packages\api-contract\generated\dart\test\admin_vendor_verification_queue_item_test.dart
[main] [34mINFO [0;39m o.o.codegen.TemplateManager - writing file C:\Users\RJ\Downloads\Capstone Project System\Capstone_MateryalPH\packages\api-contract\generated\dart\doc\AdminVendorVerificationQueueItem.md
[main] [34mINFO [0;39m o.o.codegen.TemplateManager - writing file C:\Users\RJ\Downloads\Capstone Project System\Capstone_MateryalPH\packages\api-contract\generated\dart\lib\src\model\agreement.dart
[main] [34mINFO [0;39m o.o.codegen.TemplateManager - writing file C:\Users\RJ\Downloads\Capstone Project System\Capstone_MateryalPH\packages\api-contract\generated\dart\test\agreement_test.dart
[main] [34mINFO [0;39m o.o.codegen.TemplateManager - writing file C:\Users\RJ\Downloads\Capstone Project System\Capstone_MateryalPH\packages\api-contract\generated\dart\doc\Agreement.md
[main] [34mINFO [0;39m o.o.codegen.TemplateManager - writing file C:\Users\RJ\Downloads\Capstone Project System\Capstone_MateryalPH\packages\api-contract\generated\dart\lib\src\model\agreement_list_envelope.dart
[main] [34mINFO [0;39m o.o.codegen.TemplateManager - writing file C:\Users\RJ\Downloads\Capstone Project System\Capstone_MateryalPH\packages\api-contract\generated\dart\test\agreement_list_envelope_test.dart
[main] [34mINFO [0;39m o.o.codegen.TemplateManager - writing file C:\Users\RJ\Downloads\Capstone Project System\Capstone_MateryalPH\packages\api-contract\generated\dart\doc\AgreementListEnvelope.md
[main] [34mINFO [0;39m o.o.codegen.TemplateManager - writing file C:\Users\RJ\Downloads\Capstone Project System\Capstone_MateryalPH\packages\api-contract\generated\dart\lib\src\model\api_error.dart
[main] [34mINFO [0;39m o.o.codegen.TemplateManager - writing file C:\Users\RJ\Downloads\Capstone Project System\Capstone_MateryalPH\packages\api-contract\generated\dart\test\api_error_test.dart
[main] [34mINFO [0;39m o.o.codegen.TemplateManager - writing file C:\Users\RJ\Downloads\Capstone Project System\Capstone_MateryalPH\packages\api-contract\generated\dart\doc\ApiError.md
[main] [34mINFO [0;39m o.o.codegen.TemplateManager - writing file C:\Users\RJ\Downloads\Capstone Project System\Capstone_MateryalPH\packages\api-contract\generated\dart\lib\src\model\auth_envelope.dart
[main] [34mINFO [0;39m o.o.codegen.TemplateManager - writing file C:\Users\RJ\Downloads\Capstone Project System\Capstone_MateryalPH\packages\api-contract\generated\dart\test\auth_envelope_test.dart
[main] [34mINFO [0;39m o.o.codegen.TemplateManager - writing file C:\Users\RJ\Downloads\Capstone Project System\Capstone_MateryalPH\packages\api-contract\generated\dart\doc\AuthEnvelope.md
[main] [34mINFO [0;39m o.o.codegen.TemplateManager - writing file C:\Users\RJ\Downloads\Capstone Project System\Capstone_MateryalPH\packages\api-contract\generated\dart\lib\src\model\auth_envelope_all_of_data.dart
[main] [34mINFO [0;39m o.o.codegen.TemplateManager - writing file C:\Users\RJ\Downloads\Capstone Project System\Capstone_MateryalPH\packages\api-contract\generated\dart\test\auth_envelope_all_of_data_test.dart
[main] [34mINFO [0;39m o.o.codegen.TemplateManager - writing file C:\Users\RJ\Downloads\Capstone Project System\Capstone_MateryalPH\packages\api-contract\generated\dart\doc\AuthEnvelopeAllOfData.md
[main] [34mINFO [0;39m o.o.codegen.TemplateManager - writing file C:\Users\RJ\Downloads\Capstone Project System\Capstone_MateryalPH\packages\api-contract\generated\dart\lib\src\model\auto_accept_allotment_update.dart
[main] [34mINFO [0;39m o.o.codegen.TemplateManager - writing file C:\Users\RJ\Downloads\Capstone Project System\Capstone_MateryalPH\packages\api-contract\generated\dart\test\auto_accept_allotment_update_test.dart
[main] [34mINFO [0;39m o.o.codegen.TemplateManager - writing file C:\Users\RJ\Downloads\Capstone Project System\Capstone_MateryalPH\packages\api-contract\generated\dart\doc\AutoAcceptAllotmentUpdate.md
[main] [34mINFO [0;39m o.o.codegen.TemplateManager - writing file C:\Users\RJ\Downloads\Capstone Project System\Capstone_MateryalPH\packages\api-contract\generated\dart\lib\src\model\auto_accept_outcome.dart
[main] [34mINFO [0;39m o.o.codegen.TemplateManager - writing file C:\Users\RJ\Downloads\Capstone Project System\Capstone_MateryalPH\packages\api-contract\generated\dart\test\auto_accept_outcome_test.dart
[main] [34mINFO [0;39m o.o.codegen.TemplateManager - writing file C:\Users\RJ\Downloads\Capstone Project System\Capstone_MateryalPH\packages\api-contract\generated\dart\doc\AutoAcceptOutcome.md
[main] [34mINFO [0;39m o.o.codegen.TemplateManager - writing file C:\Users\RJ\Downloads\Capstone Project System\Capstone_MateryalPH\packages\api-contract\generated\dart\lib\src\model\auto_accept_pause.dart
[main] [34mINFO [0;39m o.o.codegen.TemplateManager - writing file C:\Users\RJ\Downloads\Capstone Project System\Capstone_MateryalPH\packages\api-contract\generated\dart\test\auto_accept_pause_test.dart
[main] [34mINFO [0;39m o.o.codegen.TemplateManager - writing file C:\Users\RJ\Downloads\Capstone Project System\Capstone_MateryalPH\packages\api-contract\generated\dart\doc\AutoAcceptPause.md
[main] [34mINFO [0;39m o.o.codegen.TemplateManager - writing file C:\Users\RJ\Downloads\Capstone Project System\Capstone_MateryalPH\packages\api-contract\generated\dart\lib\src\model\auto_accept_policy.dart
[main] [34mINFO [0;39m o.o.codegen.TemplateManager - writing file C:\Users\RJ\Downloads\Capstone Project System\Capstone_MateryalPH\packages\api-contract\generated\dart\test\auto_accept_policy_test.dart
[main] [34mINFO [0;39m o.o.codegen.TemplateManager - writing file C:\Users\RJ\Downloads\Capstone Project System\Capstone_MateryalPH\packages\api-contract\generated\dart\doc\AutoAcceptPolicy.md
[main] [34mINFO [0;39m o.o.codegen.TemplateManager - writing file C:\Users\RJ\Downloads\Capstone Project System\Capstone_MateryalPH\packages\api-contract\generated\dart\lib\src\model\auto_accept_policy_configure.dart
[main] [34mINFO [0;39m o.o.codegen.TemplateManager - writing file C:\Users\RJ\Downloads\Capstone Project System\Capstone_MateryalPH\packages\api-contract\generated\dart\test\auto_accept_policy_configure_test.dart
[main] [34mINFO [0;39m o.o.codegen.TemplateManager - writing file C:\Users\RJ\Downloads\Capstone Project System\Capstone_MateryalPH\packages\api-contract\generated\dart\doc\AutoAcceptPolicyConfigure.md
[main] [34mINFO [0;39m o.o.codegen.TemplateManager - writing file C:\Users\RJ\Downloads\Capstone Project System\Capstone_MateryalPH\packages\api-contract\generated\dart\lib\src\model\auto_accept_policy_detail.dart
[main] [34mINFO [0;39m o.o.codegen.TemplateManager - writing file C:\Users\RJ\Downloads\Capstone Project System\Capstone_MateryalPH\packages\api-contract\generated\dart\test\auto_accept_policy_detail_test.dart
[main] [34mINFO [0;39m o.o.codegen.TemplateManager - writing file C:\Users\RJ\Downloads\Capstone Project System\Capstone_MateryalPH\packages\api-contract\generated\dart\doc\AutoAcceptPolicyDetail.md
[main] [34mINFO [0;39m o.o.codegen.TemplateManager - writing file C:\Users\RJ\Downloads\Capstone Project System\Capstone_MateryalPH\packages\api-contract\generated\dart\lib\src\model\auto_accept_policy_detail_envelope.dart
[main] [34mINFO [0;39m o.o.codegen.TemplateManager - writing file C:\Users\RJ\Downloads\Capstone Project System\Capstone_MateryalPH\packages\api-contract\generated\dart\test\auto_accept_policy_detail_envelope_test.dart
[main] [34mINFO [0;39m o.o.codegen.TemplateManager - writing file C:\Users\RJ\Downloads\Capstone Project System\Capstone_MateryalPH\packages\api-contract\generated\dart\doc\AutoAcceptPolicyDetailEnvelope.md
[main] [34mINFO [0;39m o.o.codegen.TemplateManager - writing file C:\Users\RJ\Downloads\Capstone Project System\Capstone_MateryalPH\packages\api-contract\generated\dart\lib\src\model\auto_accept_policy_detail_permissions.dart
[main] [34mINFO [0;39m o.o.codegen.TemplateManager - writing file C:\Users\RJ\Downloads\Capstone Project System\Capstone_MateryalPH\packages\api-contract\generated\dart\test\auto_accept_policy_detail_permissions_test.dart
[main] [34mINFO [0;39m o.o.codegen.TemplateManager - writing file C:\Users\RJ\Downloads\Capstone Project System\Capstone_MateryalPH\packages\api-contract\generated\dart\doc\AutoAcceptPolicyDetailPermissions.md
[main] [34mINFO [0;39m o.o.codegen.TemplateManager - writing file C:\Users\RJ\Downloads\Capstone Project System\Capstone_MateryalPH\packages\api-contract\generated\dart\lib\src\model\auto_accept_policy_detail_scope.dart
[main] [34mINFO [0;39m o.o.codegen.TemplateManager - writing file C:\Users\RJ\Downloads\Capstone Project System\Capstone_MateryalPH\packages\api-contract\generated\dart\test\auto_accept_policy_detail_scope_test.dart
[main] [34mINFO [0;39m o.o.codegen.TemplateManager - writing file C:\Users\RJ\Downloads\Capstone Project System\Capstone_MateryalPH\packages\api-contract\generated\dart\doc\AutoAcceptPolicyDetailScope.md
[main] [34mINFO [0;39m o.o.codegen.TemplateManager - writing file C:\Users\RJ\Downloads\Capstone Project System\Capstone_MateryalPH\packages\api-contract\generated\dart\lib\src\model\auto_accept_policy_detail_stock.dart
[main] [34mINFO [0;39m o.o.codegen.TemplateManager - writing file C:\Users\RJ\Downloads\Capstone Project System\Capstone_MateryalPH\packages\api-contract\generated\dart\test\auto_accept_policy_detail_stock_test.dart
[main] [34mINFO [0;39m o.o.codegen.TemplateManager - writing file C:\Users\RJ\Downloads\Capstone Project System\Capstone_MateryalPH\packages\api-contract\generated\dart\doc\AutoAcceptPolicyDetailStock.md
[main] [34mINFO [0;39m o.o.codegen.TemplateManager - writing file C:\Users\RJ\Downloads\Capstone Project System\Capstone_MateryalPH\packages\api-contract\generated\dart\lib\src\model\auto_accept_policy_version.dart
[main] [34mINFO [0;39m o.o.codegen.TemplateManager - writing file C:\Users\RJ\Downloads\Capstone Project System\Capstone_MateryalPH\packages\api-contract\generated\dart\test\auto_accept_policy_version_test.dart
[main] [34mINFO [0;39m o.o.codegen.TemplateManager - writing file C:\Users\RJ\Downloads\Capstone Project System\Capstone_MateryalPH\packages\api-contract\generated\dart\doc\AutoAcceptPolicyVersion.md
[main] [34mINFO [0;39m o.o.codegen.TemplateManager - writing file C:\Users\RJ\Downloads\Capstone Project System\Capstone_MateryalPH\packages\api-contract\generated\dart\lib\src\model\auto_accept_reason.dart
[main] [34mINFO [0;39m o.o.codegen.TemplateManager - writing file C:\Users\RJ\Downloads\Capstone Project System\Capstone_MateryalPH\packages\api-contract\generated\dart\test\auto_accept_reason_test.dart
[main] [34mINFO [0;39m o.o.codegen.TemplateManager - writing file C:\Users\RJ\Downloads\Capstone Project System\Capstone_MateryalPH\packages\api-contract\generated\dart\doc\AutoAcceptReason.md
[main] [34mINFO [0;39m o.o.codegen.TemplateManager - writing file C:\Users\RJ\Downloads\Capstone Project System\Capstone_MateryalPH\packages\api-contract\generated\dart\lib\src\model\auto_accept_resume.dart
[main] [34mINFO [0;39m o.o.codegen.TemplateManager - writing file C:\Users\RJ\Downloads\Capstone Project System\Capstone_MateryalPH\packages\api-contract\generated\dart\test\auto_accept_resume_test.dart
[main] [34mINFO [0;39m o.o.codegen.TemplateManager - writing file C:\Users\RJ\Downloads\Capstone Project System\Capstone_MateryalPH\packages\api-contract\generated\dart\doc\AutoAcceptResume.md
[main] [34mINFO [0;39m o.o.codegen.TemplateManager - skipping unchanged file C:\Users\RJ\Downloads\Capstone Project System\Capstone_MateryalPH\packages\api-contract\generated\dart\lib\src\model\auto_accept_status.dart
[main] [34mINFO [0;39m o.o.codegen.TemplateManager - writing file C:\Users\RJ\Downloads\Capstone Project System\Capstone_MateryalPH\packages\api-contract\generated\dart\test\auto_accept_status_test.dart
[main] [34mINFO [0;39m o.o.codegen.TemplateManager - skipping unchanged file C:\Users\RJ\Downloads\Capstone Project System\Capstone_MateryalPH\packages\api-contract\generated\dart\doc\AutoAcceptStatus.md
[main] [34mINFO [0;39m o.o.codegen.TemplateManager - writing file C:\Users\RJ\Downloads\Capstone Project System\Capstone_MateryalPH\packages\api-contract\generated\dart\lib\src\model\bot_proof_envelope.dart
[main] [34mINFO [0;39m o.o.codegen.TemplateManager - writing file C:\Users\RJ\Downloads\Capstone Project System\Capstone_MateryalPH\packages\api-contract\generated\dart\test\bot_proof_envelope_test.dart
[main] [34mINFO [0;39m o.o.codegen.TemplateManager - writing file C:\Users\RJ\Downloads\Capstone Project System\Capstone_MateryalPH\packages\api-contract\generated\dart\doc\BotProofEnvelope.md
[main] [34mINFO [0;39m o.o.codegen.TemplateManager - writing file C:\Users\RJ\Downloads\Capstone Project System\Capstone_MateryalPH\packages\api-contract\generated\dart\lib\src\model\bot_proof_envelope_all_of_data.dart
[main] [34mINFO [0;39m o.o.codegen.TemplateManager - writing file C:\Users\RJ\Downloads\Capstone Project System\Capstone_MateryalPH\packages\api-contract\generated\dart\test\bot_proof_envelope_all_of_data_test.dart
[main] [34mINFO [0;39m o.o.codegen.TemplateManager - writing file C:\Users\RJ\Downloads\Capstone Project System\Capstone_MateryalPH\packages\api-contract\generated\dart\doc\BotProofEnvelopeAllOfData.md
[main] [34mINFO [0;39m o.o.codegen.TemplateManager - writing file C:\Users\RJ\Downloads\Capstone Project System\Capstone_MateryalPH\packages\api-contract\generated\dart\lib\src\model\bot_step_up_error_envelope.dart
[main] [34mINFO [0;39m o.o.codegen.TemplateManager - writing file C:\Users\RJ\Downloads\Capstone Project System\Capstone_MateryalPH\packages\api-contract\generated\dart\test\bot_step_up_error_envelope_test.dart
[main] [34mINFO [0;39m o.o.codegen.TemplateManager - writing file C:\Users\RJ\Downloads\Capstone Project System\Capstone_MateryalPH\packages\api-contract\generated\dart\doc\BotStepUpErrorEnvelope.md
[main] [34mINFO [0;39m o.o.codegen.TemplateManager - writing file C:\Users\RJ\Downloads\Capstone Project System\Capstone_MateryalPH\packages\api-contract\generated\dart\lib\src\model\bot_step_up_error_envelope_all_of_errors.dart
[main] [34mINFO [0;39m o.o.codegen.TemplateManager - writing file C:\Users\RJ\Downloads\Capstone Project System\Capstone_MateryalPH\packages\api-contract\generated\dart\test\bot_step_up_error_envelope_all_of_errors_test.dart
[main] [34mINFO [0;39m o.o.codegen.TemplateManager - writing file C:\Users\RJ\Downloads\Capstone Project System\Capstone_MateryalPH\packages\api-contract\generated\dart\doc\BotStepUpErrorEnvelopeAllOfErrors.md
[main] [34mINFO [0;39m o.o.codegen.TemplateManager - writing file C:\Users\RJ\Downloads\Capstone Project System\Capstone_MateryalPH\packages\api-contract\generated\dart\lib\src\model\bot_step_up_error_envelope_all_of_errors_all_of_details.dart
[main] [34mINFO [0;39m o.o.codegen.TemplateManager - writing file C:\Users\RJ\Downloads\Capstone Project System\Capstone_MateryalPH\packages\api-contract\generated\dart\test\bot_step_up_error_envelope_all_of_errors_all_of_details_test.dart
[main] [34mINFO [0;39m o.o.codegen.TemplateManager - writing file C:\Users\RJ\Downloads\Capstone Project System\Capstone_MateryalPH\packages\api-contract\generated\dart\doc\BotStepUpErrorEnvelopeAllOfErrorsAllOfDetails.md
[main] [34mINFO [0;39m o.o.codegen.TemplateManager - skipping unchanged file C:\Users\RJ\Downloads\Capstone Project System\Capstone_MateryalPH\packages\api-contract\generated\dart\lib\src\model\buyer_industry_classification.dart
[main] [34mINFO [0;39m o.o.codegen.TemplateManager - writing file C:\Users\RJ\Downloads\Capstone Project System\Capstone_MateryalPH\packages\api-contract\generated\dart\test\buyer_industry_classification_test.dart
[main] [34mINFO [0;39m o.o.codegen.TemplateManager - skipping unchanged file C:\Users\RJ\Downloads\Capstone Project System\Capstone_MateryalPH\packages\api-contract\generated\dart\doc\BuyerIndustryClassification.md
[main] [34mINFO [0;39m o.o.codegen.TemplateManager - writing file C:\Users\RJ\Downloads\Capstone Project System\Capstone_MateryalPH\packages\api-contract\generated\dart\lib\src\model\buyer_location.dart
[main] [34mINFO [0;39m o.o.codegen.TemplateManager - writing file C:\Users\RJ\Downloads\Capstone Project System\Capstone_MateryalPH\packages\api-contract\generated\dart\test\buyer_location_test.dart
[main] [34mINFO [0;39m o.o.codegen.TemplateManager - writing file C:\Users\RJ\Downloads\Capstone Project System\Capstone_MateryalPH\packages\api-contract\generated\dart\doc\BuyerLocation.md
[main] [34mINFO [0;39m o.o.codegen.TemplateManager - writing file C:\Users\RJ\Downloads\Capstone Project System\Capstone_MateryalPH\packages\api-contract\generated\dart\lib\src\model\buyer_location_create.dart
[main] [34mINFO [0;39m o.o.codegen.TemplateManager - writing file C:\Users\RJ\Downloads\Capstone Project System\Capstone_MateryalPH\packages\api-contract\generated\dart\test\buyer_location_create_test.dart
[main] [34mINFO [0;39m o.o.codegen.TemplateManager - writing file C:\Users\RJ\Downloads\Capstone Project System\Capstone_MateryalPH\packages\api-contract\generated\dart\doc\BuyerLocationCreate.md
[main] [34mINFO [0;39m o.o.codegen.TemplateManager - writing file C:\Users\RJ\Downloads\Capstone Project System\Capstone_MateryalPH\packages\api-contract\generated\dart\lib\src\model\buyer_location_envelope.dart
[main] [34mINFO [0;39m o.o.codegen.TemplateManager - writing file C:\Users\RJ\Downloads\Capstone Project System\Capstone_MateryalPH\packages\api-contract\generated\dart\test\buyer_location_envelope_test.dart
[main] [34mINFO [0;39m o.o.codegen.TemplateManager - writing file C:\Users\RJ\Downloads\Capstone Project System\Capstone_MateryalPH\packages\api-contract\generated\dart\doc\BuyerLocationEnvelope.md
[main] [34mINFO [0;39m o.o.codegen.TemplateManager - skipping unchanged file C:\Users\RJ\Downloads\Capstone Project System\Capstone_MateryalPH\packages\api-contract\generated\dart\lib\src\model\buyer_location_kind.dart
[main] [34mINFO [0;39m o.o.codegen.TemplateManager - writing file C:\Users\RJ\Downloads\Capstone Project System\Capstone_MateryalPH\packages\api-contract\generated\dart\test\buyer_location_kind_test.dart
[main] [34mINFO [0;39m o.o.codegen.TemplateManager - skipping unchanged file C:\Users\RJ\Downloads\Capstone Project System\Capstone_MateryalPH\packages\api-contract\generated\dart\doc\BuyerLocationKind.md
[main] [34mINFO [0;39m o.o.codegen.TemplateManager - writing file C:\Users\RJ\Downloads\Capstone Project System\Capstone_MateryalPH\packages\api-contract\generated\dart\lib\src\model\buyer_location_list_envelope.dart
[main] [34mINFO [0;39m o.o.codegen.TemplateManager - writing file C:\Users\RJ\Downloads\Capstone Project System\Capstone_MateryalPH\packages\api-contract\generated\dart\test\buyer_location_list_envelope_test.dart
[main] [34mINFO [0;39m o.o.codegen.TemplateManager - writing file C:\Users\RJ\Downloads\Capstone Project System\Capstone_MateryalPH\packages\api-contract\generated\dart\doc\BuyerLocationListEnvelope.md
[main] [34mINFO [0;39m o.o.codegen.TemplateManager - writing file C:\Users\RJ\Downloads\Capstone Project System\Capstone_MateryalPH\packages\api-contract\generated\dart\lib\src\model\buyer_location_preview.dart
[main] [34mINFO [0;39m o.o.codegen.TemplateManager - writing file C:\Users\RJ\Downloads\Capstone Project System\Capstone_MateryalPH\packages\api-contract\generated\dart\test\buyer_location_preview_test.dart
[main] [34mINFO [0;39m o.o.codegen.TemplateManager - writing file C:\Users\RJ\Downloads\Capstone Project System\Capstone_MateryalPH\packages\api-contract\generated\dart\doc\BuyerLocationPreview.md
[main] [34mINFO [0;39m o.o.codegen.TemplateManager - writing file C:\Users\RJ\Downloads\Capstone Project System\Capstone_MateryalPH\packages\api-contract\generated\dart\lib\src\model\buyer_location_preview_envelope.dart
[main] [34mINFO [0;39m o.o.codegen.TemplateManager - writing file C:\Users\RJ\Downloads\Capstone Project System\Capstone_MateryalPH\packages\api-contract\generated\dart\test\buyer_location_preview_envelope_test.dart
[main] [34mINFO [0;39m o.o.codegen.TemplateManager - writing file C:\Users\RJ\Downloads\Capstone Project System\Capstone_MateryalPH\packages\api-contract\generated\dart\doc\BuyerLocationPreviewEnvelope.md
[main] [34mINFO [0;39m o.o.codegen.TemplateManager - writing file C:\Users\RJ\Downloads\Capstone Project System\Capstone_MateryalPH\packages\api-contract\generated\dart\lib\src\model\buyer_location_removed.dart
[main] [34mINFO [0;39m o.o.codegen.TemplateManager - writing file C:\Users\RJ\Downloads\Capstone Project System\Capstone_MateryalPH\packages\api-contract\generated\dart\test\buyer_location_removed_test.dart
[main] [34mINFO [0;39m o.o.codegen.TemplateManager - writing file C:\Users\RJ\Downloads\Capstone Project System\Capstone_MateryalPH\packages\api-contract\generated\dart\doc\BuyerLocationRemoved.md
[main] [34mINFO [0;39m o.o.codegen.TemplateManager - writing file C:\Users\RJ\Downloads\Capstone Project System\Capstone_MateryalPH\packages\api-contract\generated\dart\lib\src\model\buyer_location_removed_envelope.dart
[main] [34mINFO [0;39m o.o.codegen.TemplateManager - writing file C:\Users\RJ\Downloads\Capstone Project System\Capstone_MateryalPH\packages\api-contract\generated\dart\test\buyer_location_removed_envelope_test.dart
[main] [34mINFO [0;39m o.o.codegen.TemplateManager - writing file C:\Users\RJ\Downloads\Capstone Project System\Capstone_MateryalPH\packages\api-contract\generated\dart\doc\BuyerLocationRemovedEnvelope.md
[main] [34mINFO [0;39m o.o.codegen.TemplateManager - writing file C:\Users\RJ\Downloads\Capstone Project System\Capstone_MateryalPH\packages\api-contract\generated\dart\lib\src\model\buyer_location_resolve_request.dart
[main] [34mINFO [0;39m o.o.codegen.TemplateManager - writing file C:\Users\RJ\Downloads\Capstone Project System\Capstone_MateryalPH\packages\api-contract\generated\dart\test\buyer_location_resolve_request_test.dart
[main] [34mINFO [0;39m o.o.codegen.TemplateManager - writing file C:\Users\RJ\Downloads\Capstone Project System\Capstone_MateryalPH\packages\api-contract\generated\dart\doc\BuyerLocationResolveRequest.md
[main] [34mINFO [0;39m o.o.codegen.TemplateManager - writing file C:\Users\RJ\Downloads\Capstone Project System\Capstone_MateryalPH\packages\api-contract\generated\dart\lib\src\model\buyer_location_update.dart
[main] [34mINFO [0;39m o.o.codegen.TemplateManager - writing file C:\Users\RJ\Downloads\Capstone Project System\Capstone_MateryalPH\packages\api-contract\generated\dart\test\buyer_location_update_test.dart
[main] [34mINFO [0;39m o.o.codegen.TemplateManager - writing file C:\Users\RJ\Downloads\Capstone Project System\Capstone_MateryalPH\packages\api-contract\generated\dart\doc\BuyerLocationUpdate.md
[main] [34mINFO [0;39m o.o.codegen.TemplateManager - writing file C:\Users\RJ\Downloads\Capstone Project System\Capstone_MateryalPH\packages\api-contract\generated\dart\lib\src\model\buyer_mobile_google_oidc_start_request.dart
[main] [34mINFO [0;39m o.o.codegen.TemplateManager - writing file C:\Users\RJ\Downloads\Capstone Project System\Capstone_MateryalPH\packages\api-contract\generated\dart\test\buyer_mobile_google_oidc_start_request_test.dart
[main] [34mINFO [0;39m o.o.codegen.TemplateManager - writing file C:\Users\RJ\Downloads\Capstone Project System\Capstone_MateryalPH\packages\api-contract\generated\dart\doc\BuyerMobileGoogleOidcStartRequest.md
[main] [34mINFO [0;39m o.o.codegen.TemplateManager - writing file C:\Users\RJ\Downloads\Capstone Project System\Capstone_MateryalPH\packages\api-contract\generated\dart\lib\src\model\buyer_mobile_login_request.dart
[main] [34mINFO [0;39m o.o.codegen.TemplateManager - writing file C:\Users\RJ\Downloads\Capstone Project System\Capstone_MateryalPH\packages\api-contract\generated\dart\test\buyer_mobile_login_request_test.dart
[main] [34mINFO [0;39m o.o.codegen.TemplateManager - writing file C:\Users\RJ\Downloads\Capstone Project System\Capstone_MateryalPH\packages\api-contract\generated\dart\doc\BuyerMobileLoginRequest.md
[main] [34mINFO [0;39m o.o.codegen.TemplateManager - writing file C:\Users\RJ\Downloads\Capstone Project System\Capstone_MateryalPH\packages\api-contract\generated\dart\lib\src\model\buyer_mobile_password_recovery_request.dart
[main] [34mINFO [0;39m o.o.codegen.TemplateManager - writing file C:\Users\RJ\Downloads\Capstone Project System\Capstone_MateryalPH\packages\api-contract\generated\dart\test\buyer_mobile_password_recovery_request_test.dart
[main] [34mINFO [0;39m o.o.codegen.TemplateManager - writing file C:\Users\RJ\Downloads\Capstone Project System\Capstone_MateryalPH\packages\api-contract\generated\dart\doc\BuyerMobilePasswordRecoveryRequest.md
[main] [34mINFO [0;39m o.o.codegen.TemplateManager - writing file C:\Users\RJ\Downloads\Capstone Project System\Capstone_MateryalPH\packages\api-contract\generated\dart\lib\src\model\buyer_mobile_refresh_request.dart
[main] [34mINFO [0;39m o.o.codegen.TemplateManager - writing file C:\Users\RJ\Downloads\Capstone Project System\Capstone_MateryalPH\packages\api-contract\generated\dart\test\buyer_mobile_refresh_request_test.dart
[main] [34mINFO [0;39m o.o.codegen.TemplateManager - writing file C:\Users\RJ\Downloads\Capstone Project System\Capstone_MateryalPH\packages\api-contract\generated\dart\doc\BuyerMobileRefreshRequest.md
[main] [34mINFO [0;39m o.o.codegen.TemplateManager - writing file C:\Users\RJ\Downloads\Capstone Project System\Capstone_MateryalPH\packages\api-contract\generated\dart\lib\src\model\buyer_mobile_register_request.dart
[main] [34mINFO [0;39m o.o.codegen.TemplateManager - writing file C:\Users\RJ\Downloads\Capstone Project System\Capstone_MateryalPH\packages\api-contract\generated\dart\test\buyer_mobile_register_request_test.dart
[main] [34mINFO [0;39m o.o.codegen.TemplateManager - writing file C:\Users\RJ\Downloads\Capstone Project System\Capstone_MateryalPH\packages\api-contract\generated\dart\doc\BuyerMobileRegisterRequest.md
[main] [34mINFO [0;39m o.o.codegen.TemplateManager - writing file C:\Users\RJ\Downloads\Capstone Project System\Capstone_MateryalPH\packages\api-contract\generated\dart\lib\src\model\buyer_onboarding.dart
[main] [34mINFO [0;39m o.o.codegen.TemplateManager - writing file C:\Users\RJ\Downloads\Capstone Project System\Capstone_MateryalPH\packages\api-contract\generated\dart\test\buyer_onboarding_test.dart
[main] [34mINFO [0;39m o.o.codegen.TemplateManager - writing file C:\Users\RJ\Downloads\Capstone Project System\Capstone_MateryalPH\packages\api-contract\generated\dart\doc\BuyerOnboarding.md
[main] [34mINFO [0;39m o.o.codegen.TemplateManager - writing file C:\Users\RJ\Downloads\Capstone Project System\Capstone_MateryalPH\packages\api-contract\generated\dart\lib\src\model\buyer_onboarding_envelope.dart
[main] [34mINFO [0;39m o.o.codegen.TemplateManager - writing file C:\Users\RJ\Downloads\Capstone Project System\Capstone_MateryalPH\packages\api-contract\generated\dart\test\buyer_onboarding_envelope_test.dart
[main] [34mINFO [0;39m o.o.codegen.TemplateManager - writing file C:\Users\RJ\Downloads\Capstone Project System\Capstone_MateryalPH\packages\api-contract\generated\dart\doc\BuyerOnboardingEnvelope.md
[main] [34mINFO [0;39m o.o.codegen.TemplateManager - writing file C:\Users\RJ\Downloads\Capstone Project System\Capstone_MateryalPH\packages\api-contract\generated\dart\lib\src\model\buyer_onboarding_update.dart
[main] [34mINFO [0;39m o.o.codegen.TemplateManager - writing file C:\Users\RJ\Downloads\Capstone Project System\Capstone_MateryalPH\packages\api-contract\generated\dart\test\buyer_onboarding_update_test.dart
[main] [34mINFO [0;39m o.o.codegen.TemplateManager - writing file C:\Users\RJ\Downloads\Capstone Project System\Capstone_MateryalPH\packages\api-contract\generated\dart\doc\BuyerOnboardingUpdate.md
[main] [34mINFO [0;39m o.o.codegen.TemplateManager - writing file C:\Users\RJ\Downloads\Capstone Project System\Capstone_MateryalPH\packages\api-contract\generated\dart\lib\src\model\buyer_origin_request.dart
[main] [34mINFO [0;39m o.o.codegen.TemplateManager - writing file C:\Users\RJ\Downloads\Capstone Project System\Capstone_MateryalPH\packages\api-contract\generated\dart\test\buyer_origin_request_test.dart
[main] [34mINFO [0;39m o.o.codegen.TemplateManager - writing file C:\Users\RJ\Downloads\Capstone Project System\Capstone_MateryalPH\packages\api-contract\generated\dart\doc\BuyerOriginRequest.md
[main] [34mINFO [0;39m o.o.codegen.TemplateManager - writing file C:\Users\RJ\Downloads\Capstone Project System\Capstone_MateryalPH\packages\api-contract\generated\dart\lib\src\model\cart.dart
[main] [34mINFO [0;39m o.o.codegen.TemplateManager - writing file C:\Users\RJ\Downloads\Capstone Project System\Capstone_MateryalPH\packages\api-contract\generated\dart\test\cart_test.dart
[main] [34mINFO [0;39m o.o.codegen.TemplateManager - writing file C:\Users\RJ\Downloads\Capstone Project System\Capstone_MateryalPH\packages\api-contract\generated\dart\doc\Cart.md
[main] [34mINFO [0;39m o.o.codegen.TemplateManager - writing file C:\Users\RJ\Downloads\Capstone Project System\Capstone_MateryalPH\packages\api-contract\generated\dart\lib\src\model\cart_destination.dart
[main] [34mINFO [0;39m o.o.codegen.TemplateManager - writing file C:\Users\RJ\Downloads\Capstone Project System\Capstone_MateryalPH\packages\api-contract\generated\dart\test\cart_destination_test.dart
[main] [34mINFO [0;39m o.o.codegen.TemplateManager - writing file C:\Users\RJ\Downloads\Capstone Project System\Capstone_MateryalPH\packages\api-contract\generated\dart\doc\CartDestination.md
[main] [34mINFO [0;39m o.o.codegen.TemplateManager - writing file C:\Users\RJ\Downloads\Capstone Project System\Capstone_MateryalPH\packages\api-contract\generated\dart\lib\src\model\cart_destination_labels.dart
[main] [34mINFO [0;39m o.o.codegen.TemplateManager - writing file C:\Users\RJ\Downloads\Capstone Project System\Capstone_MateryalPH\packages\api-contract\generated\dart\test\cart_destination_labels_test.dart
[main] [34mINFO [0;39m o.o.codegen.TemplateManager - writing file C:\Users\RJ\Downloads\Capstone Project System\Capstone_MateryalPH\packages\api-contract\generated\dart\doc\CartDestinationLabels.md
[main] [34mINFO [0;39m o.o.codegen.TemplateManager - writing file C:\Users\RJ\Downloads\Capstone Project System\Capstone_MateryalPH\packages\api-contract\generated\dart\lib\src\model\cart_destination_update.dart
[main] [34mINFO [0;39m o.o.codegen.TemplateManager - writing file C:\Users\RJ\Downloads\Capstone Project System\Capstone_MateryalPH\packages\api-contract\generated\dart\test\cart_destination_update_test.dart
[main] [34mINFO [0;39m o.o.codegen.TemplateManager - writing file C:\Users\RJ\Downloads\Capstone Project System\Capstone_MateryalPH\packages\api-contract\generated\dart\doc\CartDestinationUpdate.md
[main] [34mINFO [0;39m o.o.codegen.TemplateManager - writing file C:\Users\RJ\Downloads\Capstone Project System\Capstone_MateryalPH\packages\api-contract\generated\dart\lib\src\model\cart_envelope.dart
[main] [34mINFO [0;39m o.o.codegen.TemplateManager - writing file C:\Users\RJ\Downloads\Capstone Project System\Capstone_MateryalPH\packages\api-contract\generated\dart\test\cart_envelope_test.dart
[main] [34mINFO [0;39m o.o.codegen.TemplateManager - writing file C:\Users\RJ\Downloads\Capstone Project System\Capstone_MateryalPH\packages\api-contract\generated\dart\doc\CartEnvelope.md
[main] [34mINFO [0;39m o.o.codegen.TemplateManager - writing file C:\Users\RJ\Downloads\Capstone Project System\Capstone_MateryalPH\packages\api-contract\generated\dart\lib\src\model\cart_fulfillment_update.dart
[main] [34mINFO [0;39m o.o.codegen.TemplateManager - writing file C:\Users\RJ\Downloads\Capstone Project System\Capstone_MateryalPH\packages\api-contract\generated\dart\test\cart_fulfillment_update_test.dart
[main] [34mINFO [0;39m o.o.codegen.TemplateManager - writing file C:\Users\RJ\Downloads\Capstone Project System\Capstone_MateryalPH\packages\api-contract\generated\dart\doc\CartFulfillmentUpdate.md
[main] [34mINFO [0;39m o.o.codegen.TemplateManager - writing file C:\Users\RJ\Downloads\Capstone Project System\Capstone_MateryalPH\packages\api-contract\generated\dart\lib\src\model\cart_issue.dart
[main] [34mINFO [0;39m o.o.codegen.TemplateManager - writing file C:\Users\RJ\Downloads\Capstone Project System\Capstone_MateryalPH\packages\api-contract\generated\dart\test\cart_issue_test.dart
[main] [34mINFO [0;39m o.o.codegen.TemplateManager - writing file C:\Users\RJ\Downloads\Capstone Project System\Capstone_MateryalPH\packages\api-contract\generated\dart\doc\CartIssue.md
[main] [34mINFO [0;39m o.o.codegen.TemplateManager - writing file C:\Users\RJ\Downloads\Capstone Project System\Capstone_MateryalPH\packages\api-contract\generated\dart\lib\src\model\cart_item_create.dart
[main] [34mINFO [0;39m o.o.codegen.TemplateManager - writing file C:\Users\RJ\Downloads\Capstone Project System\Capstone_MateryalPH\packages\api-contract\generated\dart\test\cart_item_create_test.dart
[main] [34mINFO [0;39m o.o.codegen.TemplateManager - writing file C:\Users\RJ\Downloads\Capstone Project System\Capstone_MateryalPH\packages\api-contract\generated\dart\doc\CartItemCreate.md
[main] [34mINFO [0;39m o.o.codegen.TemplateManager - writing file C:\Users\RJ\Downloads\Capstone Project System\Capstone_MateryalPH\packages\api-contract\generated\dart\lib\src\model\cart_item_update.dart
[main] [34mINFO [0;39m o.o.codegen.TemplateManager - writing file C:\Users\RJ\Downloads\Capstone Project System\Capstone_MateryalPH\packages\api-contract\generated\dart\test\cart_item_update_test.dart
[main] [34mINFO [0;39m o.o.codegen.TemplateManager - writing file C:\Users\RJ\Downloads\Capstone Project System\Capstone_MateryalPH\packages\api-contract\generated\dart\doc\CartItemUpdate.md
[main] [34mINFO [0;39m o.o.codegen.TemplateManager - writing file C:\Users\RJ\Downloads\Capstone Project System\Capstone_MateryalPH\packages\api-contract\generated\dart\lib\src\model\cart_line.dart
[main] [34mINFO [0;39m o.o.codegen.TemplateManager - writing file C:\Users\RJ\Downloads\Capstone Project System\Capstone_MateryalPH\packages\api-contract\generated\dart\test\cart_line_test.dart
[main] [34mINFO [0;39m o.o.codegen.TemplateManager - writing file C:\Users\RJ\Downloads\Capstone Project System\Capstone_MateryalPH\packages\api-contract\generated\dart\doc\CartLine.md
[main] [34mINFO [0;39m o.o.codegen.TemplateManager - writing file C:\Users\RJ\Downloads\Capstone Project System\Capstone_MateryalPH\packages\api-contract\generated\dart\lib\src\model\cart_line_current.dart
[main] [34mINFO [0;39m o.o.codegen.TemplateManager - writing file C:\Users\RJ\Downloads\Capstone Project System\Capstone_MateryalPH\packages\api-contract\generated\dart\test\cart_line_current_test.dart
[main] [34mINFO [0;39m o.o.codegen.TemplateManager - writing file C:\Users\RJ\Downloads\Capstone Project System\Capstone_MateryalPH\packages\api-contract\generated\dart\doc\CartLineCurrent.md
[main] [34mINFO [0;39m o.o.codegen.TemplateManager - writing file C:\Users\RJ\Downloads\Capstone Project System\Capstone_MateryalPH\packages\api-contract\generated\dart\lib\src\model\cart_line_snapshot.dart
[main] [34mINFO [0;39m o.o.codegen.TemplateManager - writing file C:\Users\RJ\Downloads\Capstone Project System\Capstone_MateryalPH\packages\api-contract\generated\dart\test\cart_line_snapshot_test.dart
[main] [34mINFO [0;39m o.o.codegen.TemplateManager - writing file C:\Users\RJ\Downloads\Capstone Project System\Capstone_MateryalPH\packages\api-contract\generated\dart\doc\CartLineSnapshot.md
[main] [34mINFO [0;39m o.o.codegen.TemplateManager - writing file C:\Users\RJ\Downloads\Capstone Project System\Capstone_MateryalPH\packages\api-contract\generated\dart\lib\src\model\cart_location_ref.dart
[main] [34mINFO [0;39m o.o.codegen.TemplateManager - writing file C:\Users\RJ\Downloads\Capstone Project System\Capstone_MateryalPH\packages\api-contract\generated\dart\test\cart_location_ref_test.dart
[main] [34mINFO [0;39m o.o.codegen.TemplateManager - writing file C:\Users\RJ\Downloads\Capstone Project System\Capstone_MateryalPH\packages\api-contract\generated\dart\doc\CartLocationRef.md
[main] [34mINFO [0;39m o.o.codegen.TemplateManager - writing file C:\Users\RJ\Downloads\Capstone Project System\Capstone_MateryalPH\packages\api-contract\generated\dart\lib\src\model\cart_summary.dart
[main] [34mINFO [0;39m o.o.codegen.TemplateManager - writing file C:\Users\RJ\Downloads\Capstone Project System\Capstone_MateryalPH\packages\api-contract\generated\dart\test\cart_summary_test.dart
[main] [34mINFO [0;39m o.o.codegen.TemplateManager - writing file C:\Users\RJ\Downloads\Capstone Project System\Capstone_MateryalPH\packages\api-contract\generated\dart\doc\CartSummary.md
[main] [34mINFO [0;39m o.o.codegen.TemplateManager - writing file C:\Users\RJ\Downloads\Capstone Project System\Capstone_MateryalPH\packages\api-contract\generated\dart\lib\src\model\cart_vendor_group.dart
[main] [34mINFO [0;39m o.o.codegen.TemplateManager - writing file C:\Users\RJ\Downloads\Capstone Project System\Capstone_MateryalPH\packages\api-contract\generated\dart\test\cart_vendor_group_test.dart
[main] [34mINFO [0;39m o.o.codegen.TemplateManager - writing file C:\Users\RJ\Downloads\Capstone Project System\Capstone_MateryalPH\packages\api-contract\generated\dart\doc\CartVendorGroup.md
[main] [34mINFO [0;39m o.o.codegen.TemplateManager - writing file C:\Users\RJ\Downloads\Capstone Project System\Capstone_MateryalPH\packages\api-contract\generated\dart\lib\src\model\cart_vendor_ref.dart
[main] [34mINFO [0;39m o.o.codegen.TemplateManager - writing file C:\Users\RJ\Downloads\Capstone Project System\Capstone_MateryalPH\packages\api-contract\generated\dart\test\cart_vendor_ref_test.dart
[main] [34mINFO [0;39m o.o.codegen.TemplateManager - writing file C:\Users\RJ\Downloads\Capstone Project System\Capstone_MateryalPH\packages\api-contract\generated\dart\doc\CartVendorRef.md
[main] [34mINFO [0;39m o.o.codegen.TemplateManager - writing file C:\Users\RJ\Downloads\Capstone Project System\Capstone_MateryalPH\packages\api-contract\generated\dart\lib\src\model\catalog_attribute_definition.dart
[main] [34mINFO [0;39m o.o.codegen.TemplateManager - writing file C:\Users\RJ\Downloads\Capstone Project System\Capstone_MateryalPH\packages\api-contract\generated\dart\test\catalog_attribute_definition_test.dart
[main] [34mINFO [0;39m o.o.codegen.TemplateManager - writing file C:\Users\RJ\Downloads\Capstone Project System\Capstone_MateryalPH\packages\api-contract\generated\dart\doc\CatalogAttributeDefinition.md
[main] [34mINFO [0;39m o.o.codegen.TemplateManager - writing file C:\Users\RJ\Downloads\Capstone Project System\Capstone_MateryalPH\packages\api-contract\generated\dart\lib\src\model\catalog_blocker.dart
[main] [34mINFO [0;39m o.o.codegen.TemplateManager - writing file C:\Users\RJ\Downloads\Capstone Project System\Capstone_MateryalPH\packages\api-contract\generated\dart\test\catalog_blocker_test.dart
[main] [34mINFO [0;39m o.o.codegen.TemplateManager - writing file C:\Users\RJ\Downloads\Capstone Project System\Capstone_MateryalPH\packages\api-contract\generated\dart\doc\CatalogBlocker.md
[main] [34mINFO [0;39m o.o.codegen.TemplateManager - writing file C:\Users\RJ\Downloads\Capstone Project System\Capstone_MateryalPH\packages\api-contract\generated\dart\lib\src\model\catalog_completion.dart
[main] [34mINFO [0;39m o.o.codegen.TemplateManager - writing file C:\Users\RJ\Downloads\Capstone Project System\Capstone_MateryalPH\packages\api-contract\generated\dart\test\catalog_completion_test.dart
[main] [34mINFO [0;39m o.o.codegen.TemplateManager - writing file C:\Users\RJ\Downloads\Capstone Project System\Capstone_MateryalPH\packages\api-contract\generated\dart\doc\CatalogCompletion.md
[main] [34mINFO [0;39m o.o.codegen.TemplateManager - writing file C:\Users\RJ\Downloads\Capstone Project System\Capstone_MateryalPH\packages\api-contract\generated\dart\lib\src\model\catalog_completion_step.dart
[main] [34mINFO [0;39m o.o.codegen.TemplateManager - writing file C:\Users\RJ\Downloads\Capstone Project System\Capstone_MateryalPH\packages\api-contract\generated\dart\test\catalog_completion_step_test.dart
[main] [34mINFO [0;39m o.o.codegen.TemplateManager - writing file C:\Users\RJ\Downloads\Capstone Project System\Capstone_MateryalPH\packages\api-contract\generated\dart\doc\CatalogCompletionStep.md
[main] [34mINFO [0;39m o.o.codegen.TemplateManager - writing file C:\Users\RJ\Downloads\Capstone Project System\Capstone_MateryalPH\packages\api-contract\generated\dart\lib\src\model\catalog_deactivation.dart
[main] [34mINFO [0;39m o.o.codegen.TemplateManager - writing file C:\Users\RJ\Downloads\Capstone Project System\Capstone_MateryalPH\packages\api-contract\generated\dart\test\catalog_deactivation_test.dart
[main] [34mINFO [0;39m o.o.codegen.TemplateManager - writing file C:\Users\RJ\Downloads\Capstone Project System\Capstone_MateryalPH\packages\api-contract\generated\dart\doc\CatalogDeactivation.md
[main] [34mINFO [0;39m o.o.codegen.TemplateManager - writing file C:\Users\RJ\Downloads\Capstone Project System\Capstone_MateryalPH\packages\api-contract\generated\dart\lib\src\model\catalog_import_job.dart
[main] [34mINFO [0;39m o.o.codegen.TemplateManager - writing file C:\Users\RJ\Downloads\Capstone Project System\Capstone_MateryalPH\packages\api-contract\generated\dart\test\catalog_import_job_test.dart
[main] [34mINFO [0;39m o.o.codegen.TemplateManager - writing file C:\Users\RJ\Downloads\Capstone Project System\Capstone_MateryalPH\packages\api-contract\generated\dart\doc\CatalogImportJob.md
[main] [34mINFO [0;39m o.o.codegen.TemplateManager - writing file C:\Users\RJ\Downloads\Capstone Project System\Capstone_MateryalPH\packages\api-contract\generated\dart\lib\src\model\catalog_import_job_envelope.dart
[main] [34mINFO [0;39m o.o.codegen.TemplateManager - writing file C:\Users\RJ\Downloads\Capstone Project System\Capstone_MateryalPH\packages\api-contract\generated\dart\test\catalog_import_job_envelope_test.dart
[main] [34mINFO [0;39m o.o.codegen.TemplateManager - writing file C:\Users\RJ\Downloads\Capstone Project System\Capstone_MateryalPH\packages\api-contract\generated\dart\doc\CatalogImportJobEnvelope.md
[main] [34mINFO [0;39m o.o.codegen.TemplateManager - writing file C:\Users\RJ\Downloads\Capstone Project System\Capstone_MateryalPH\packages\api-contract\generated\dart\lib\src\model\catalog_import_row_error.dart
[main] [34mINFO [0;39m o.o.codegen.TemplateManager - writing file C:\Users\RJ\Downloads\Capstone Project System\Capstone_MateryalPH\packages\api-contract\generated\dart\test\catalog_import_row_error_test.dart
[main] [34mINFO [0;39m o.o.codegen.TemplateManager - writing file C:\Users\RJ\Downloads\Capstone Project System\Capstone_MateryalPH\packages\api-contract\generated\dart\doc\CatalogImportRowError.md
[main] [34mINFO [0;39m o.o.codegen.TemplateManager - writing file C:\Users\RJ\Downloads\Capstone Project System\Capstone_MateryalPH\packages\api-contract\generated\dart\lib\src\model\catalog_import_template.dart
[main] [34mINFO [0;39m o.o.codegen.TemplateManager - writing file C:\Users\RJ\Downloads\Capstone Project System\Capstone_MateryalPH\packages\api-contract\generated\dart\test\catalog_import_template_test.dart
[main] [34mINFO [0;39m o.o.codegen.TemplateManager - writing file C:\Users\RJ\Downloads\Capstone Project System\Capstone_MateryalPH\packages\api-contract\generated\dart\doc\CatalogImportTemplate.md
[main] [34mINFO [0;39m o.o.codegen.TemplateManager - writing file C:\Users\RJ\Downloads\Capstone Project System\Capstone_MateryalPH\packages\api-contract\generated\dart\lib\src\model\catalog_import_template_envelope.dart
[main] [34mINFO [0;39m o.o.codegen.TemplateManager - writing file C:\Users\RJ\Downloads\Capstone Project System\Capstone_MateryalPH\packages\api-contract\generated\dart\test\catalog_import_template_envelope_test.dart
[main] [34mINFO [0;39m o.o.codegen.TemplateManager - writing file C:\Users\RJ\Downloads\Capstone Project System\Capstone_MateryalPH\packages\api-contract\generated\dart\doc\CatalogImportTemplateEnvelope.md
[main] [34mINFO [0;39m o.o.codegen.TemplateManager - writing file C:\Users\RJ\Downloads\Capstone Project System\Capstone_MateryalPH\packages\api-contract\generated\dart\lib\src\model\catalog_inventory.dart
[main] [34mINFO [0;39m o.o.codegen.TemplateManager - writing file C:\Users\RJ\Downloads\Capstone Project System\Capstone_MateryalPH\packages\api-contract\generated\dart\test\catalog_inventory_test.dart
[main] [34mINFO [0;39m o.o.codegen.TemplateManager - writing file C:\Users\RJ\Downloads\Capstone Project System\Capstone_MateryalPH\packages\api-contract\generated\dart\doc\CatalogInventory.md
[main] [34mINFO [0;39m o.o.codegen.TemplateManager - writing file C:\Users\RJ\Downloads\Capstone Project System\Capstone_MateryalPH\packages\api-contract\generated\dart\lib\src\model\catalog_limits.dart
[main] [34mINFO [0;39m o.o.codegen.TemplateManager - writing file C:\Users\RJ\Downloads\Capstone Project System\Capstone_MateryalPH\packages\api-contract\generated\dart\test\catalog_limits_test.dart
[main] [34mINFO [0;39m o.o.codegen.TemplateManager - writing file C:\Users\RJ\Downloads\Capstone Project System\Capstone_MateryalPH\packages\api-contract\generated\dart\doc\CatalogLimits.md
[main] [34mINFO [0;39m o.o.codegen.TemplateManager - writing file C:\Users\RJ\Downloads\Capstone Project System\Capstone_MateryalPH\packages\api-contract\generated\dart\lib\src\model\catalog_listing.dart
[main] [34mINFO [0;39m o.o.codegen.TemplateManager - writing file C:\Users\RJ\Downloads\Capstone Project System\Capstone_MateryalPH\packages\api-contract\generated\dart\test\catalog_listing_test.dart
[main] [34mINFO [0;39m o.o.codegen.TemplateManager - writing file C:\Users\RJ\Downloads\Capstone Project System\Capstone_MateryalPH\packages\api-contract\generated\dart\doc\CatalogListing.md
[main] [34mINFO [0;39m o.o.codegen.TemplateManager - writing file C:\Users\RJ\Downloads\Capstone Project System\Capstone_MateryalPH\packages\api-contract\generated\dart\lib\src\model\catalog_listing_create.dart
[main] [34mINFO [0;39m o.o.codegen.TemplateManager - writing file C:\Users\RJ\Downloads\Capstone Project System\Capstone_MateryalPH\packages\api-contract\generated\dart\test\catalog_listing_create_test.dart
[main] [34mINFO [0;39m o.o.codegen.TemplateManager - writing file C:\Users\RJ\Downloads\Capstone Project System\Capstone_MateryalPH\packages\api-contract\generated\dart\doc\CatalogListingCreate.md
[main] [34mINFO [0;39m o.o.codegen.TemplateManager - writing file C:\Users\RJ\Downloads\Capstone Project System\Capstone_MateryalPH\packages\api-contract\generated\dart\lib\src\model\catalog_listing_deleted_envelope.dart
[main] [34mINFO [0;39m o.o.codegen.TemplateManager - writing file C:\Users\RJ\Downloads\Capstone Project System\Capstone_MateryalPH\packages\api-contract\generated\dart\test\catalog_listing_deleted_envelope_test.dart
[main] [34mINFO [0;39m o.o.codegen.TemplateManager - writing file C:\Users\RJ\Downloads\Capstone Project System\Capstone_MateryalPH\packages\api-contract\generated\dart\doc\CatalogListingDeletedEnvelope.md
[main] [34mINFO [0;39m o.o.codegen.TemplateManager - writing file C:\Users\RJ\Downloads\Capstone Project System\Capstone_MateryalPH\packages\api-contract\generated\dart\lib\src\model\catalog_listing_deleted_envelope_data.dart
[main] [34mINFO [0;39m o.o.codegen.TemplateManager - writing file C:\Users\RJ\Downloads\Capstone Project System\Capstone_MateryalPH\packages\api-contract\generated\dart\test\catalog_listing_deleted_envelope_data_test.dart
[main] [34mINFO [0;39m o.o.codegen.TemplateManager - writing file C:\Users\RJ\Downloads\Capstone Project System\Capstone_MateryalPH\packages\api-contract\generated\dart\doc\CatalogListingDeletedEnvelopeData.md
[main] [34mINFO [0;39m o.o.codegen.TemplateManager - writing file C:\Users\RJ\Downloads\Capstone Project System\Capstone_MateryalPH\packages\api-contract\generated\dart\lib\src\model\catalog_listing_envelope.dart
[main] [34mINFO [0;39m o.o.codegen.TemplateManager - writing file C:\Users\RJ\Downloads\Capstone Project System\Capstone_MateryalPH\packages\api-contract\generated\dart\test\catalog_listing_envelope_test.dart
[main] [34mINFO [0;39m o.o.codegen.TemplateManager - writing file C:\Users\RJ\Downloads\Capstone Project System\Capstone_MateryalPH\packages\api-contract\generated\dart\doc\CatalogListingEnvelope.md
[main] [34mINFO [0;39m o.o.codegen.TemplateManager - writing file C:\Users\RJ\Downloads\Capstone Project System\Capstone_MateryalPH\packages\api-contract\generated\dart\lib\src\model\catalog_listing_list_meta.dart
[main] [34mINFO [0;39m o.o.codegen.TemplateManager - writing file C:\Users\RJ\Downloads\Capstone Project System\Capstone_MateryalPH\packages\api-contract\generated\dart\test\catalog_listing_list_meta_test.dart
[main] [34mINFO [0;39m o.o.codegen.TemplateManager - writing file C:\Users\RJ\Downloads\Capstone Project System\Capstone_MateryalPH\packages\api-contract\generated\dart\doc\CatalogListingListMeta.md
[main] [34mINFO [0;39m o.o.codegen.TemplateManager - writing file C:\Users\RJ\Downloads\Capstone Project System\Capstone_MateryalPH\packages\api-contract\generated\dart\lib\src\model\catalog_listing_material.dart
[main] [34mINFO [0;39m o.o.codegen.TemplateManager - writing file C:\Users\RJ\Downloads\Capstone Project System\Capstone_MateryalPH\packages\api-contract\generated\dart\test\catalog_listing_material_test.dart
[main] [34mINFO [0;39m o.o.codegen.TemplateManager - writing file C:\Users\RJ\Downloads\Capstone Project System\Capstone_MateryalPH\packages\api-contract\generated\dart\doc\CatalogListingMaterial.md
[main] [34mINFO [0;39m o.o.codegen.TemplateManager - writing file C:\Users\RJ\Downloads\Capstone Project System\Capstone_MateryalPH\packages\api-contract\generated\dart\lib\src\model\catalog_listing_permissions.dart
[main] [34mINFO [0;39m o.o.codegen.TemplateManager - writing file C:\Users\RJ\Downloads\Capstone Project System\Capstone_MateryalPH\packages\api-contract\generated\dart\test\catalog_listing_permissions_test.dart
[main] [34mINFO [0;39m o.o.codegen.TemplateManager - writing file C:\Users\RJ\Downloads\Capstone Project System\Capstone_MateryalPH\packages\api-contract\generated\dart\doc\CatalogListingPermissions.md
[main] [34mINFO [0;39m o.o.codegen.TemplateManager - writing file C:\Users\RJ\Downloads\Capstone Project System\Capstone_MateryalPH\packages\api-contract\generated\dart\lib\src\model\catalog_listing_summary.dart
[main] [34mINFO [0;39m o.o.codegen.TemplateManager - writing file C:\Users\RJ\Downloads\Capstone Project System\Capstone_MateryalPH\packages\api-contract\generated\dart\test\catalog_listing_summary_test.dart
[main] [34mINFO [0;39m o.o.codegen.TemplateManager - writing file C:\Users\RJ\Downloads\Capstone Project System\Capstone_MateryalPH\packages\api-contract\generated\dart\doc\CatalogListingSummary.md
[main] [34mINFO [0;39m o.o.codegen.TemplateManager - writing file C:\Users\RJ\Downloads\Capstone Project System\Capstone_MateryalPH\packages\api-contract\generated\dart\lib\src\model\catalog_listing_summary_list_envelope.dart
[main] [34mINFO [0;39m o.o.codegen.TemplateManager - writing file C:\Users\RJ\Downloads\Capstone Project System\Capstone_MateryalPH\packages\api-contract\generated\dart\test\catalog_listing_summary_list_envelope_test.dart
[main] [34mINFO [0;39m o.o.codegen.TemplateManager - writing file C:\Users\RJ\Downloads\Capstone Project System\Capstone_MateryalPH\packages\api-contract\generated\dart\doc\CatalogListingSummaryListEnvelope.md
[main] [34mINFO [0;39m o.o.codegen.TemplateManager - writing file C:\Users\RJ\Downloads\Capstone Project System\Capstone_MateryalPH\packages\api-contract\generated\dart\lib\src\model\catalog_listing_update.dart
[main] [34mINFO [0;39m o.o.codegen.TemplateManager - writing file C:\Users\RJ\Downloads\Capstone Project System\Capstone_MateryalPH\packages\api-contract\generated\dart\test\catalog_listing_update_test.dart
[main] [34mINFO [0;39m o.o.codegen.TemplateManager - writing file C:\Users\RJ\Downloads\Capstone Project System\Capstone_MateryalPH\packages\api-contract\generated\dart\doc\CatalogListingUpdate.md
[main] [34mINFO [0;39m o.o.codegen.TemplateManager - writing file C:\Users\RJ\Downloads\Capstone Project System\Capstone_MateryalPH\packages\api-contract\generated\dart\lib\src\model\catalog_lock_version.dart
[main] [34mINFO [0;39m o.o.codegen.TemplateManager - writing file C:\Users\RJ\Downloads\Capstone Project System\Capstone_MateryalPH\packages\api-contract\generated\dart\test\catalog_lock_version_test.dart
[main] [34mINFO [0;39m o.o.codegen.TemplateManager - writing file C:\Users\RJ\Downloads\Capstone Project System\Capstone_MateryalPH\packages\api-contract\generated\dart\doc\CatalogLockVersion.md
[main] [34mINFO [0;39m o.o.codegen.TemplateManager - writing file C:\Users\RJ\Downloads\Capstone Project System\Capstone_MateryalPH\packages\api-contract\generated\dart\lib\src\model\catalog_material.dart
[main] [34mINFO [0;39m o.o.codegen.TemplateManager - writing file C:\Users\RJ\Downloads\Capstone Project System\Capstone_MateryalPH\packages\api-contract\generated\dart\test\catalog_material_test.dart
[main] [34mINFO [0;39m o.o.codegen.TemplateManager - writing file C:\Users\RJ\Downloads\Capstone Project System\Capstone_MateryalPH\packages\api-contract\generated\dart\doc\CatalogMaterial.md
[main] [34mINFO [0;39m o.o.codegen.TemplateManager - writing file C:\Users\RJ\Downloads\Capstone Project System\Capstone_MateryalPH\packages\api-contract\generated\dart\lib\src\model\catalog_material_envelope.dart
[main] [34mINFO [0;39m o.o.codegen.TemplateManager - writing file C:\Users\RJ\Downloads\Capstone Project System\Capstone_MateryalPH\packages\api-contract\generated\dart\test\catalog_material_envelope_test.dart
[main] [34mINFO [0;39m o.o.codegen.TemplateManager - writing file C:\Users\RJ\Downloads\Capstone Project System\Capstone_MateryalPH\packages\api-contract\generated\dart\doc\CatalogMaterialEnvelope.md
[main] [34mINFO [0;39m o.o.codegen.TemplateManager - writing file C:\Users\RJ\Downloads\Capstone Project System\Capstone_MateryalPH\packages\api-contract\generated\dart\lib\src\model\catalog_material_match.dart
[main] [34mINFO [0;39m o.o.codegen.TemplateManager - writing file C:\Users\RJ\Downloads\Capstone Project System\Capstone_MateryalPH\packages\api-contract\generated\dart\test\catalog_material_match_test.dart
[main] [34mINFO [0;39m o.o.codegen.TemplateManager - writing file C:\Users\RJ\Downloads\Capstone Project System\Capstone_MateryalPH\packages\api-contract\generated\dart\doc\CatalogMaterialMatch.md
[main] [34mINFO [0;39m o.o.codegen.TemplateManager - writing file C:\Users\RJ\Downloads\Capstone Project System\Capstone_MateryalPH\packages\api-contract\generated\dart\lib\src\model\catalog_material_match_list_envelope.dart
[main] [34mINFO [0;39m o.o.codegen.TemplateManager - writing file C:\Users\RJ\Downloads\Capstone Project System\Capstone_MateryalPH\packages\api-contract\generated\dart\test\catalog_material_match_list_envelope_test.dart
[main] [34mINFO [0;39m o.o.codegen.TemplateManager - writing file C:\Users\RJ\Downloads\Capstone Project System\Capstone_MateryalPH\packages\api-contract\generated\dart\doc\CatalogMaterialMatchListEnvelope.md
[main] [34mINFO [0;39m o.o.codegen.TemplateManager - writing file C:\Users\RJ\Downloads\Capstone Project System\Capstone_MateryalPH\packages\api-contract\generated\dart\lib\src\model\catalog_media.dart
[main] [34mINFO [0;39m o.o.codegen.TemplateManager - writing file C:\Users\RJ\Downloads\Capstone Project System\Capstone_MateryalPH\packages\api-contract\generated\dart\test\catalog_media_test.dart
[main] [34mINFO [0;39m o.o.codegen.TemplateManager - writing file C:\Users\RJ\Downloads\Capstone Project System\Capstone_MateryalPH\packages\api-contract\generated\dart\doc\CatalogMedia.md
[main] [34mINFO [0;39m o.o.codegen.TemplateManager - writing file C:\Users\RJ\Downloads\Capstone Project System\Capstone_MateryalPH\packages\api-contract\generated\dart\lib\src\model\catalog_price.dart
[main] [34mINFO [0;39m o.o.codegen.TemplateManager - writing file C:\Users\RJ\Downloads\Capstone Project System\Capstone_MateryalPH\packages\api-contract\generated\dart\test\catalog_price_test.dart
[main] [34mINFO [0;39m o.o.codegen.TemplateManager - writing file C:\Users\RJ\Downloads\Capstone Project System\Capstone_MateryalPH\packages\api-contract\generated\dart\doc\CatalogPrice.md
[main] [34mINFO [0;39m o.o.codegen.TemplateManager - writing file C:\Users\RJ\Downloads\Capstone Project System\Capstone_MateryalPH\packages\api-contract\generated\dart\lib\src\model\catalog_reference.dart
[main] [34mINFO [0;39m o.o.codegen.TemplateManager - writing file C:\Users\RJ\Downloads\Capstone Project System\Capstone_MateryalPH\packages\api-contract\generated\dart\test\catalog_reference_test.dart
[main] [34mINFO [0;39m o.o.codegen.TemplateManager - writing file C:\Users\RJ\Downloads\Capstone Project System\Capstone_MateryalPH\packages\api-contract\generated\dart\doc\CatalogReference.md
[main] [34mINFO [0;39m o.o.codegen.TemplateManager - writing file C:\Users\RJ\Downloads\Capstone Project System\Capstone_MateryalPH\packages\api-contract\generated\dart\lib\src\model\catalog_taxonomy.dart
[main] [34mINFO [0;39m o.o.codegen.TemplateManager - writing file C:\Users\RJ\Downloads\Capstone Project System\Capstone_MateryalPH\packages\api-contract\generated\dart\test\catalog_taxonomy_test.dart
[main] [34mINFO [0;39m o.o.codegen.TemplateManager - writing file C:\Users\RJ\Downloads\Capstone Project System\Capstone_MateryalPH\packages\api-contract\generated\dart\doc\CatalogTaxonomy.md
[main] [34mINFO [0;39m o.o.codegen.TemplateManager - writing file C:\Users\RJ\Downloads\Capstone Project System\Capstone_MateryalPH\packages\api-contract\generated\dart\lib\src\model\catalog_taxonomy_envelope.dart
[main] [34mINFO [0;39m o.o.codegen.TemplateManager - writing file C:\Users\RJ\Downloads\Capstone Project System\Capstone_MateryalPH\packages\api-contract\generated\dart\test\catalog_taxonomy_envelope_test.dart
[main] [34mINFO [0;39m o.o.codegen.TemplateManager - writing file C:\Users\RJ\Downloads\Capstone Project System\Capstone_MateryalPH\packages\api-contract\generated\dart\doc\CatalogTaxonomyEnvelope.md
[main] [34mINFO [0;39m o.o.codegen.TemplateManager - writing file C:\Users\RJ\Downloads\Capstone Project System\Capstone_MateryalPH\packages\api-contract\generated\dart\lib\src\model\catalog_unit.dart
[main] [34mINFO [0;39m o.o.codegen.TemplateManager - writing file C:\Users\RJ\Downloads\Capstone Project System\Capstone_MateryalPH\packages\api-contract\generated\dart\test\catalog_unit_test.dart
[main] [34mINFO [0;39m o.o.codegen.TemplateManager - writing file C:\Users\RJ\Downloads\Capstone Project System\Capstone_MateryalPH\packages\api-contract\generated\dart\doc\CatalogUnit.md
[main] [34mINFO [0;39m o.o.codegen.TemplateManager - writing file C:\Users\RJ\Downloads\Capstone Project System\Capstone_MateryalPH\packages\api-contract\generated\dart\lib\src\model\catalog_variant.dart
[main] [34mINFO [0;39m o.o.codegen.TemplateManager - writing file C:\Users\RJ\Downloads\Capstone Project System\Capstone_MateryalPH\packages\api-contract\generated\dart\test\catalog_variant_test.dart
[main] [34mINFO [0;39m o.o.codegen.TemplateManager - writing file C:\Users\RJ\Downloads\Capstone Project System\Capstone_MateryalPH\packages\api-contract\generated\dart\doc\CatalogVariant.md
[main] [34mINFO [0;39m o.o.codegen.TemplateManager - writing file C:\Users\RJ\Downloads\Capstone Project System\Capstone_MateryalPH\packages\api-contract\generated\dart\lib\src\model\catalog_variant_input.dart
[main] [34mINFO [0;39m o.o.codegen.TemplateManager - writing file C:\Users\RJ\Downloads\Capstone Project System\Capstone_MateryalPH\packages\api-contract\generated\dart\test\catalog_variant_input_test.dart
[main] [34mINFO [0;39m o.o.codegen.TemplateManager - writing file C:\Users\RJ\Downloads\Capstone Project System\Capstone_MateryalPH\packages\api-contract\generated\dart\doc\CatalogVariantInput.md
[main] [34mINFO [0;39m o.o.codegen.TemplateManager - writing file C:\Users\RJ\Downloads\Capstone Project System\Capstone_MateryalPH\packages\api-contract\generated\dart\lib\src\model\catalog_variants_save.dart
[main] [34mINFO [0;39m o.o.codegen.TemplateManager - writing file C:\Users\RJ\Downloads\Capstone Project System\Capstone_MateryalPH\packages\api-contract\generated\dart\test\catalog_variants_save_test.dart
[main] [34mINFO [0;39m o.o.codegen.TemplateManager - writing file C:\Users\RJ\Downloads\Capstone Project System\Capstone_MateryalPH\packages\api-contract\generated\dart\doc\CatalogVariantsSave.md
[main] [34mINFO [0;39m o.o.codegen.TemplateManager - writing file C:\Users\RJ\Downloads\Capstone Project System\Capstone_MateryalPH\packages\api-contract\generated\dart\lib\src\model\catalog_volume_tier.dart
[main] [34mINFO [0;39m o.o.codegen.TemplateManager - writing file C:\Users\RJ\Downloads\Capstone Project System\Capstone_MateryalPH\packages\api-contract\generated\dart\test\catalog_volume_tier_test.dart
[main] [34mINFO [0;39m o.o.codegen.TemplateManager - writing file C:\Users\RJ\Downloads\Capstone Project System\Capstone_MateryalPH\packages\api-contract\generated\dart\doc\CatalogVolumeTier.md
[main] [34mINFO [0;39m o.o.codegen.TemplateManager - skipping unchanged file C:\Users\RJ\Downloads\Capstone Project System\Capstone_MateryalPH\packages\api-contract\generated\dart\lib\src\model\catalog_volume_tier_input.dart
[main] [34mINFO [0;39m o.o.codegen.TemplateManager - writing file C:\Users\RJ\Downloads\Capstone Project System\Capstone_MateryalPH\packages\api-contract\generated\dart\test\catalog_volume_tier_input_test.dart
[main] [34mINFO [0;39m o.o.codegen.TemplateManager - writing file C:\Users\RJ\Downloads\Capstone Project System\Capstone_MateryalPH\packages\api-contract\generated\dart\doc\CatalogVolumeTierInput.md
[main] [34mINFO [0;39m o.o.codegen.TemplateManager - writing file C:\Users\RJ\Downloads\Capstone Project System\Capstone_MateryalPH\packages\api-contract\generated\dart\lib\src\model\chat_attachment.dart
[main] [34mINFO [0;39m o.o.codegen.TemplateManager - writing file C:\Users\RJ\Downloads\Capstone Project System\Capstone_MateryalPH\packages\api-contract\generated\dart\test\chat_attachment_test.dart
[main] [34mINFO [0;39m o.o.codegen.TemplateManager - writing file C:\Users\RJ\Downloads\Capstone Project System\Capstone_MateryalPH\packages\api-contract\generated\dart\doc\ChatAttachment.md
[main] [34mINFO [0;39m o.o.codegen.TemplateManager - writing file C:\Users\RJ\Downloads\Capstone Project System\Capstone_MateryalPH\packages\api-contract\generated\dart\lib\src\model\chat_channel_auth.dart
[main] [34mINFO [0;39m o.o.codegen.TemplateManager - writing file C:\Users\RJ\Downloads\Capstone Project System\Capstone_MateryalPH\packages\api-contract\generated\dart\test\chat_channel_auth_test.dart
[main] [34mINFO [0;39m o.o.codegen.TemplateManager - writing file C:\Users\RJ\Downloads\Capstone Project System\Capstone_MateryalPH\packages\api-contract\generated\dart\doc\ChatChannelAuth.md
[main] [34mINFO [0;39m o.o.codegen.TemplateManager - writing file C:\Users\RJ\Downloads\Capstone Project System\Capstone_MateryalPH\packages\api-contract\generated\dart\lib\src\model\chat_channel_signature.dart
[main] [34mINFO [0;39m o.o.codegen.TemplateManager - writing file C:\Users\RJ\Downloads\Capstone Project System\Capstone_MateryalPH\packages\api-contract\generated\dart\test\chat_channel_signature_test.dart
[main] [34mINFO [0;39m o.o.codegen.TemplateManager - writing file C:\Users\RJ\Downloads\Capstone Project System\Capstone_MateryalPH\packages\api-contract\generated\dart\doc\ChatChannelSignature.md
[main] [34mINFO [0;39m o.o.codegen.TemplateManager - writing file C:\Users\RJ\Downloads\Capstone Project System\Capstone_MateryalPH\packages\api-contract\generated\dart\lib\src\model\chat_create.dart
[main] [34mINFO [0;39m o.o.codegen.TemplateManager - writing file C:\Users\RJ\Downloads\Capstone Project System\Capstone_MateryalPH\packages\api-contract\generated\dart\test\chat_create_test.dart
[main] [34mINFO [0;39m o.o.codegen.TemplateManager - writing file C:\Users\RJ\Downloads\Capstone Project System\Capstone_MateryalPH\packages\api-contract\generated\dart\doc\ChatCreate.md
[main] [34mINFO [0;39m o.o.codegen.TemplateManager - writing file C:\Users\RJ\Downloads\Capstone Project System\Capstone_MateryalPH\packages\api-contract\generated\dart\lib\src\model\chat_decision.dart
[main] [34mINFO [0;39m o.o.codegen.TemplateManager - writing file C:\Users\RJ\Downloads\Capstone Project System\Capstone_MateryalPH\packages\api-contract\generated\dart\test\chat_decision_test.dart
[main] [34mINFO [0;39m o.o.codegen.TemplateManager - writing file C:\Users\RJ\Downloads\Capstone Project System\Capstone_MateryalPH\packages\api-contract\generated\dart\doc\ChatDecision.md
[main] [34mINFO [0;39m o.o.codegen.TemplateManager - writing file C:\Users\RJ\Downloads\Capstone Project System\Capstone_MateryalPH\packages\api-contract\generated\dart\lib\src\model\chat_decision_result.dart
[main] [34mINFO [0;39m o.o.codegen.TemplateManager - writing file C:\Users\RJ\Downloads\Capstone Project System\Capstone_MateryalPH\packages\api-contract\generated\dart\test\chat_decision_result_test.dart
[main] [34mINFO [0;39m o.o.codegen.TemplateManager - writing file C:\Users\RJ\Downloads\Capstone Project System\Capstone_MateryalPH\packages\api-contract\generated\dart\doc\ChatDecisionResult.md
[main] [34mINFO [0;39m o.o.codegen.TemplateManager - writing file C:\Users\RJ\Downloads\Capstone Project System\Capstone_MateryalPH\packages\api-contract\generated\dart\lib\src\model\chat_decision_result_response.dart
[main] [34mINFO [0;39m o.o.codegen.TemplateManager - writing file C:\Users\RJ\Downloads\Capstone Project System\Capstone_MateryalPH\packages\api-contract\generated\dart\test\chat_decision_result_response_test.dart
[main] [34mINFO [0;39m o.o.codegen.TemplateManager - writing file C:\Users\RJ\Downloads\Capstone Project System\Capstone_MateryalPH\packages\api-contract\generated\dart\doc\ChatDecisionResultResponse.md
[main] [34mINFO [0;39m o.o.codegen.TemplateManager - writing file C:\Users\RJ\Downloads\Capstone Project System\Capstone_MateryalPH\packages\api-contract\generated\dart\lib\src\model\chat_draft_content.dart
[main] [34mINFO [0;39m o.o.codegen.TemplateManager - writing file C:\Users\RJ\Downloads\Capstone Project System\Capstone_MateryalPH\packages\api-contract\generated\dart\test\chat_draft_content_test.dart
[main] [34mINFO [0;39m o.o.codegen.TemplateManager - writing file C:\Users\RJ\Downloads\Capstone Project System\Capstone_MateryalPH\packages\api-contract\generated\dart\doc\ChatDraftContent.md
[main] [34mINFO [0;39m o.o.codegen.TemplateManager - writing file C:\Users\RJ\Downloads\Capstone Project System\Capstone_MateryalPH\packages\api-contract\generated\dart\lib\src\model\chat_draft_line.dart
[main] [34mINFO [0;39m o.o.codegen.TemplateManager - writing file C:\Users\RJ\Downloads\Capstone Project System\Capstone_MateryalPH\packages\api-contract\generated\dart\test\chat_draft_line_test.dart
[main] [34mINFO [0;39m o.o.codegen.TemplateManager - writing file C:\Users\RJ\Downloads\Capstone Project System\Capstone_MateryalPH\packages\api-contract\generated\dart\doc\ChatDraftLine.md
[main] [34mINFO [0;39m o.o.codegen.TemplateManager - writing file C:\Users\RJ\Downloads\Capstone Project System\Capstone_MateryalPH\packages\api-contract\generated\dart\lib\src\model\chat_draft_save.dart
[main] [34mINFO [0;39m o.o.codegen.TemplateManager - writing file C:\Users\RJ\Downloads\Capstone Project System\Capstone_MateryalPH\packages\api-contract\generated\dart\test\chat_draft_save_test.dart
[main] [34mINFO [0;39m o.o.codegen.TemplateManager - writing file C:\Users\RJ\Downloads\Capstone Project System\Capstone_MateryalPH\packages\api-contract\generated\dart\doc\ChatDraftSave.md
[main] [34mINFO [0;39m o.o.codegen.TemplateManager - writing file C:\Users\RJ\Downloads\Capstone Project System\Capstone_MateryalPH\packages\api-contract\generated\dart\lib\src\model\chat_empty_response.dart
[main] [34mINFO [0;39m o.o.codegen.TemplateManager - writing file C:\Users\RJ\Downloads\Capstone Project System\Capstone_MateryalPH\packages\api-contract\generated\dart\test\chat_empty_response_test.dart
[main] [34mINFO [0;39m o.o.codegen.TemplateManager - writing file C:\Users\RJ\Downloads\Capstone Project System\Capstone_MateryalPH\packages\api-contract\generated\dart\doc\ChatEmptyResponse.md
[main] [34mINFO [0;39m o.o.codegen.TemplateManager - writing file C:\Users\RJ\Downloads\Capstone Project System\Capstone_MateryalPH\packages\api-contract\generated\dart\lib\src\model\chat_handler.dart
[main] [34mINFO [0;39m o.o.codegen.TemplateManager - writing file C:\Users\RJ\Downloads\Capstone Project System\Capstone_MateryalPH\packages\api-contract\generated\dart\test\chat_handler_test.dart
[main] [34mINFO [0;39m o.o.codegen.TemplateManager - writing file C:\Users\RJ\Downloads\Capstone Project System\Capstone_MateryalPH\packages\api-contract\generated\dart\doc\ChatHandler.md
[main] [34mINFO [0;39m o.o.codegen.TemplateManager - writing file C:\Users\RJ\Downloads\Capstone Project System\Capstone_MateryalPH\packages\api-contract\generated\dart\lib\src\model\chat_handlers_response.dart
[main] [34mINFO [0;39m o.o.codegen.TemplateManager - writing file C:\Users\RJ\Downloads\Capstone Project System\Capstone_MateryalPH\packages\api-contract\generated\dart\test\chat_handlers_response_test.dart
[main] [34mINFO [0;39m o.o.codegen.TemplateManager - writing file C:\Users\RJ\Downloads\Capstone Project System\Capstone_MateryalPH\packages\api-contract\generated\dart\doc\ChatHandlersResponse.md
[main] [34mINFO [0;39m o.o.codegen.TemplateManager - writing file C:\Users\RJ\Downloads\Capstone Project System\Capstone_MateryalPH\packages\api-contract\generated\dart\lib\src\model\chat_id.dart
[main] [34mINFO [0;39m o.o.codegen.TemplateManager - writing file C:\Users\RJ\Downloads\Capstone Project System\Capstone_MateryalPH\packages\api-contract\generated\dart\test\chat_id_test.dart
[main] [34mINFO [0;39m o.o.codegen.TemplateManager - writing file C:\Users\RJ\Downloads\Capstone Project System\Capstone_MateryalPH\packages\api-contract\generated\dart\doc\ChatId.md
[main] [34mINFO [0;39m o.o.codegen.TemplateManager - writing file C:\Users\RJ\Downloads\Capstone Project System\Capstone_MateryalPH\packages\api-contract\generated\dart\lib\src\model\chat_id_response.dart
[main] [34mINFO [0;39m o.o.codegen.TemplateManager - writing file C:\Users\RJ\Downloads\Capstone Project System\Capstone_MateryalPH\packages\api-contract\generated\dart\test\chat_id_response_test.dart
[main] [34mINFO [0;39m o.o.codegen.TemplateManager - writing file C:\Users\RJ\Downloads\Capstone Project System\Capstone_MateryalPH\packages\api-contract\generated\dart\doc\ChatIdResponse.md
[main] [34mINFO [0;39m o.o.codegen.TemplateManager - writing file C:\Users\RJ\Downloads\Capstone Project System\Capstone_MateryalPH\packages\api-contract\generated\dart\lib\src\model\chat_identity.dart
[main] [34mINFO [0;39m o.o.codegen.TemplateManager - writing file C:\Users\RJ\Downloads\Capstone Project System\Capstone_MateryalPH\packages\api-contract\generated\dart\test\chat_identity_test.dart
[main] [34mINFO [0;39m o.o.codegen.TemplateManager - writing file C:\Users\RJ\Downloads\Capstone Project System\Capstone_MateryalPH\packages\api-contract\generated\dart\doc\ChatIdentity.md
[main] [34mINFO [0;39m o.o.codegen.TemplateManager - writing file C:\Users\RJ\Downloads\Capstone Project System\Capstone_MateryalPH\packages\api-contract\generated\dart\lib\src\model\chat_message.dart
[main] [34mINFO [0;39m o.o.codegen.TemplateManager - writing file C:\Users\RJ\Downloads\Capstone Project System\Capstone_MateryalPH\packages\api-contract\generated\dart\test\chat_message_test.dart
[main] [34mINFO [0;39m o.o.codegen.TemplateManager - writing file C:\Users\RJ\Downloads\Capstone Project System\Capstone_MateryalPH\packages\api-contract\generated\dart\doc\ChatMessage.md
[main] [34mINFO [0;39m o.o.codegen.TemplateManager - writing file C:\Users\RJ\Downloads\Capstone Project System\Capstone_MateryalPH\packages\api-contract\generated\dart\lib\src\model\chat_message_page.dart
[main] [34mINFO [0;39m o.o.codegen.TemplateManager - writing file C:\Users\RJ\Downloads\Capstone Project System\Capstone_MateryalPH\packages\api-contract\generated\dart\test\chat_message_page_test.dart
[main] [34mINFO [0;39m o.o.codegen.TemplateManager - writing file C:\Users\RJ\Downloads\Capstone Project System\Capstone_MateryalPH\packages\api-contract\generated\dart\doc\ChatMessagePage.md
[main] [34mINFO [0;39m o.o.codegen.TemplateManager - writing file C:\Users\RJ\Downloads\Capstone Project System\Capstone_MateryalPH\packages\api-contract\generated\dart\lib\src\model\chat_publish.dart
[main] [34mINFO [0;39m o.o.codegen.TemplateManager - writing file C:\Users\RJ\Downloads\Capstone Project System\Capstone_MateryalPH\packages\api-contract\generated\dart\test\chat_publish_test.dart
[main] [34mINFO [0;39m o.o.codegen.TemplateManager - writing file C:\Users\RJ\Downloads\Capstone Project System\Capstone_MateryalPH\packages\api-contract\generated\dart\doc\ChatPublish.md
[main] [34mINFO [0;39m o.o.codegen.TemplateManager - writing file C:\Users\RJ\Downloads\Capstone Project System\Capstone_MateryalPH\packages\api-contract\generated\dart\lib\src\model\chat_quotation.dart
[main] [34mINFO [0;39m o.o.codegen.TemplateManager - writing file C:\Users\RJ\Downloads\Capstone Project System\Capstone_MateryalPH\packages\api-contract\generated\dart\test\chat_quotation_test.dart
[main] [34mINFO [0;39m o.o.codegen.TemplateManager - writing file C:\Users\RJ\Downloads\Capstone Project System\Capstone_MateryalPH\packages\api-contract\generated\dart\doc\ChatQuotation.md
[main] [34mINFO [0;39m o.o.codegen.TemplateManager - writing file C:\Users\RJ\Downloads\Capstone Project System\Capstone_MateryalPH\packages\api-contract\generated\dart\lib\src\model\chat_quotation_change.dart
[main] [34mINFO [0;39m o.o.codegen.TemplateManager - writing file C:\Users\RJ\Downloads\Capstone Project System\Capstone_MateryalPH\packages\api-contract\generated\dart\test\chat_quotation_change_test.dart
[main] [34mINFO [0;39m o.o.codegen.TemplateManager - writing file C:\Users\RJ\Downloads\Capstone Project System\Capstone_MateryalPH\packages\api-contract\generated\dart\doc\ChatQuotationChange.md
[main] [34mINFO [0;39m o.o.codegen.TemplateManager - writing file C:\Users\RJ\Downloads\Capstone Project System\Capstone_MateryalPH\packages\api-contract\generated\dart\lib\src\model\chat_quotation_content.dart
[main] [34mINFO [0;39m o.o.codegen.TemplateManager - writing file C:\Users\RJ\Downloads\Capstone Project System\Capstone_MateryalPH\packages\api-contract\generated\dart\test\chat_quotation_content_test.dart
[main] [34mINFO [0;39m o.o.codegen.TemplateManager - writing file C:\Users\RJ\Downloads\Capstone Project System\Capstone_MateryalPH\packages\api-contract\generated\dart\doc\ChatQuotationContent.md
[main] [34mINFO [0;39m o.o.codegen.TemplateManager - writing file C:\Users\RJ\Downloads\Capstone Project System\Capstone_MateryalPH\packages\api-contract\generated\dart\lib\src\model\chat_quotation_line.dart
[main] [34mINFO [0;39m o.o.codegen.TemplateManager - writing file C:\Users\RJ\Downloads\Capstone Project System\Capstone_MateryalPH\packages\api-contract\generated\dart\test\chat_quotation_line_test.dart
[main] [34mINFO [0;39m o.o.codegen.TemplateManager - writing file C:\Users\RJ\Downloads\Capstone Project System\Capstone_MateryalPH\packages\api-contract\generated\dart\doc\ChatQuotationLine.md
[main] [34mINFO [0;39m o.o.codegen.TemplateManager - writing file C:\Users\RJ\Downloads\Capstone Project System\Capstone_MateryalPH\packages\api-contract\generated\dart\lib\src\model\chat_quotation_money.dart
[main] [34mINFO [0;39m o.o.codegen.TemplateManager - writing file C:\Users\RJ\Downloads\Capstone Project System\Capstone_MateryalPH\packages\api-contract\generated\dart\test\chat_quotation_money_test.dart
[main] [34mINFO [0;39m o.o.codegen.TemplateManager - writing file C:\Users\RJ\Downloads\Capstone Project System\Capstone_MateryalPH\packages\api-contract\generated\dart\doc\ChatQuotationMoney.md
[main] [34mINFO [0;39m o.o.codegen.TemplateManager - writing file C:\Users\RJ\Downloads\Capstone Project System\Capstone_MateryalPH\packages\api-contract\generated\dart\lib\src\model\chat_quotation_page.dart
[main] [34mINFO [0;39m o.o.codegen.TemplateManager - writing file C:\Users\RJ\Downloads\Capstone Project System\Capstone_MateryalPH\packages\api-contract\generated\dart\test\chat_quotation_page_test.dart
[main] [34mINFO [0;39m o.o.codegen.TemplateManager - writing file C:\Users\RJ\Downloads\Capstone Project System\Capstone_MateryalPH\packages\api-contract\generated\dart\doc\ChatQuotationPage.md
[main] [34mINFO [0;39m o.o.codegen.TemplateManager - writing file C:\Users\RJ\Downloads\Capstone Project System\Capstone_MateryalPH\packages\api-contract\generated\dart\lib\src\model\chat_quotation_page_response.dart
[main] [34mINFO [0;39m o.o.codegen.TemplateManager - writing file C:\Users\RJ\Downloads\Capstone Project System\Capstone_MateryalPH\packages\api-contract\generated\dart\test\chat_quotation_page_response_test.dart
[main] [34mINFO [0;39m o.o.codegen.TemplateManager - writing file C:\Users\RJ\Downloads\Capstone Project System\Capstone_MateryalPH\packages\api-contract\generated\dart\doc\ChatQuotationPageResponse.md
[main] [34mINFO [0;39m o.o.codegen.TemplateManager - writing file C:\Users\RJ\Downloads\Capstone Project System\Capstone_MateryalPH\packages\api-contract\generated\dart\lib\src\model\chat_quotation_version.dart
[main] [34mINFO [0;39m o.o.codegen.TemplateManager - writing file C:\Users\RJ\Downloads\Capstone Project System\Capstone_MateryalPH\packages\api-contract\generated\dart\test\chat_quotation_version_test.dart
[main] [34mINFO [0;39m o.o.codegen.TemplateManager - writing file C:\Users\RJ\Downloads\Capstone Project System\Capstone_MateryalPH\packages\api-contract\generated\dart\doc\ChatQuotationVersion.md
[main] [34mINFO [0;39m o.o.codegen.TemplateManager - writing file C:\Users\RJ\Downloads\Capstone Project System\Capstone_MateryalPH\packages\api-contract\generated\dart\lib\src\model\chat_read.dart
[main] [34mINFO [0;39m o.o.codegen.TemplateManager - writing file C:\Users\RJ\Downloads\Capstone Project System\Capstone_MateryalPH\packages\api-contract\generated\dart\test\chat_read_test.dart
[main] [34mINFO [0;39m o.o.codegen.TemplateManager - writing file C:\Users\RJ\Downloads\Capstone Project System\Capstone_MateryalPH\packages\api-contract\generated\dart\doc\ChatRead.md
[main] [34mINFO [0;39m o.o.codegen.TemplateManager - writing file C:\Users\RJ\Downloads\Capstone Project System\Capstone_MateryalPH\packages\api-contract\generated\dart\lib\src\model\chat_realtime.dart
[main] [34mINFO [0;39m o.o.codegen.TemplateManager - writing file C:\Users\RJ\Downloads\Capstone Project System\Capstone_MateryalPH\packages\api-contract\generated\dart\test\chat_realtime_test.dart
[main] [34mINFO [0;39m o.o.codegen.TemplateManager - writing file C:\Users\RJ\Downloads\Capstone Project System\Capstone_MateryalPH\packages\api-contract\generated\dart\doc\ChatRealtime.md
[main] [34mINFO [0;39m o.o.codegen.TemplateManager - writing file C:\Users\RJ\Downloads\Capstone Project System\Capstone_MateryalPH\packages\api-contract\generated\dart\lib\src\model\chat_realtime_response.dart
[main] [34mINFO [0;39m o.o.codegen.TemplateManager - writing file C:\Users\RJ\Downloads\Capstone Project System\Capstone_MateryalPH\packages\api-contract\generated\dart\test\chat_realtime_response_test.dart
[main] [34mINFO [0;39m o.o.codegen.TemplateManager - writing file C:\Users\RJ\Downloads\Capstone Project System\Capstone_MateryalPH\packages\api-contract\generated\dart\doc\ChatRealtimeResponse.md
[main] [34mINFO [0;39m o.o.codegen.TemplateManager - writing file C:\Users\RJ\Downloads\Capstone Project System\Capstone_MateryalPH\packages\api-contract\generated\dart\lib\src\model\chat_send.dart
[main] [34mINFO [0;39m o.o.codegen.TemplateManager - writing file C:\Users\RJ\Downloads\Capstone Project System\Capstone_MateryalPH\packages\api-contract\generated\dart\test\chat_send_test.dart
[main] [34mINFO [0;39m o.o.codegen.TemplateManager - writing file C:\Users\RJ\Downloads\Capstone Project System\Capstone_MateryalPH\packages\api-contract\generated\dart\doc\ChatSend.md
[main] [34mINFO [0;39m o.o.codegen.TemplateManager - writing file C:\Users\RJ\Downloads\Capstone Project System\Capstone_MateryalPH\packages\api-contract\generated\dart\lib\src\model\chat_store.dart
[main] [34mINFO [0;39m o.o.codegen.TemplateManager - writing file C:\Users\RJ\Downloads\Capstone Project System\Capstone_MateryalPH\packages\api-contract\generated\dart\test\chat_store_test.dart
[main] [34mINFO [0;39m o.o.codegen.TemplateManager - writing file C:\Users\RJ\Downloads\Capstone Project System\Capstone_MateryalPH\packages\api-contract\generated\dart\doc\ChatStore.md
[main] [34mINFO [0;39m o.o.codegen.TemplateManager - writing file C:\Users\RJ\Downloads\Capstone Project System\Capstone_MateryalPH\packages\api-contract\generated\dart\lib\src\model\chat_transfer.dart
[main] [34mINFO [0;39m o.o.codegen.TemplateManager - writing file C:\Users\RJ\Downloads\Capstone Project System\Capstone_MateryalPH\packages\api-contract\generated\dart\test\chat_transfer_test.dart
[main] [34mINFO [0;39m o.o.codegen.TemplateManager - writing file C:\Users\RJ\Downloads\Capstone Project System\Capstone_MateryalPH\packages\api-contract\generated\dart\doc\ChatTransfer.md
[main] [34mINFO [0;39m o.o.codegen.TemplateManager - writing file C:\Users\RJ\Downloads\Capstone Project System\Capstone_MateryalPH\packages\api-contract\generated\dart\lib\src\model\checkout_child_order.dart
[main] [34mINFO [0;39m o.o.codegen.TemplateManager - writing file C:\Users\RJ\Downloads\Capstone Project System\Capstone_MateryalPH\packages\api-contract\generated\dart\test\checkout_child_order_test.dart
[main] [34mINFO [0;39m o.o.codegen.TemplateManager - writing file C:\Users\RJ\Downloads\Capstone Project System\Capstone_MateryalPH\packages\api-contract\generated\dart\doc\CheckoutChildOrder.md
[main] [34mINFO [0;39m o.o.codegen.TemplateManager - writing file C:\Users\RJ\Downloads\Capstone Project System\Capstone_MateryalPH\packages\api-contract\generated\dart\lib\src\model\checkout_group_preview.dart
[main] [34mINFO [0;39m o.o.codegen.TemplateManager - writing file C:\Users\RJ\Downloads\Capstone Project System\Capstone_MateryalPH\packages\api-contract\generated\dart\test\checkout_group_preview_test.dart
[main] [34mINFO [0;39m o.o.codegen.TemplateManager - writing file C:\Users\RJ\Downloads\Capstone Project System\Capstone_MateryalPH\packages\api-contract\generated\dart\doc\CheckoutGroupPreview.md
[main] [34mINFO [0;39m o.o.codegen.TemplateManager - writing file C:\Users\RJ\Downloads\Capstone Project System\Capstone_MateryalPH\packages\api-contract\generated\dart\lib\src\model\checkout_preview.dart
[main] [34mINFO [0;39m o.o.codegen.TemplateManager - writing file C:\Users\RJ\Downloads\Capstone Project System\Capstone_MateryalPH\packages\api-contract\generated\dart\test\checkout_preview_test.dart
[main] [34mINFO [0;39m o.o.codegen.TemplateManager - writing file C:\Users\RJ\Downloads\Capstone Project System\Capstone_MateryalPH\packages\api-contract\generated\dart\doc\CheckoutPreview.md
[main] [34mINFO [0;39m o.o.codegen.TemplateManager - writing file C:\Users\RJ\Downloads\Capstone Project System\Capstone_MateryalPH\packages\api-contract\generated\dart\lib\src\model\checkout_preview_envelope.dart
[main] [34mINFO [0;39m o.o.codegen.TemplateManager - writing file C:\Users\RJ\Downloads\Capstone Project System\Capstone_MateryalPH\packages\api-contract\generated\dart\test\checkout_preview_envelope_test.dart
[main] [34mINFO [0;39m o.o.codegen.TemplateManager - writing file C:\Users\RJ\Downloads\Capstone Project System\Capstone_MateryalPH\packages\api-contract\generated\dart\doc\CheckoutPreviewEnvelope.md
[main] [34mINFO [0;39m o.o.codegen.TemplateManager - skipping unchanged file C:\Users\RJ\Downloads\Capstone Project System\Capstone_MateryalPH\packages\api-contract\generated\dart\lib\src\model\checkout_preview_request.dart
[main] [34mINFO [0;39m o.o.codegen.TemplateManager - writing file C:\Users\RJ\Downloads\Capstone Project System\Capstone_MateryalPH\packages\api-contract\generated\dart\test\checkout_preview_request_test.dart
[main] [34mINFO [0;39m o.o.codegen.TemplateManager - writing file C:\Users\RJ\Downloads\Capstone Project System\Capstone_MateryalPH\packages\api-contract\generated\dart\doc\CheckoutPreviewRequest.md
[main] [34mINFO [0;39m o.o.codegen.TemplateManager - writing file C:\Users\RJ\Downloads\Capstone Project System\Capstone_MateryalPH\packages\api-contract\generated\dart\lib\src\model\checkout_preview_summary.dart
[main] [34mINFO [0;39m o.o.codegen.TemplateManager - writing file C:\Users\RJ\Downloads\Capstone Project System\Capstone_MateryalPH\packages\api-contract\generated\dart\test\checkout_preview_summary_test.dart
[main] [34mINFO [0;39m o.o.codegen.TemplateManager - writing file C:\Users\RJ\Downloads\Capstone Project System\Capstone_MateryalPH\packages\api-contract\generated\dart\doc\CheckoutPreviewSummary.md
[main] [34mINFO [0;39m o.o.codegen.TemplateManager - writing file C:\Users\RJ\Downloads\Capstone Project System\Capstone_MateryalPH\packages\api-contract\generated\dart\lib\src\model\checkout_submission.dart
[main] [34mINFO [0;39m o.o.codegen.TemplateManager - writing file C:\Users\RJ\Downloads\Capstone Project System\Capstone_MateryalPH\packages\api-contract\generated\dart\test\checkout_submission_test.dart
[main] [34mINFO [0;39m o.o.codegen.TemplateManager - writing file C:\Users\RJ\Downloads\Capstone Project System\Capstone_MateryalPH\packages\api-contract\generated\dart\doc\CheckoutSubmission.md
[main] [34mINFO [0;39m o.o.codegen.TemplateManager - writing file C:\Users\RJ\Downloads\Capstone Project System\Capstone_MateryalPH\packages\api-contract\generated\dart\lib\src\model\checkout_submission_envelope.dart
[main] [34mINFO [0;39m o.o.codegen.TemplateManager - writing file C:\Users\RJ\Downloads\Capstone Project System\Capstone_MateryalPH\packages\api-contract\generated\dart\test\checkout_submission_envelope_test.dart
[main] [34mINFO [0;39m o.o.codegen.TemplateManager - writing file C:\Users\RJ\Downloads\Capstone Project System\Capstone_MateryalPH\packages\api-contract\generated\dart\doc\CheckoutSubmissionEnvelope.md
[main] [34mINFO [0;39m o.o.codegen.TemplateManager - writing file C:\Users\RJ\Downloads\Capstone Project System\Capstone_MateryalPH\packages\api-contract\generated\dart\lib\src\model\checkout_submit_request.dart
[main] [34mINFO [0;39m o.o.codegen.TemplateManager - writing file C:\Users\RJ\Downloads\Capstone Project System\Capstone_MateryalPH\packages\api-contract\generated\dart\test\checkout_submit_request_test.dart
[main] [34mINFO [0;39m o.o.codegen.TemplateManager - writing file C:\Users\RJ\Downloads\Capstone Project System\Capstone_MateryalPH\packages\api-contract\generated\dart\doc\CheckoutSubmitRequest.md
[main] [34mINFO [0;39m o.o.codegen.TemplateManager - writing file C:\Users\RJ\Downloads\Capstone Project System\Capstone_MateryalPH\packages\api-contract\generated\dart\lib\src\model\checkout_vendor_ref.dart
[main] [34mINFO [0;39m o.o.codegen.TemplateManager - writing file C:\Users\RJ\Downloads\Capstone Project System\Capstone_MateryalPH\packages\api-contract\generated\dart\test\checkout_vendor_ref_test.dart
[main] [34mINFO [0;39m o.o.codegen.TemplateManager - writing file C:\Users\RJ\Downloads\Capstone Project System\Capstone_MateryalPH\packages\api-contract\generated\dart\doc\CheckoutVendorRef.md
[main] [34mINFO [0;39m o.o.codegen.TemplateManager - writing file C:\Users\RJ\Downloads\Capstone Project System\Capstone_MateryalPH\packages\api-contract\generated\dart\lib\src\model\comparable_group_create.dart
[main] [34mINFO [0;39m o.o.codegen.TemplateManager - writing file C:\Users\RJ\Downloads\Capstone Project System\Capstone_MateryalPH\packages\api-contract\generated\dart\test\comparable_group_create_test.dart
[main] [34mINFO [0;39m o.o.codegen.TemplateManager - writing file C:\Users\RJ\Downloads\Capstone Project System\Capstone_MateryalPH\packages\api-contract\generated\dart\doc\ComparableGroupCreate.md
[main] [34mINFO [0;39m o.o.codegen.TemplateManager - writing file C:\Users\RJ\Downloads\Capstone Project System\Capstone_MateryalPH\packages\api-contract\generated\dart\lib\src\model\comparable_group_envelope.dart
[main] [34mINFO [0;39m o.o.codegen.TemplateManager - writing file C:\Users\RJ\Downloads\Capstone Project System\Capstone_MateryalPH\packages\api-contract\generated\dart\test\comparable_group_envelope_test.dart
[main] [34mINFO [0;39m o.o.codegen.TemplateManager - writing file C:\Users\RJ\Downloads\Capstone Project System\Capstone_MateryalPH\packages\api-contract\generated\dart\doc\ComparableGroupEnvelope.md
[main] [34mINFO [0;39m o.o.codegen.TemplateManager - writing file C:\Users\RJ\Downloads\Capstone Project System\Capstone_MateryalPH\packages\api-contract\generated\dart\lib\src\model\comparable_group_envelope_data.dart
[main] [34mINFO [0;39m o.o.codegen.TemplateManager - writing file C:\Users\RJ\Downloads\Capstone Project System\Capstone_MateryalPH\packages\api-contract\generated\dart\test\comparable_group_envelope_data_test.dart
[main] [34mINFO [0;39m o.o.codegen.TemplateManager - writing file C:\Users\RJ\Downloads\Capstone Project System\Capstone_MateryalPH\packages\api-contract\generated\dart\doc\ComparableGroupEnvelopeData.md
[main] [34mINFO [0;39m o.o.codegen.TemplateManager - writing file C:\Users\RJ\Downloads\Capstone Project System\Capstone_MateryalPH\packages\api-contract\generated\dart\lib\src\model\comparable_status.dart
[main] [34mINFO [0;39m o.o.codegen.TemplateManager - writing file C:\Users\RJ\Downloads\Capstone Project System\Capstone_MateryalPH\packages\api-contract\generated\dart\test\comparable_status_test.dart
[main] [34mINFO [0;39m o.o.codegen.TemplateManager - writing file C:\Users\RJ\Downloads\Capstone Project System\Capstone_MateryalPH\packages\api-contract\generated\dart\doc\ComparableStatus.md
[main] [34mINFO [0;39m o.o.codegen.TemplateManager - writing file C:\Users\RJ\Downloads\Capstone Project System\Capstone_MateryalPH\packages\api-contract\generated\dart\lib\src\model\compliance_evidence.dart
[main] [34mINFO [0;39m o.o.codegen.TemplateManager - writing file C:\Users\RJ\Downloads\Capstone Project System\Capstone_MateryalPH\packages\api-contract\generated\dart\test\compliance_evidence_test.dart
[main] [34mINFO [0;39m o.o.codegen.TemplateManager - writing file C:\Users\RJ\Downloads\Capstone Project System\Capstone_MateryalPH\packages\api-contract\generated\dart\doc\ComplianceEvidence.md
[main] [34mINFO [0;39m o.o.codegen.TemplateManager - writing file C:\Users\RJ\Downloads\Capstone Project System\Capstone_MateryalPH\packages\api-contract\generated\dart\lib\src\model\compliance_evidence_envelope.dart
[main] [34mINFO [0;39m o.o.codegen.TemplateManager - writing file C:\Users\RJ\Downloads\Capstone Project System\Capstone_MateryalPH\packages\api-contract\generated\dart\test\compliance_evidence_envelope_test.dart
[main] [34mINFO [0;39m o.o.codegen.TemplateManager - writing file C:\Users\RJ\Downloads\Capstone Project System\Capstone_MateryalPH\packages\api-contract\generated\dart\doc\ComplianceEvidenceEnvelope.md
[main] [34mINFO [0;39m o.o.codegen.TemplateManager - writing file C:\Users\RJ\Downloads\Capstone Project System\Capstone_MateryalPH\packages\api-contract\generated\dart\lib\src\model\compliance_extraction.dart
[main] [34mINFO [0;39m o.o.codegen.TemplateManager - writing file C:\Users\RJ\Downloads\Capstone Project System\Capstone_MateryalPH\packages\api-contract\generated\dart\test\compliance_extraction_test.dart
[main] [34mINFO [0;39m o.o.codegen.TemplateManager - writing file C:\Users\RJ\Downloads\Capstone Project System\Capstone_MateryalPH\packages\api-contract\generated\dart\doc\ComplianceExtraction.md
[main] [34mINFO [0;39m o.o.codegen.TemplateManager - skipping unchanged file C:\Users\RJ\Downloads\Capstone Project System\Capstone_MateryalPH\packages\api-contract\generated\dart\lib\src\model\compliance_path.dart
[main] [34mINFO [0;39m o.o.codegen.TemplateManager - writing file C:\Users\RJ\Downloads\Capstone Project System\Capstone_MateryalPH\packages\api-contract\generated\dart\test\compliance_path_test.dart
[main] [34mINFO [0;39m o.o.codegen.TemplateManager - skipping unchanged file C:\Users\RJ\Downloads\Capstone Project System\Capstone_MateryalPH\packages\api-contract\generated\dart\doc\CompliancePath.md
[main] [34mINFO [0;39m o.o.codegen.TemplateManager - skipping unchanged file C:\Users\RJ\Downloads\Capstone Project System\Capstone_MateryalPH\packages\api-contract\generated\dart\lib\src\model\compliance_reference_result.dart
[main] [34mINFO [0;39m o.o.codegen.TemplateManager - writing file C:\Users\RJ\Downloads\Capstone Project System\Capstone_MateryalPH\packages\api-contract\generated\dart\test\compliance_reference_result_test.dart
[main] [34mINFO [0;39m o.o.codegen.TemplateManager - skipping unchanged file C:\Users\RJ\Downloads\Capstone Project System\Capstone_MateryalPH\packages\api-contract\generated\dart\doc\ComplianceReferenceResult.md
[main] [34mINFO [0;39m o.o.codegen.TemplateManager - writing file C:\Users\RJ\Downloads\Capstone Project System\Capstone_MateryalPH\packages\api-contract\generated\dart\lib\src\model\compliance_register.dart
[main] [34mINFO [0;39m o.o.codegen.TemplateManager - writing file C:\Users\RJ\Downloads\Capstone Project System\Capstone_MateryalPH\packages\api-contract\generated\dart\test\compliance_register_test.dart
[main] [34mINFO [0;39m o.o.codegen.TemplateManager - writing file C:\Users\RJ\Downloads\Capstone Project System\Capstone_MateryalPH\packages\api-contract\generated\dart\doc\ComplianceRegister.md
[main] [34mINFO [0;39m o.o.codegen.TemplateManager - writing file C:\Users\RJ\Downloads\Capstone Project System\Capstone_MateryalPH\packages\api-contract\generated\dart\lib\src\model\compliance_register_envelope.dart
[main] [34mINFO [0;39m o.o.codegen.TemplateManager - writing file C:\Users\RJ\Downloads\Capstone Project System\Capstone_MateryalPH\packages\api-contract\generated\dart\test\compliance_register_envelope_test.dart
[main] [34mINFO [0;39m o.o.codegen.TemplateManager - writing file C:\Users\RJ\Downloads\Capstone Project System\Capstone_MateryalPH\packages\api-contract\generated\dart\doc\ComplianceRegisterEnvelope.md
[main] [34mINFO [0;39m o.o.codegen.TemplateManager - writing file C:\Users\RJ\Downloads\Capstone Project System\Capstone_MateryalPH\packages\api-contract\generated\dart\lib\src\model\compliance_register_list_envelope.dart
[main] [34mINFO [0;39m o.o.codegen.TemplateManager - writing file C:\Users\RJ\Downloads\Capstone Project System\Capstone_MateryalPH\packages\api-contract\generated\dart\test\compliance_register_list_envelope_test.dart
[main] [34mINFO [0;39m o.o.codegen.TemplateManager - writing file C:\Users\RJ\Downloads\Capstone Project System\Capstone_MateryalPH\packages\api-contract\generated\dart\doc\ComplianceRegisterListEnvelope.md
[main] [34mINFO [0;39m o.o.codegen.TemplateManager - writing file C:\Users\RJ\Downloads\Capstone Project System\Capstone_MateryalPH\packages\api-contract\generated\dart\lib\src\model\compliance_review_summary.dart
[main] [34mINFO [0;39m o.o.codegen.TemplateManager - writing file C:\Users\RJ\Downloads\Capstone Project System\Capstone_MateryalPH\packages\api-contract\generated\dart\test\compliance_review_summary_test.dart
[main] [34mINFO [0;39m o.o.codegen.TemplateManager - writing file C:\Users\RJ\Downloads\Capstone Project System\Capstone_MateryalPH\packages\api-contract\generated\dart\doc\ComplianceReviewSummary.md
[main] [34mINFO [0;39m o.o.codegen.TemplateManager - writing file C:\Users\RJ\Downloads\Capstone Project System\Capstone_MateryalPH\packages\api-contract\generated\dart\lib\src\model\compliance_submission.dart
[main] [34mINFO [0;39m o.o.codegen.TemplateManager - writing file C:\Users\RJ\Downloads\Capstone Project System\Capstone_MateryalPH\packages\api-contract\generated\dart\test\compliance_submission_test.dart
[main] [34mINFO [0;39m o.o.codegen.TemplateManager - writing file C:\Users\RJ\Downloads\Capstone Project System\Capstone_MateryalPH\packages\api-contract\generated\dart\doc\ComplianceSubmission.md
[main] [34mINFO [0;39m o.o.codegen.TemplateManager - writing file C:\Users\RJ\Downloads\Capstone Project System\Capstone_MateryalPH\packages\api-contract\generated\dart\lib\src\model\compliance_submission_summary.dart
[main] [34mINFO [0;39m o.o.codegen.TemplateManager - writing file C:\Users\RJ\Downloads\Capstone Project System\Capstone_MateryalPH\packages\api-contract\generated\dart\test\compliance_submission_summary_test.dart
[main] [34mINFO [0;39m o.o.codegen.TemplateManager - writing file C:\Users\RJ\Downloads\Capstone Project System\Capstone_MateryalPH\packages\api-contract\generated\dart\doc\ComplianceSubmissionSummary.md
[main] [34mINFO [0;39m o.o.codegen.TemplateManager - writing file C:\Users\RJ\Downloads\Capstone Project System\Capstone_MateryalPH\packages\api-contract\generated\dart\lib\src\model\conversation_detail.dart
[main] [34mINFO [0;39m o.o.codegen.TemplateManager - writing file C:\Users\RJ\Downloads\Capstone Project System\Capstone_MateryalPH\packages\api-contract\generated\dart\test\conversation_detail_test.dart
[main] [34mINFO [0;39m o.o.codegen.TemplateManager - writing file C:\Users\RJ\Downloads\Capstone Project System\Capstone_MateryalPH\packages\api-contract\generated\dart\doc\ConversationDetail.md
[main] [34mINFO [0;39m o.o.codegen.TemplateManager - writing file C:\Users\RJ\Downloads\Capstone Project System\Capstone_MateryalPH\packages\api-contract\generated\dart\lib\src\model\conversation_detail_response.dart
[main] [34mINFO [0;39m o.o.codegen.TemplateManager - writing file C:\Users\RJ\Downloads\Capstone Project System\Capstone_MateryalPH\packages\api-contract\generated\dart\test\conversation_detail_response_test.dart
[main] [34mINFO [0;39m o.o.codegen.TemplateManager - writing file C:\Users\RJ\Downloads\Capstone Project System\Capstone_MateryalPH\packages\api-contract\generated\dart\doc\ConversationDetailResponse.md
[main] [34mINFO [0;39m o.o.codegen.TemplateManager - writing file C:\Users\RJ\Downloads\Capstone Project System\Capstone_MateryalPH\packages\api-contract\generated\dart\lib\src\model\conversation_page.dart
[main] [34mINFO [0;39m o.o.codegen.TemplateManager - writing file C:\Users\RJ\Downloads\Capstone Project System\Capstone_MateryalPH\packages\api-contract\generated\dart\test\conversation_page_test.dart
[main] [34mINFO [0;39m o.o.codegen.TemplateManager - writing file C:\Users\RJ\Downloads\Capstone Project System\Capstone_MateryalPH\packages\api-contract\generated\dart\doc\ConversationPage.md
[main] [34mINFO [0;39m o.o.codegen.TemplateManager - writing file C:\Users\RJ\Downloads\Capstone Project System\Capstone_MateryalPH\packages\api-contract\generated\dart\lib\src\model\conversation_page_response.dart
[main] [34mINFO [0;39m o.o.codegen.TemplateManager - writing file C:\Users\RJ\Downloads\Capstone Project System\Capstone_MateryalPH\packages\api-contract\generated\dart\test\conversation_page_response_test.dart
[main] [34mINFO [0;39m o.o.codegen.TemplateManager - writing file C:\Users\RJ\Downloads\Capstone Project System\Capstone_MateryalPH\packages\api-contract\generated\dart\doc\ConversationPageResponse.md
[main] [34mINFO [0;39m o.o.codegen.TemplateManager - writing file C:\Users\RJ\Downloads\Capstone Project System\Capstone_MateryalPH\packages\api-contract\generated\dart\lib\src\model\conversation_view.dart
[main] [34mINFO [0;39m o.o.codegen.TemplateManager - writing file C:\Users\RJ\Downloads\Capstone Project System\Capstone_MateryalPH\packages\api-contract\generated\dart\test\conversation_view_test.dart
[main] [34mINFO [0;39m o.o.codegen.TemplateManager - writing file C:\Users\RJ\Downloads\Capstone Project System\Capstone_MateryalPH\packages\api-contract\generated\dart\doc\ConversationView.md
[main] [34mINFO [0;39m o.o.codegen.TemplateManager - writing file C:\Users\RJ\Downloads\Capstone Project System\Capstone_MateryalPH\packages\api-contract\generated\dart\lib\src\model\csrf_envelope.dart
[main] [34mINFO [0;39m o.o.codegen.TemplateManager - writing file C:\Users\RJ\Downloads\Capstone Project System\Capstone_MateryalPH\packages\api-contract\generated\dart\test\csrf_envelope_test.dart
[main] [34mINFO [0;39m o.o.codegen.TemplateManager - writing file C:\Users\RJ\Downloads\Capstone Project System\Capstone_MateryalPH\packages\api-contract\generated\dart\doc\CsrfEnvelope.md
[main] [34mINFO [0;39m o.o.codegen.TemplateManager - writing file C:\Users\RJ\Downloads\Capstone Project System\Capstone_MateryalPH\packages\api-contract\generated\dart\lib\src\model\csrf_envelope_all_of_data.dart
[main] [34mINFO [0;39m o.o.codegen.TemplateManager - writing file C:\Users\RJ\Downloads\Capstone Project System\Capstone_MateryalPH\packages\api-contract\generated\dart\test\csrf_envelope_all_of_data_test.dart
[main] [34mINFO [0;39m o.o.codegen.TemplateManager - writing file C:\Users\RJ\Downloads\Capstone Project System\Capstone_MateryalPH\packages\api-contract\generated\dart\doc\CsrfEnvelopeAllOfData.md
[main] [34mINFO [0;39m o.o.codegen.TemplateManager - writing file C:\Users\RJ\Downloads\Capstone Project System\Capstone_MateryalPH\packages\api-contract\generated\dart\lib\src\model\dataset_label.dart
[main] [34mINFO [0;39m o.o.codegen.TemplateManager - writing file C:\Users\RJ\Downloads\Capstone Project System\Capstone_MateryalPH\packages\api-contract\generated\dart\test\dataset_label_test.dart
[main] [34mINFO [0;39m o.o.codegen.TemplateManager - writing file C:\Users\RJ\Downloads\Capstone Project System\Capstone_MateryalPH\packages\api-contract\generated\dart\doc\DatasetLabel.md
[main] [34mINFO [0;39m o.o.codegen.TemplateManager - writing file C:\Users\RJ\Downloads\Capstone Project System\Capstone_MateryalPH\packages\api-contract\generated\dart\lib\src\model\delivery_amount.dart
[main] [34mINFO [0;39m o.o.codegen.TemplateManager - writing file C:\Users\RJ\Downloads\Capstone Project System\Capstone_MateryalPH\packages\api-contract\generated\dart\test\delivery_amount_test.dart
[main] [34mINFO [0;39m o.o.codegen.TemplateManager - writing file C:\Users\RJ\Downloads\Capstone Project System\Capstone_MateryalPH\packages\api-contract\generated\dart\doc\DeliveryAmount.md
[main] [34mINFO [0;39m o.o.codegen.TemplateManager - writing file C:\Users\RJ\Downloads\Capstone Project System\Capstone_MateryalPH\packages\api-contract\generated\dart\lib\src\model\delivery_confirmation.dart
[main] [34mINFO [0;39m o.o.codegen.TemplateManager - writing file C:\Users\RJ\Downloads\Capstone Project System\Capstone_MateryalPH\packages\api-contract\generated\dart\test\delivery_confirmation_test.dart
[main] [34mINFO [0;39m o.o.codegen.TemplateManager - writing file C:\Users\RJ\Downloads\Capstone Project System\Capstone_MateryalPH\packages\api-contract\generated\dart\doc\DeliveryConfirmation.md
[main] [34mINFO [0;39m o.o.codegen.TemplateManager - writing file C:\Users\RJ\Downloads\Capstone Project System\Capstone_MateryalPH\packages\api-contract\generated\dart\lib\src\model\delivery_estimate.dart
[main] [34mINFO [0;39m o.o.codegen.TemplateManager - writing file C:\Users\RJ\Downloads\Capstone Project System\Capstone_MateryalPH\packages\api-contract\generated\dart\test\delivery_estimate_test.dart
[main] [34mINFO [0;39m o.o.codegen.TemplateManager - writing file C:\Users\RJ\Downloads\Capstone Project System\Capstone_MateryalPH\packages\api-contract\generated\dart\doc\DeliveryEstimate.md
[main] [34mINFO [0;39m o.o.codegen.TemplateManager - writing file C:\Users\RJ\Downloads\Capstone Project System\Capstone_MateryalPH\packages\api-contract\generated\dart\lib\src\model\delivery_estimate_option.dart
[main] [34mINFO [0;39m o.o.codegen.TemplateManager - writing file C:\Users\RJ\Downloads\Capstone Project System\Capstone_MateryalPH\packages\api-contract\generated\dart\test\delivery_estimate_option_test.dart
[main] [34mINFO [0;39m o.o.codegen.TemplateManager - writing file C:\Users\RJ\Downloads\Capstone Project System\Capstone_MateryalPH\packages\api-contract\generated\dart\doc\DeliveryEstimateOption.md
[main] [34mINFO [0;39m o.o.codegen.TemplateManager - writing file C:\Users\RJ\Downloads\Capstone Project System\Capstone_MateryalPH\packages\api-contract\generated\dart\lib\src\model\delivery_plan.dart
[main] [34mINFO [0;39m o.o.codegen.TemplateManager - writing file C:\Users\RJ\Downloads\Capstone Project System\Capstone_MateryalPH\packages\api-contract\generated\dart\test\delivery_plan_test.dart
[main] [34mINFO [0;39m o.o.codegen.TemplateManager - writing file C:\Users\RJ\Downloads\Capstone Project System\Capstone_MateryalPH\packages\api-contract\generated\dart\doc\DeliveryPlan.md
[main] [34mINFO [0;39m o.o.codegen.TemplateManager - writing file C:\Users\RJ\Downloads\Capstone Project System\Capstone_MateryalPH\packages\api-contract\generated\dart\lib\src\model\delivery_plan_endpoint.dart
[main] [34mINFO [0;39m o.o.codegen.TemplateManager - writing file C:\Users\RJ\Downloads\Capstone Project System\Capstone_MateryalPH\packages\api-contract\generated\dart\test\delivery_plan_endpoint_test.dart
[main] [34mINFO [0;39m o.o.codegen.TemplateManager - writing file C:\Users\RJ\Downloads\Capstone Project System\Capstone_MateryalPH\packages\api-contract\generated\dart\doc\DeliveryPlanEndpoint.md
[main] [34mINFO [0;39m o.o.codegen.TemplateManager - writing file C:\Users\RJ\Downloads\Capstone Project System\Capstone_MateryalPH\packages\api-contract\generated\dart\lib\src\model\delivery_plan_envelope.dart
[main] [34mINFO [0;39m o.o.codegen.TemplateManager - writing file C:\Users\RJ\Downloads\Capstone Project System\Capstone_MateryalPH\packages\api-contract\generated\dart\test\delivery_plan_envelope_test.dart
[main] [34mINFO [0;39m o.o.codegen.TemplateManager - writing file C:\Users\RJ\Downloads\Capstone Project System\Capstone_MateryalPH\packages\api-contract\generated\dart\doc\DeliveryPlanEnvelope.md
[main] [34mINFO [0;39m o.o.codegen.TemplateManager - writing file C:\Users\RJ\Downloads\Capstone Project System\Capstone_MateryalPH\packages\api-contract\generated\dart\lib\src\model\delivery_plan_formula.dart
[main] [34mINFO [0;39m o.o.codegen.TemplateManager - writing file C:\Users\RJ\Downloads\Capstone Project System\Capstone_MateryalPH\packages\api-contract\generated\dart\test\delivery_plan_formula_test.dart
[main] [34mINFO [0;39m o.o.codegen.TemplateManager - writing file C:\Users\RJ\Downloads\Capstone Project System\Capstone_MateryalPH\packages\api-contract\generated\dart\doc\DeliveryPlanFormula.md
[main] [34mINFO [0;39m o.o.codegen.TemplateManager - writing file C:\Users\RJ\Downloads\Capstone Project System\Capstone_MateryalPH\packages\api-contract\generated\dart\lib\src\model\delivery_plan_group.dart
[main] [34mINFO [0;39m o.o.codegen.TemplateManager - writing file C:\Users\RJ\Downloads\Capstone Project System\Capstone_MateryalPH\packages\api-contract\generated\dart\test\delivery_plan_group_test.dart
[main] [34mINFO [0;39m o.o.codegen.TemplateManager - writing file C:\Users\RJ\Downloads\Capstone Project System\Capstone_MateryalPH\packages\api-contract\generated\dart\doc\DeliveryPlanGroup.md
[main] [34mINFO [0;39m o.o.codegen.TemplateManager - writing file C:\Users\RJ\Downloads\Capstone Project System\Capstone_MateryalPH\packages\api-contract\generated\dart\lib\src\model\delivery_plan_request.dart
[main] [34mINFO [0;39m o.o.codegen.TemplateManager - writing file C:\Users\RJ\Downloads\Capstone Project System\Capstone_MateryalPH\packages\api-contract\generated\dart\test\delivery_plan_request_test.dart
[main] [34mINFO [0;39m o.o.codegen.TemplateManager - writing file C:\Users\RJ\Downloads\Capstone Project System\Capstone_MateryalPH\packages\api-contract\generated\dart\doc\DeliveryPlanRequest.md
[main] [34mINFO [0;39m o.o.codegen.TemplateManager - writing file C:\Users\RJ\Downloads\Capstone Project System\Capstone_MateryalPH\packages\api-contract\generated\dart\lib\src\model\delivery_plan_route.dart
[main] [34mINFO [0;39m o.o.codegen.TemplateManager - writing file C:\Users\RJ\Downloads\Capstone Project System\Capstone_MateryalPH\packages\api-contract\generated\dart\test\delivery_plan_route_test.dart
[main] [34mINFO [0;39m o.o.codegen.TemplateManager - writing file C:\Users\RJ\Downloads\Capstone Project System\Capstone_MateryalPH\packages\api-contract\generated\dart\doc\DeliveryPlanRoute.md
[main] [34mINFO [0;39m o.o.codegen.TemplateManager - writing file C:\Users\RJ\Downloads\Capstone Project System\Capstone_MateryalPH\packages\api-contract\generated\dart\lib\src\model\delivery_plan_vehicle.dart
[main] [34mINFO [0;39m o.o.codegen.TemplateManager - writing file C:\Users\RJ\Downloads\Capstone Project System\Capstone_MateryalPH\packages\api-contract\generated\dart\test\delivery_plan_vehicle_test.dart
[main] [34mINFO [0;39m o.o.codegen.TemplateManager - writing file C:\Users\RJ\Downloads\Capstone Project System\Capstone_MateryalPH\packages\api-contract\generated\dart\doc\DeliveryPlanVehicle.md
[main] [34mINFO [0;39m o.o.codegen.TemplateManager - writing file C:\Users\RJ\Downloads\Capstone Project System\Capstone_MateryalPH\packages\api-contract\generated\dart\lib\src\model\delivery_preview.dart
[main] [34mINFO [0;39m o.o.codegen.TemplateManager - writing file C:\Users\RJ\Downloads\Capstone Project System\Capstone_MateryalPH\packages\api-contract\generated\dart\test\delivery_preview_test.dart
[main] [34mINFO [0;39m o.o.codegen.TemplateManager - writing file C:\Users\RJ\Downloads\Capstone Project System\Capstone_MateryalPH\packages\api-contract\generated\dart\doc\DeliveryPreview.md
[main] [34mINFO [0;39m o.o.codegen.TemplateManager - writing file C:\Users\RJ\Downloads\Capstone Project System\Capstone_MateryalPH\packages\api-contract\generated\dart\lib\src\model\delivery_route.dart
[main] [34mINFO [0;39m o.o.codegen.TemplateManager - writing file C:\Users\RJ\Downloads\Capstone Project System\Capstone_MateryalPH\packages\api-contract\generated\dart\test\delivery_route_test.dart
[main] [34mINFO [0;39m o.o.codegen.TemplateManager - writing file C:\Users\RJ\Downloads\Capstone Project System\Capstone_MateryalPH\packages\api-contract\generated\dart\doc\DeliveryRoute.md
[main] [34mINFO [0;39m o.o.codegen.TemplateManager - writing file C:\Users\RJ\Downloads\Capstone Project System\Capstone_MateryalPH\packages\api-contract\generated\dart\lib\src\model\delivery_vehicle_selection.dart
[main] [34mINFO [0;39m o.o.codegen.TemplateManager - writing file C:\Users\RJ\Downloads\Capstone Project System\Capstone_MateryalPH\packages\api-contract\generated\dart\test\delivery_vehicle_selection_test.dart
[main] [34mINFO [0;39m o.o.codegen.TemplateManager - writing file C:\Users\RJ\Downloads\Capstone Project System\Capstone_MateryalPH\packages\api-contract\generated\dart\doc\DeliveryVehicleSelection.md
[main] [34mINFO [0;39m o.o.codegen.TemplateManager - writing file C:\Users\RJ\Downloads\Capstone Project System\Capstone_MateryalPH\packages\api-contract\generated\dart\lib\src\model\directory_availability.dart
[main] [34mINFO [0;39m o.o.codegen.TemplateManager - writing file C:\Users\RJ\Downloads\Capstone Project System\Capstone_MateryalPH\packages\api-contract\generated\dart\test\directory_availability_test.dart
[main] [34mINFO [0;39m o.o.codegen.TemplateManager - writing file C:\Users\RJ\Downloads\Capstone Project System\Capstone_MateryalPH\packages\api-contract\generated\dart\doc\DirectoryAvailability.md
[main] [34mINFO [0;39m o.o.codegen.TemplateManager - writing file C:\Users\RJ\Downloads\Capstone Project System\Capstone_MateryalPH\packages\api-contract\generated\dart\lib\src\model\directory_supplier_detail.dart
[main] [34mINFO [0;39m o.o.codegen.TemplateManager - writing file C:\Users\RJ\Downloads\Capstone Project System\Capstone_MateryalPH\packages\api-contract\generated\dart\test\directory_supplier_detail_test.dart
[main] [34mINFO [0;39m o.o.codegen.TemplateManager - writing file C:\Users\RJ\Downloads\Capstone Project System\Capstone_MateryalPH\packages\api-contract\generated\dart\doc\DirectorySupplierDetail.md
[main] [34mINFO [0;39m o.o.codegen.TemplateManager - writing file C:\Users\RJ\Downloads\Capstone Project System\Capstone_MateryalPH\packages\api-contract\generated\dart\lib\src\model\directory_supplier_detail_envelope.dart
[main] [34mINFO [0;39m o.o.codegen.TemplateManager - writing file C:\Users\RJ\Downloads\Capstone Project System\Capstone_MateryalPH\packages\api-contract\generated\dart\test\directory_supplier_detail_envelope_test.dart
[main] [34mINFO [0;39m o.o.codegen.TemplateManager - writing file C:\Users\RJ\Downloads\Capstone Project System\Capstone_MateryalPH\packages\api-contract\generated\dart\doc\DirectorySupplierDetailEnvelope.md
[main] [34mINFO [0;39m o.o.codegen.TemplateManager - writing file C:\Users\RJ\Downloads\Capstone Project System\Capstone_MateryalPH\packages\api-contract\generated\dart\lib\src\model\directory_supplier_photo.dart
[main] [34mINFO [0;39m o.o.codegen.TemplateManager - writing file C:\Users\RJ\Downloads\Capstone Project System\Capstone_MateryalPH\packages\api-contract\generated\dart\test\directory_supplier_photo_test.dart
[main] [34mINFO [0;39m o.o.codegen.TemplateManager - writing file C:\Users\RJ\Downloads\Capstone Project System\Capstone_MateryalPH\packages\api-contract\generated\dart\doc\DirectorySupplierPhoto.md
[main] [34mINFO [0;39m o.o.codegen.TemplateManager - writing file C:\Users\RJ\Downloads\Capstone Project System\Capstone_MateryalPH\packages\api-contract\generated\dart\lib\src\model\directory_supplier_photo_envelope.dart
[main] [34mINFO [0;39m o.o.codegen.TemplateManager - writing file C:\Users\RJ\Downloads\Capstone Project System\Capstone_MateryalPH\packages\api-contract\generated\dart\test\directory_supplier_photo_envelope_test.dart
[main] [34mINFO [0;39m o.o.codegen.TemplateManager - writing file C:\Users\RJ\Downloads\Capstone Project System\Capstone_MateryalPH\packages\api-contract\generated\dart\doc\DirectorySupplierPhotoEnvelope.md
[main] [34mINFO [0;39m o.o.codegen.TemplateManager - writing file C:\Users\RJ\Downloads\Capstone Project System\Capstone_MateryalPH\packages\api-contract\generated\dart\lib\src\model\directory_supplier_summary.dart
[main] [34mINFO [0;39m o.o.codegen.TemplateManager - writing file C:\Users\RJ\Downloads\Capstone Project System\Capstone_MateryalPH\packages\api-contract\generated\dart\test\directory_supplier_summary_test.dart
[main] [34mINFO [0;39m o.o.codegen.TemplateManager - writing file C:\Users\RJ\Downloads\Capstone Project System\Capstone_MateryalPH\packages\api-contract\generated\dart\doc\DirectorySupplierSummary.md
[main] [34mINFO [0;39m o.o.codegen.TemplateManager - writing file C:\Users\RJ\Downloads\Capstone Project System\Capstone_MateryalPH\packages\api-contract\generated\dart\lib\src\model\discovery_counts.dart
[main] [34mINFO [0;39m o.o.codegen.TemplateManager - writing file C:\Users\RJ\Downloads\Capstone Project System\Capstone_MateryalPH\packages\api-contract\generated\dart\test\discovery_counts_test.dart
[main] [34mINFO [0;39m o.o.codegen.TemplateManager - writing file C:\Users\RJ\Downloads\Capstone Project System\Capstone_MateryalPH\packages\api-contract\generated\dart\doc\DiscoveryCounts.md
[main] [34mINFO [0;39m o.o.codegen.TemplateManager - skipping unchanged file C:\Users\RJ\Downloads\Capstone Project System\Capstone_MateryalPH\packages\api-contract\generated\dart\lib\src\model\discovery_preferences.dart
[main] [34mINFO [0;39m o.o.codegen.TemplateManager - writing file C:\Users\RJ\Downloads\Capstone Project System\Capstone_MateryalPH\packages\api-contract\generated\dart\test\discovery_preferences_test.dart
[main] [34mINFO [0;39m o.o.codegen.TemplateManager - writing file C:\Users\RJ\Downloads\Capstone Project System\Capstone_MateryalPH\packages\api-contract\generated\dart\doc\DiscoveryPreferences.md
[main] [34mINFO [0;39m o.o.codegen.TemplateManager - writing file C:\Users\RJ\Downloads\Capstone Project System\Capstone_MateryalPH\packages\api-contract\generated\dart\lib\src\model\discovery_preferences_envelope.dart
[main] [34mINFO [0;39m o.o.codegen.TemplateManager - writing file C:\Users\RJ\Downloads\Capstone Project System\Capstone_MateryalPH\packages\api-contract\generated\dart\test\discovery_preferences_envelope_test.dart
[main] [34mINFO [0;39m o.o.codegen.TemplateManager - writing file C:\Users\RJ\Downloads\Capstone Project System\Capstone_MateryalPH\packages\api-contract\generated\dart\doc\DiscoveryPreferencesEnvelope.md
[main] [34mINFO [0;39m o.o.codegen.TemplateManager - writing file C:\Users\RJ\Downloads\Capstone Project System\Capstone_MateryalPH\packages\api-contract\generated\dart\lib\src\model\discovery_scope.dart
[main] [34mINFO [0;39m o.o.codegen.TemplateManager - writing file C:\Users\RJ\Downloads\Capstone Project System\Capstone_MateryalPH\packages\api-contract\generated\dart\test\discovery_scope_test.dart
[main] [34mINFO [0;39m o.o.codegen.TemplateManager - writing file C:\Users\RJ\Downloads\Capstone Project System\Capstone_MateryalPH\packages\api-contract\generated\dart\doc\DiscoveryScope.md
[main] [34mINFO [0;39m o.o.codegen.TemplateManager - writing file C:\Users\RJ\Downloads\Capstone Project System\Capstone_MateryalPH\packages\api-contract\generated\dart\lib\src\model\discovery_search_envelope.dart
[main] [34mINFO [0;39m o.o.codegen.TemplateManager - writing file C:\Users\RJ\Downloads\Capstone Project System\Capstone_MateryalPH\packages\api-contract\generated\dart\test\discovery_search_envelope_test.dart
[main] [34mINFO [0;39m o.o.codegen.TemplateManager - writing file C:\Users\RJ\Downloads\Capstone Project System\Capstone_MateryalPH\packages\api-contract\generated\dart\doc\DiscoverySearchEnvelope.md
[main] [34mINFO [0;39m o.o.codegen.TemplateManager - writing file C:\Users\RJ\Downloads\Capstone Project System\Capstone_MateryalPH\packages\api-contract\generated\dart\lib\src\model\discovery_search_meta.dart
[main] [34mINFO [0;39m o.o.codegen.TemplateManager - writing file C:\Users\RJ\Downloads\Capstone Project System\Capstone_MateryalPH\packages\api-contract\generated\dart\test\discovery_search_meta_test.dart
[main] [34mINFO [0;39m o.o.codegen.TemplateManager - writing file C:\Users\RJ\Downloads\Capstone Project System\Capstone_MateryalPH\packages\api-contract\generated\dart\doc\DiscoverySearchMeta.md
[main] [34mINFO [0;39m o.o.codegen.TemplateManager - writing file C:\Users\RJ\Downloads\Capstone Project System\Capstone_MateryalPH\packages\api-contract\generated\dart\lib\src\model\discovery_search_request.dart
[main] [34mINFO [0;39m o.o.codegen.TemplateManager - writing file C:\Users\RJ\Downloads\Capstone Project System\Capstone_MateryalPH\packages\api-contract\generated\dart\test\discovery_search_request_test.dart
[main] [34mINFO [0;39m o.o.codegen.TemplateManager - writing file C:\Users\RJ\Downloads\Capstone Project System\Capstone_MateryalPH\packages\api-contract\generated\dart\doc\DiscoverySearchRequest.md
[main] [34mINFO [0;39m o.o.codegen.TemplateManager - writing file C:\Users\RJ\Downloads\Capstone Project System\Capstone_MateryalPH\packages\api-contract\generated\dart\lib\src\model\email_request.dart
[main] [34mINFO [0;39m o.o.codegen.TemplateManager - writing file C:\Users\RJ\Downloads\Capstone Project System\Capstone_MateryalPH\packages\api-contract\generated\dart\test\email_request_test.dart
[main] [34mINFO [0;39m o.o.codegen.TemplateManager - writing file C:\Users\RJ\Downloads\Capstone Project System\Capstone_MateryalPH\packages\api-contract\generated\dart\doc\EmailRequest.md
[main] [34mINFO [0;39m o.o.codegen.TemplateManager - writing file C:\Users\RJ\Downloads\Capstone Project System\Capstone_MateryalPH\packages\api-contract\generated\dart\lib\src\model\error_envelope.dart
[main] [34mINFO [0;39m o.o.codegen.TemplateManager - writing file C:\Users\RJ\Downloads\Capstone Project System\Capstone_MateryalPH\packages\api-contract\generated\dart\test\error_envelope_test.dart
[main] [34mINFO [0;39m o.o.codegen.TemplateManager - writing file C:\Users\RJ\Downloads\Capstone Project System\Capstone_MateryalPH\packages\api-contract\generated\dart\doc\ErrorEnvelope.md
[main] [34mINFO [0;39m o.o.codegen.TemplateManager - writing file C:\Users\RJ\Downloads\Capstone Project System\Capstone_MateryalPH\packages\api-contract\generated\dart\lib\src\model\explore_category_count.dart
[main] [34mINFO [0;39m o.o.codegen.TemplateManager - writing file C:\Users\RJ\Downloads\Capstone Project System\Capstone_MateryalPH\packages\api-contract\generated\dart\test\explore_category_count_test.dart
[main] [34mINFO [0;39m o.o.codegen.TemplateManager - writing file C:\Users\RJ\Downloads\Capstone Project System\Capstone_MateryalPH\packages\api-contract\generated\dart\doc\ExploreCategoryCount.md
[main] [34mINFO [0;39m o.o.codegen.TemplateManager - skipping unchanged file C:\Users\RJ\Downloads\Capstone Project System\Capstone_MateryalPH\packages\api-contract\generated\dart\lib\src\model\explore_counts.dart
[main] [34mINFO [0;39m o.o.codegen.TemplateManager - writing file C:\Users\RJ\Downloads\Capstone Project System\Capstone_MateryalPH\packages\api-contract\generated\dart\test\explore_counts_test.dart
[main] [34mINFO [0;39m o.o.codegen.TemplateManager - writing file C:\Users\RJ\Downloads\Capstone Project System\Capstone_MateryalPH\packages\api-contract\generated\dart\doc\ExploreCounts.md
[main] [34mINFO [0;39m o.o.codegen.TemplateManager - writing file C:\Users\RJ\Downloads\Capstone Project System\Capstone_MateryalPH\packages\api-contract\generated\dart\lib\src\model\explore_labels.dart
[main] [34mINFO [0;39m o.o.codegen.TemplateManager - writing file C:\Users\RJ\Downloads\Capstone Project System\Capstone_MateryalPH\packages\api-contract\generated\dart\test\explore_labels_test.dart
[main] [34mINFO [0;39m o.o.codegen.TemplateManager - writing file C:\Users\RJ\Downloads\Capstone Project System\Capstone_MateryalPH\packages\api-contract\generated\dart\doc\ExploreLabels.md
[main] [34mINFO [0;39m o.o.codegen.TemplateManager - writing file C:\Users\RJ\Downloads\Capstone Project System\Capstone_MateryalPH\packages\api-contract\generated\dart\lib\src\model\explore_summary.dart
[main] [34mINFO [0;39m o.o.codegen.TemplateManager - writing file C:\Users\RJ\Downloads\Capstone Project System\Capstone_MateryalPH\packages\api-contract\generated\dart\test\explore_summary_test.dart
[main] [34mINFO [0;39m o.o.codegen.TemplateManager - writing file C:\Users\RJ\Downloads\Capstone Project System\Capstone_MateryalPH\packages\api-contract\generated\dart\doc\ExploreSummary.md
[main] [34mINFO [0;39m o.o.codegen.TemplateManager - writing file C:\Users\RJ\Downloads\Capstone Project System\Capstone_MateryalPH\packages\api-contract\generated\dart\lib\src\model\explore_summary_envelope.dart
[main] [34mINFO [0;39m o.o.codegen.TemplateManager - writing file C:\Users\RJ\Downloads\Capstone Project System\Capstone_MateryalPH\packages\api-contract\generated\dart\test\explore_summary_envelope_test.dart
[main] [34mINFO [0;39m o.o.codegen.TemplateManager - writing file C:\Users\RJ\Downloads\Capstone Project System\Capstone_MateryalPH\packages\api-contract\generated\dart\doc\ExploreSummaryEnvelope.md
[main] [34mINFO [0;39m o.o.codegen.TemplateManager - writing file C:\Users\RJ\Downloads\Capstone Project System\Capstone_MateryalPH\packages\api-contract\generated\dart\lib\src\model\favorite_supplier.dart
[main] [34mINFO [0;39m o.o.codegen.TemplateManager - writing file C:\Users\RJ\Downloads\Capstone Project System\Capstone_MateryalPH\packages\api-contract\generated\dart\test\favorite_supplier_test.dart
[main] [34mINFO [0;39m o.o.codegen.TemplateManager - writing file C:\Users\RJ\Downloads\Capstone Project System\Capstone_MateryalPH\packages\api-contract\generated\dart\doc\FavoriteSupplier.md
[main] [34mINFO [0;39m o.o.codegen.TemplateManager - writing file C:\Users\RJ\Downloads\Capstone Project System\Capstone_MateryalPH\packages\api-contract\generated\dart\lib\src\model\favorite_supplier_list_envelope.dart
[main] [34mINFO [0;39m o.o.codegen.TemplateManager - writing file C:\Users\RJ\Downloads\Capstone Project System\Capstone_MateryalPH\packages\api-contract\generated\dart\test\favorite_supplier_list_envelope_test.dart
[main] [34mINFO [0;39m o.o.codegen.TemplateManager - writing file C:\Users\RJ\Downloads\Capstone Project System\Capstone_MateryalPH\packages\api-contract\generated\dart\doc\FavoriteSupplierListEnvelope.md
[main] [34mINFO [0;39m o.o.codegen.TemplateManager - writing file C:\Users\RJ\Downloads\Capstone Project System\Capstone_MateryalPH\packages\api-contract\generated\dart\lib\src\model\favorite_supplier_state.dart
[main] [34mINFO [0;39m o.o.codegen.TemplateManager - writing file C:\Users\RJ\Downloads\Capstone Project System\Capstone_MateryalPH\packages\api-contract\generated\dart\test\favorite_supplier_state_test.dart
[main] [34mINFO [0;39m o.o.codegen.TemplateManager - writing file C:\Users\RJ\Downloads\Capstone Project System\Capstone_MateryalPH\packages\api-contract\generated\dart\doc\FavoriteSupplierState.md
[main] [34mINFO [0;39m o.o.codegen.TemplateManager - writing file C:\Users\RJ\Downloads\Capstone Project System\Capstone_MateryalPH\packages\api-contract\generated\dart\lib\src\model\favorite_supplier_state_envelope.dart
[main] [34mINFO [0;39m o.o.codegen.TemplateManager - writing file C:\Users\RJ\Downloads\Capstone Project System\Capstone_MateryalPH\packages\api-contract\generated\dart\test\favorite_supplier_state_envelope_test.dart
[main] [34mINFO [0;39m o.o.codegen.TemplateManager - writing file C:\Users\RJ\Downloads\Capstone Project System\Capstone_MateryalPH\packages\api-contract\generated\dart\doc\FavoriteSupplierStateEnvelope.md
[main] [34mINFO [0;39m o.o.codegen.TemplateManager - writing file C:\Users\RJ\Downloads\Capstone Project System\Capstone_MateryalPH\packages\api-contract\generated\dart\lib\src\model\feature_availability.dart
[main] [34mINFO [0;39m o.o.codegen.TemplateManager - writing file C:\Users\RJ\Downloads\Capstone Project System\Capstone_MateryalPH\packages\api-contract\generated\dart\test\feature_availability_test.dart
[main] [34mINFO [0;39m o.o.codegen.TemplateManager - writing file C:\Users\RJ\Downloads\Capstone Project System\Capstone_MateryalPH\packages\api-contract\generated\dart\doc\FeatureAvailability.md
[main] [34mINFO [0;39m o.o.codegen.TemplateManager - writing file C:\Users\RJ\Downloads\Capstone Project System\Capstone_MateryalPH\packages\api-contract\generated\dart\lib\src\model\fee_assessment.dart
[main] [34mINFO [0;39m o.o.codegen.TemplateManager - writing file C:\Users\RJ\Downloads\Capstone Project System\Capstone_MateryalPH\packages\api-contract\generated\dart\test\fee_assessment_test.dart
[main] [34mINFO [0;39m o.o.codegen.TemplateManager - writing file C:\Users\RJ\Downloads\Capstone Project System\Capstone_MateryalPH\packages\api-contract\generated\dart\doc\FeeAssessment.md
[main] [34mINFO [0;39m o.o.codegen.TemplateManager - writing file C:\Users\RJ\Downloads\Capstone Project System\Capstone_MateryalPH\packages\api-contract\generated\dart\lib\src\model\financial_preview.dart
[main] [34mINFO [0;39m o.o.codegen.TemplateManager - writing file C:\Users\RJ\Downloads\Capstone Project System\Capstone_MateryalPH\packages\api-contract\generated\dart\test\financial_preview_test.dart
[main] [34mINFO [0;39m o.o.codegen.TemplateManager - writing file C:\Users\RJ\Downloads\Capstone Project System\Capstone_MateryalPH\packages\api-contract\generated\dart\doc\FinancialPreview.md
[main] [34mINFO [0;39m o.o.codegen.TemplateManager - writing file C:\Users\RJ\Downloads\Capstone Project System\Capstone_MateryalPH\packages\api-contract\generated\dart\lib\src\model\financial_preview_line.dart
[main] [34mINFO [0;39m o.o.codegen.TemplateManager - writing file C:\Users\RJ\Downloads\Capstone Project System\Capstone_MateryalPH\packages\api-contract\generated\dart\test\financial_preview_line_test.dart
[main] [34mINFO [0;39m o.o.codegen.TemplateManager - writing file C:\Users\RJ\Downloads\Capstone Project System\Capstone_MateryalPH\packages\api-contract\generated\dart\doc\FinancialPreviewLine.md
[main] [34mINFO [0;39m o.o.codegen.TemplateManager - writing file C:\Users\RJ\Downloads\Capstone Project System\Capstone_MateryalPH\packages\api-contract\generated\dart\lib\src\model\financial_snapshot.dart
[main] [34mINFO [0;39m o.o.codegen.TemplateManager - writing file C:\Users\RJ\Downloads\Capstone Project System\Capstone_MateryalPH\packages\api-contract\generated\dart\test\financial_snapshot_test.dart
[main] [34mINFO [0;39m o.o.codegen.TemplateManager - writing file C:\Users\RJ\Downloads\Capstone Project System\Capstone_MateryalPH\packages\api-contract\generated\dart\doc\FinancialSnapshot.md
[main] [34mINFO [0;39m o.o.codegen.TemplateManager - writing file C:\Users\RJ\Downloads\Capstone Project System\Capstone_MateryalPH\packages\api-contract\generated\dart\lib\src\model\fleet_vehicle.dart
[main] [34mINFO [0;39m o.o.codegen.TemplateManager - writing file C:\Users\RJ\Downloads\Capstone Project System\Capstone_MateryalPH\packages\api-contract\generated\dart\test\fleet_vehicle_test.dart
[main] [34mINFO [0;39m o.o.codegen.TemplateManager - writing file C:\Users\RJ\Downloads\Capstone Project System\Capstone_MateryalPH\packages\api-contract\generated\dart\doc\FleetVehicle.md
[main] [34mINFO [0;39m o.o.codegen.TemplateManager - writing file C:\Users\RJ\Downloads\Capstone Project System\Capstone_MateryalPH\packages\api-contract\generated\dart\lib\src\model\fleet_vehicle_eligibility.dart
[main] [34mINFO [0;39m o.o.codegen.TemplateManager - writing file C:\Users\RJ\Downloads\Capstone Project System\Capstone_MateryalPH\packages\api-contract\generated\dart\test\fleet_vehicle_eligibility_test.dart
[main] [34mINFO [0;39m o.o.codegen.TemplateManager - writing file C:\Users\RJ\Downloads\Capstone Project System\Capstone_MateryalPH\packages\api-contract\generated\dart\doc\FleetVehicleEligibility.md
[main] [34mINFO [0;39m o.o.codegen.TemplateManager - writing file C:\Users\RJ\Downloads\Capstone Project System\Capstone_MateryalPH\packages\api-contract\generated\dart\lib\src\model\fleet_vehicle_image_envelope.dart
[main] [34mINFO [0;39m o.o.codegen.TemplateManager - writing file C:\Users\RJ\Downloads\Capstone Project System\Capstone_MateryalPH\packages\api-contract\generated\dart\test\fleet_vehicle_image_envelope_test.dart
[main] [34mINFO [0;39m o.o.codegen.TemplateManager - writing file C:\Users\RJ\Downloads\Capstone Project System\Capstone_MateryalPH\packages\api-contract\generated\dart\doc\FleetVehicleImageEnvelope.md
[main] [34mINFO [0;39m o.o.codegen.TemplateManager - writing file C:\Users\RJ\Downloads\Capstone Project System\Capstone_MateryalPH\packages\api-contract\generated\dart\lib\src\model\fleet_vehicle_image_envelope_data.dart
[main] [34mINFO [0;39m o.o.codegen.TemplateManager - writing file C:\Users\RJ\Downloads\Capstone Project System\Capstone_MateryalPH\packages\api-contract\generated\dart\test\fleet_vehicle_image_envelope_data_test.dart
[main] [34mINFO [0;39m o.o.codegen.TemplateManager - writing file C:\Users\RJ\Downloads\Capstone Project System\Capstone_MateryalPH\packages\api-contract\generated\dart\doc\FleetVehicleImageEnvelopeData.md
[main] [34mINFO [0;39m o.o.codegen.TemplateManager - writing file C:\Users\RJ\Downloads\Capstone Project System\Capstone_MateryalPH\packages\api-contract\generated\dart\lib\src\model\fleet_vehicle_input.dart
[main] [34mINFO [0;39m o.o.codegen.TemplateManager - writing file C:\Users\RJ\Downloads\Capstone Project System\Capstone_MateryalPH\packages\api-contract\generated\dart\test\fleet_vehicle_input_test.dart
[main] [34mINFO [0;39m o.o.codegen.TemplateManager - writing file C:\Users\RJ\Downloads\Capstone Project System\Capstone_MateryalPH\packages\api-contract\generated\dart\doc\FleetVehicleInput.md
[main] [34mINFO [0;39m o.o.codegen.TemplateManager - writing file C:\Users\RJ\Downloads\Capstone Project System\Capstone_MateryalPH\packages\api-contract\generated\dart\lib\src\model\fleet_vehicle_list_envelope.dart
[main] [34mINFO [0;39m o.o.codegen.TemplateManager - writing file C:\Users\RJ\Downloads\Capstone Project System\Capstone_MateryalPH\packages\api-contract\generated\dart\test\fleet_vehicle_list_envelope_test.dart
[main] [34mINFO [0;39m o.o.codegen.TemplateManager - writing file C:\Users\RJ\Downloads\Capstone Project System\Capstone_MateryalPH\packages\api-contract\generated\dart\doc\FleetVehicleListEnvelope.md
[main] [34mINFO [0;39m o.o.codegen.TemplateManager - writing file C:\Users\RJ\Downloads\Capstone Project System\Capstone_MateryalPH\packages\api-contract\generated\dart\lib\src\model\fleet_vehicle_list_meta.dart
[main] [34mINFO [0;39m o.o.codegen.TemplateManager - writing file C:\Users\RJ\Downloads\Capstone Project System\Capstone_MateryalPH\packages\api-contract\generated\dart\test\fleet_vehicle_list_meta_test.dart
[main] [34mINFO [0;39m o.o.codegen.TemplateManager - writing file C:\Users\RJ\Downloads\Capstone Project System\Capstone_MateryalPH\packages\api-contract\generated\dart\doc\FleetVehicleListMeta.md
[main] [34mINFO [0;39m o.o.codegen.TemplateManager - writing file C:\Users\RJ\Downloads\Capstone Project System\Capstone_MateryalPH\packages\api-contract\generated\dart\lib\src\model\fleet_vehicle_list_meta_delivery.dart
[main] [34mINFO [0;39m o.o.codegen.TemplateManager - writing file C:\Users\RJ\Downloads\Capstone Project System\Capstone_MateryalPH\packages\api-contract\generated\dart\test\fleet_vehicle_list_meta_delivery_test.dart
[main] [34mINFO [0;39m o.o.codegen.TemplateManager - writing file C:\Users\RJ\Downloads\Capstone Project System\Capstone_MateryalPH\packages\api-contract\generated\dart\doc\FleetVehicleListMetaDelivery.md
[main] [34mINFO [0;39m o.o.codegen.TemplateManager - writing file C:\Users\RJ\Downloads\Capstone Project System\Capstone_MateryalPH\packages\api-contract\generated\dart\lib\src\model\fleet_vehicle_list_meta_limits.dart
[main] [34mINFO [0;39m o.o.codegen.TemplateManager - writing file C:\Users\RJ\Downloads\Capstone Project System\Capstone_MateryalPH\packages\api-contract\generated\dart\test\fleet_vehicle_list_meta_limits_test.dart
[main] [34mINFO [0;39m o.o.codegen.TemplateManager - writing file C:\Users\RJ\Downloads\Capstone Project System\Capstone_MateryalPH\packages\api-contract\generated\dart\doc\FleetVehicleListMetaLimits.md
[main] [34mINFO [0;39m o.o.codegen.TemplateManager - writing file C:\Users\RJ\Downloads\Capstone Project System\Capstone_MateryalPH\packages\api-contract\generated\dart\lib\src\model\fleet_vehicle_list_meta_permissions.dart
[main] [34mINFO [0;39m o.o.codegen.TemplateManager - writing file C:\Users\RJ\Downloads\Capstone Project System\Capstone_MateryalPH\packages\api-contract\generated\dart\test\fleet_vehicle_list_meta_permissions_test.dart
[main] [34mINFO [0;39m o.o.codegen.TemplateManager - writing file C:\Users\RJ\Downloads\Capstone Project System\Capstone_MateryalPH\packages\api-contract\generated\dart\doc\FleetVehicleListMetaPermissions.md
[main] [34mINFO [0;39m o.o.codegen.TemplateManager - writing file C:\Users\RJ\Downloads\Capstone Project System\Capstone_MateryalPH\packages\api-contract\generated\dart\lib\src\model\fleet_vehicles_save.dart
[main] [34mINFO [0;39m o.o.codegen.TemplateManager - writing file C:\Users\RJ\Downloads\Capstone Project System\Capstone_MateryalPH\packages\api-contract\generated\dart\test\fleet_vehicles_save_test.dart
[main] [34mINFO [0;39m o.o.codegen.TemplateManager - writing file C:\Users\RJ\Downloads\Capstone Project System\Capstone_MateryalPH\packages\api-contract\generated\dart\doc\FleetVehiclesSave.md
[main] [34mINFO [0;39m o.o.codegen.TemplateManager - writing file C:\Users\RJ\Downloads\Capstone Project System\Capstone_MateryalPH\packages\api-contract\generated\dart\lib\src\model\generic_data_envelope.dart
[main] [34mINFO [0;39m o.o.codegen.TemplateManager - writing file C:\Users\RJ\Downloads\Capstone Project System\Capstone_MateryalPH\packages\api-contract\generated\dart\test\generic_data_envelope_test.dart
[main] [34mINFO [0;39m o.o.codegen.TemplateManager - writing file C:\Users\RJ\Downloads\Capstone Project System\Capstone_MateryalPH\packages\api-contract\generated\dart\doc\GenericDataEnvelope.md
[main] [34mINFO [0;39m o.o.codegen.TemplateManager - writing file C:\Users\RJ\Downloads\Capstone Project System\Capstone_MateryalPH\packages\api-contract\generated\dart\lib\src\model\google_content_author.dart
[main] [34mINFO [0;39m o.o.codegen.TemplateManager - writing file C:\Users\RJ\Downloads\Capstone Project System\Capstone_MateryalPH\packages\api-contract\generated\dart\test\google_content_author_test.dart
[main] [34mINFO [0;39m o.o.codegen.TemplateManager - writing file C:\Users\RJ\Downloads\Capstone Project System\Capstone_MateryalPH\packages\api-contract\generated\dart\doc\GoogleContentAuthor.md
[main] [34mINFO [0;39m o.o.codegen.TemplateManager - writing file C:\Users\RJ\Downloads\Capstone Project System\Capstone_MateryalPH\packages\api-contract\generated\dart\lib\src\model\google_mobile_exchange_request.dart
[main] [34mINFO [0;39m o.o.codegen.TemplateManager - writing file C:\Users\RJ\Downloads\Capstone Project System\Capstone_MateryalPH\packages\api-contract\generated\dart\test\google_mobile_exchange_request_test.dart
[main] [34mINFO [0;39m o.o.codegen.TemplateManager - writing file C:\Users\RJ\Downloads\Capstone Project System\Capstone_MateryalPH\packages\api-contract\generated\dart\doc\GoogleMobileExchangeRequest.md
[main] [34mINFO [0;39m o.o.codegen.TemplateManager - writing file C:\Users\RJ\Downloads\Capstone Project System\Capstone_MateryalPH\packages\api-contract\generated\dart\lib\src\model\google_oidc_start_request.dart
[main] [34mINFO [0;39m o.o.codegen.TemplateManager - writing file C:\Users\RJ\Downloads\Capstone Project System\Capstone_MateryalPH\packages\api-contract\generated\dart\test\google_oidc_start_request_test.dart
[main] [34mINFO [0;39m o.o.codegen.TemplateManager - writing file C:\Users\RJ\Downloads\Capstone Project System\Capstone_MateryalPH\packages\api-contract\generated\dart\doc\GoogleOidcStartRequest.md
[main] [34mINFO [0;39m o.o.codegen.TemplateManager - writing file C:\Users\RJ\Downloads\Capstone Project System\Capstone_MateryalPH\packages\api-contract\generated\dart\lib\src\model\google_place_attribute.dart
[main] [34mINFO [0;39m o.o.codegen.TemplateManager - writing file C:\Users\RJ\Downloads\Capstone Project System\Capstone_MateryalPH\packages\api-contract\generated\dart\test\google_place_attribute_test.dart
[main] [34mINFO [0;39m o.o.codegen.TemplateManager - writing file C:\Users\RJ\Downloads\Capstone Project System\Capstone_MateryalPH\packages\api-contract\generated\dart\doc\GooglePlaceAttribute.md
[main] [34mINFO [0;39m o.o.codegen.TemplateManager - writing file C:\Users\RJ\Downloads\Capstone Project System\Capstone_MateryalPH\packages\api-contract\generated\dart\lib\src\model\google_place_photo.dart
[main] [34mINFO [0;39m o.o.codegen.TemplateManager - writing file C:\Users\RJ\Downloads\Capstone Project System\Capstone_MateryalPH\packages\api-contract\generated\dart\test\google_place_photo_test.dart
[main] [34mINFO [0;39m o.o.codegen.TemplateManager - writing file C:\Users\RJ\Downloads\Capstone Project System\Capstone_MateryalPH\packages\api-contract\generated\dart\doc\GooglePlacePhoto.md
[main] [34mINFO [0;39m o.o.codegen.TemplateManager - writing file C:\Users\RJ\Downloads\Capstone Project System\Capstone_MateryalPH\packages\api-contract\generated\dart\lib\src\model\google_place_review.dart
[main] [34mINFO [0;39m o.o.codegen.TemplateManager - writing file C:\Users\RJ\Downloads\Capstone Project System\Capstone_MateryalPH\packages\api-contract\generated\dart\test\google_place_review_test.dart
[main] [34mINFO [0;39m o.o.codegen.TemplateManager - writing file C:\Users\RJ\Downloads\Capstone Project System\Capstone_MateryalPH\packages\api-contract\generated\dart\doc\GooglePlaceReview.md
[main] [34mINFO [0;39m o.o.codegen.TemplateManager - writing file C:\Users\RJ\Downloads\Capstone Project System\Capstone_MateryalPH\packages\api-contract\generated\dart\lib\src\model\google_rating.dart
[main] [34mINFO [0;39m o.o.codegen.TemplateManager - writing file C:\Users\RJ\Downloads\Capstone Project System\Capstone_MateryalPH\packages\api-contract\generated\dart\test\google_rating_test.dart
[main] [34mINFO [0;39m o.o.codegen.TemplateManager - writing file C:\Users\RJ\Downloads\Capstone Project System\Capstone_MateryalPH\packages\api-contract\generated\dart\doc\GoogleRating.md
[main] [34mINFO [0;39m o.o.codegen.TemplateManager - writing file C:\Users\RJ\Downloads\Capstone Project System\Capstone_MateryalPH\packages\api-contract\generated\dart\lib\src\model\health_envelope.dart
[main] [34mINFO [0;39m o.o.codegen.TemplateManager - writing file C:\Users\RJ\Downloads\Capstone Project System\Capstone_MateryalPH\packages\api-contract\generated\dart\test\health_envelope_test.dart
[main] [34mINFO [0;39m o.o.codegen.TemplateManager - writing file C:\Users\RJ\Downloads\Capstone Project System\Capstone_MateryalPH\packages\api-contract\generated\dart\doc\HealthEnvelope.md
[main] [34mINFO [0;39m o.o.codegen.TemplateManager - writing file C:\Users\RJ\Downloads\Capstone Project System\Capstone_MateryalPH\packages\api-contract\generated\dart\lib\src\model\health_envelope_all_of_data.dart
[main] [34mINFO [0;39m o.o.codegen.TemplateManager - writing file C:\Users\RJ\Downloads\Capstone Project System\Capstone_MateryalPH\packages\api-contract\generated\dart\test\health_envelope_all_of_data_test.dart
[main] [34mINFO [0;39m o.o.codegen.TemplateManager - writing file C:\Users\RJ\Downloads\Capstone Project System\Capstone_MateryalPH\packages\api-contract\generated\dart\doc\HealthEnvelopeAllOfData.md
[main] [34mINFO [0;39m o.o.codegen.TemplateManager - writing file C:\Users\RJ\Downloads\Capstone Project System\Capstone_MateryalPH\packages\api-contract\generated\dart\lib\src\model\inventory_balance.dart
[main] [34mINFO [0;39m o.o.codegen.TemplateManager - writing file C:\Users\RJ\Downloads\Capstone Project System\Capstone_MateryalPH\packages\api-contract\generated\dart\test\inventory_balance_test.dart
[main] [34mINFO [0;39m o.o.codegen.TemplateManager - writing file C:\Users\RJ\Downloads\Capstone Project System\Capstone_MateryalPH\packages\api-contract\generated\dart\doc\InventoryBalance.md
[main] [34mINFO [0;39m o.o.codegen.TemplateManager - writing file C:\Users\RJ\Downloads\Capstone Project System\Capstone_MateryalPH\packages\api-contract\generated\dart\lib\src\model\inventory_comparability.dart
[main] [34mINFO [0;39m o.o.codegen.TemplateManager - writing file C:\Users\RJ\Downloads\Capstone Project System\Capstone_MateryalPH\packages\api-contract\generated\dart\test\inventory_comparability_test.dart
[main] [34mINFO [0;39m o.o.codegen.TemplateManager - writing file C:\Users\RJ\Downloads\Capstone Project System\Capstone_MateryalPH\packages\api-contract\generated\dart\doc\InventoryComparability.md
[main] [34mINFO [0;39m o.o.codegen.TemplateManager - writing file C:\Users\RJ\Downloads\Capstone Project System\Capstone_MateryalPH\packages\api-contract\generated\dart\lib\src\model\inventory_ledger_envelope.dart
[main] [34mINFO [0;39m o.o.codegen.TemplateManager - writing file C:\Users\RJ\Downloads\Capstone Project System\Capstone_MateryalPH\packages\api-contract\generated\dart\test\inventory_ledger_envelope_test.dart
[main] [34mINFO [0;39m o.o.codegen.TemplateManager - writing file C:\Users\RJ\Downloads\Capstone Project System\Capstone_MateryalPH\packages\api-contract\generated\dart\doc\InventoryLedgerEnvelope.md
[main] [34mINFO [0;39m o.o.codegen.TemplateManager - writing file C:\Users\RJ\Downloads\Capstone Project System\Capstone_MateryalPH\packages\api-contract\generated\dart\lib\src\model\inventory_ledger_meta.dart
[main] [34mINFO [0;39m o.o.codegen.TemplateManager - writing file C:\Users\RJ\Downloads\Capstone Project System\Capstone_MateryalPH\packages\api-contract\generated\dart\test\inventory_ledger_meta_test.dart
[main] [34mINFO [0;39m o.o.codegen.TemplateManager - writing file C:\Users\RJ\Downloads\Capstone Project System\Capstone_MateryalPH\packages\api-contract\generated\dart\doc\InventoryLedgerMeta.md
[main] [34mINFO [0;39m o.o.codegen.TemplateManager - writing file C:\Users\RJ\Downloads\Capstone Project System\Capstone_MateryalPH\packages\api-contract\generated\dart\lib\src\model\inventory_ledger_meta_permissions.dart
[main] [34mINFO [0;39m o.o.codegen.TemplateManager - writing file C:\Users\RJ\Downloads\Capstone Project System\Capstone_MateryalPH\packages\api-contract\generated\dart\test\inventory_ledger_meta_permissions_test.dart
[main] [34mINFO [0;39m o.o.codegen.TemplateManager - writing file C:\Users\RJ\Downloads\Capstone Project System\Capstone_MateryalPH\packages\api-contract\generated\dart\doc\InventoryLedgerMetaPermissions.md
[main] [34mINFO [0;39m o.o.codegen.TemplateManager - writing file C:\Users\RJ\Downloads\Capstone Project System\Capstone_MateryalPH\packages\api-contract\generated\dart\lib\src\model\inventory_ledger_meta_stale_listings.dart
[main] [34mINFO [0;39m o.o.codegen.TemplateManager - writing file C:\Users\RJ\Downloads\Capstone Project System\Capstone_MateryalPH\packages\api-contract\generated\dart\test\inventory_ledger_meta_stale_listings_test.dart
[main] [34mINFO [0;39m o.o.codegen.TemplateManager - writing file C:\Users\RJ\Downloads\Capstone Project System\Capstone_MateryalPH\packages\api-contract\generated\dart\doc\InventoryLedgerMetaStaleListings.md
[main] [34mINFO [0;39m o.o.codegen.TemplateManager - writing file C:\Users\RJ\Downloads\Capstone Project System\Capstone_MateryalPH\packages\api-contract\generated\dart\lib\src\model\inventory_ledger_meta_summary.dart
[main] [34mINFO [0;39m o.o.codegen.TemplateManager - writing file C:\Users\RJ\Downloads\Capstone Project System\Capstone_MateryalPH\packages\api-contract\generated\dart\test\inventory_ledger_meta_summary_test.dart
[main] [34mINFO [0;39m o.o.codegen.TemplateManager - writing file C:\Users\RJ\Downloads\Capstone Project System\Capstone_MateryalPH\packages\api-contract\generated\dart\doc\InventoryLedgerMetaSummary.md
[main] [34mINFO [0;39m o.o.codegen.TemplateManager - writing file C:\Users\RJ\Downloads\Capstone Project System\Capstone_MateryalPH\packages\api-contract\generated\dart\lib\src\model\inventory_movement.dart
[main] [34mINFO [0;39m o.o.codegen.TemplateManager - writing file C:\Users\RJ\Downloads\Capstone Project System\Capstone_MateryalPH\packages\api-contract\generated\dart\test\inventory_movement_test.dart
[main] [34mINFO [0;39m o.o.codegen.TemplateManager - writing file C:\Users\RJ\Downloads\Capstone Project System\Capstone_MateryalPH\packages\api-contract\generated\dart\doc\InventoryMovement.md
[main] [34mINFO [0;39m o.o.codegen.TemplateManager - writing file C:\Users\RJ\Downloads\Capstone Project System\Capstone_MateryalPH\packages\api-contract\generated\dart\lib\src\model\inventory_movement_list_envelope.dart
[main] [34mINFO [0;39m o.o.codegen.TemplateManager - writing file C:\Users\RJ\Downloads\Capstone Project System\Capstone_MateryalPH\packages\api-contract\generated\dart\test\inventory_movement_list_envelope_test.dart
[main] [34mINFO [0;39m o.o.codegen.TemplateManager - writing file C:\Users\RJ\Downloads\Capstone Project System\Capstone_MateryalPH\packages\api-contract\generated\dart\doc\InventoryMovementListEnvelope.md
[main] [34mINFO [0;39m o.o.codegen.TemplateManager - writing file C:\Users\RJ\Downloads\Capstone Project System\Capstone_MateryalPH\packages\api-contract\generated\dart\lib\src\model\inventory_price.dart
[main] [34mINFO [0;39m o.o.codegen.TemplateManager - writing file C:\Users\RJ\Downloads\Capstone Project System\Capstone_MateryalPH\packages\api-contract\generated\dart\test\inventory_price_test.dart
[main] [34mINFO [0;39m o.o.codegen.TemplateManager - writing file C:\Users\RJ\Downloads\Capstone Project System\Capstone_MateryalPH\packages\api-contract\generated\dart\doc\InventoryPrice.md
[main] [34mINFO [0;39m o.o.codegen.TemplateManager - skipping unchanged file C:\Users\RJ\Downloads\Capstone Project System\Capstone_MateryalPH\packages\api-contract\generated\dart\lib\src\model\inventory_price_change.dart
[main] [34mINFO [0;39m o.o.codegen.TemplateManager - writing file C:\Users\RJ\Downloads\Capstone Project System\Capstone_MateryalPH\packages\api-contract\generated\dart\test\inventory_price_change_test.dart
[main] [34mINFO [0;39m o.o.codegen.TemplateManager - writing file C:\Users\RJ\Downloads\Capstone Project System\Capstone_MateryalPH\packages\api-contract\generated\dart\doc\InventoryPriceChange.md
[main] [34mINFO [0;39m o.o.codegen.TemplateManager - writing file C:\Users\RJ\Downloads\Capstone Project System\Capstone_MateryalPH\packages\api-contract\generated\dart\lib\src\model\inventory_row.dart
[main] [34mINFO [0;39m o.o.codegen.TemplateManager - writing file C:\Users\RJ\Downloads\Capstone Project System\Capstone_MateryalPH\packages\api-contract\generated\dart\test\inventory_row_test.dart
[main] [34mINFO [0;39m o.o.codegen.TemplateManager - writing file C:\Users\RJ\Downloads\Capstone Project System\Capstone_MateryalPH\packages\api-contract\generated\dart\doc\InventoryRow.md
[main] [34mINFO [0;39m o.o.codegen.TemplateManager - writing file C:\Users\RJ\Downloads\Capstone Project System\Capstone_MateryalPH\packages\api-contract\generated\dart\lib\src\model\inventory_row_envelope.dart
[main] [34mINFO [0;39m o.o.codegen.TemplateManager - writing file C:\Users\RJ\Downloads\Capstone Project System\Capstone_MateryalPH\packages\api-contract\generated\dart\test\inventory_row_envelope_test.dart
[main] [34mINFO [0;39m o.o.codegen.TemplateManager - writing file C:\Users\RJ\Downloads\Capstone Project System\Capstone_MateryalPH\packages\api-contract\generated\dart\doc\InventoryRowEnvelope.md
[main] [34mINFO [0;39m o.o.codegen.TemplateManager - writing file C:\Users\RJ\Downloads\Capstone Project System\Capstone_MateryalPH\packages\api-contract\generated\dart\lib\src\model\inventory_row_list_envelope.dart
[main] [34mINFO [0;39m o.o.codegen.TemplateManager - writing file C:\Users\RJ\Downloads\Capstone Project System\Capstone_MateryalPH\packages\api-contract\generated\dart\test\inventory_row_list_envelope_test.dart
[main] [34mINFO [0;39m o.o.codegen.TemplateManager - writing file C:\Users\RJ\Downloads\Capstone Project System\Capstone_MateryalPH\packages\api-contract\generated\dart\doc\InventoryRowListEnvelope.md
[main] [34mINFO [0;39m o.o.codegen.TemplateManager - writing file C:\Users\RJ\Downloads\Capstone Project System\Capstone_MateryalPH\packages\api-contract\generated\dart\lib\src\model\inventory_row_update.dart
[main] [34mINFO [0;39m o.o.codegen.TemplateManager - writing file C:\Users\RJ\Downloads\Capstone Project System\Capstone_MateryalPH\packages\api-contract\generated\dart\test\inventory_row_update_test.dart
[main] [34mINFO [0;39m o.o.codegen.TemplateManager - writing file C:\Users\RJ\Downloads\Capstone Project System\Capstone_MateryalPH\packages\api-contract\generated\dart\doc\InventoryRowUpdate.md
[main] [34mINFO [0;39m o.o.codegen.TemplateManager - writing file C:\Users\RJ\Downloads\Capstone Project System\Capstone_MateryalPH\packages\api-contract\generated\dart\lib\src\model\inventory_settings.dart
[main] [34mINFO [0;39m o.o.codegen.TemplateManager - writing file C:\Users\RJ\Downloads\Capstone Project System\Capstone_MateryalPH\packages\api-contract\generated\dart\test\inventory_settings_test.dart
[main] [34mINFO [0;39m o.o.codegen.TemplateManager - writing file C:\Users\RJ\Downloads\Capstone Project System\Capstone_MateryalPH\packages\api-contract\generated\dart\doc\InventorySettings.md
[main] [34mINFO [0;39m o.o.codegen.TemplateManager - writing file C:\Users\RJ\Downloads\Capstone Project System\Capstone_MateryalPH\packages\api-contract\generated\dart\lib\src\model\inventory_settings_envelope.dart
[main] [34mINFO [0;39m o.o.codegen.TemplateManager - writing file C:\Users\RJ\Downloads\Capstone Project System\Capstone_MateryalPH\packages\api-contract\generated\dart\test\inventory_settings_envelope_test.dart
[main] [34mINFO [0;39m o.o.codegen.TemplateManager - writing file C:\Users\RJ\Downloads\Capstone Project System\Capstone_MateryalPH\packages\api-contract\generated\dart\doc\InventorySettingsEnvelope.md
[main] [34mINFO [0;39m o.o.codegen.TemplateManager - writing file C:\Users\RJ\Downloads\Capstone Project System\Capstone_MateryalPH\packages\api-contract\generated\dart\lib\src\model\inventory_settings_update.dart
[main] [34mINFO [0;39m o.o.codegen.TemplateManager - writing file C:\Users\RJ\Downloads\Capstone Project System\Capstone_MateryalPH\packages\api-contract\generated\dart\test\inventory_settings_update_test.dart
[main] [34mINFO [0;39m o.o.codegen.TemplateManager - writing file C:\Users\RJ\Downloads\Capstone Project System\Capstone_MateryalPH\packages\api-contract\generated\dart\doc\InventorySettingsUpdate.md
[main] [34mINFO [0;39m o.o.codegen.TemplateManager - writing file C:\Users\RJ\Downloads\Capstone Project System\Capstone_MateryalPH\packages\api-contract\generated\dart\lib\src\model\listing_category_ref.dart
[main] [34mINFO [0;39m o.o.codegen.TemplateManager - writing file C:\Users\RJ\Downloads\Capstone Project System\Capstone_MateryalPH\packages\api-contract\generated\dart\test\listing_category_ref_test.dart
[main] [34mINFO [0;39m o.o.codegen.TemplateManager - writing file C:\Users\RJ\Downloads\Capstone Project System\Capstone_MateryalPH\packages\api-contract\generated\dart\doc\ListingCategoryRef.md
[main] [34mINFO [0;39m o.o.codegen.TemplateManager - writing file C:\Users\RJ\Downloads\Capstone Project System\Capstone_MateryalPH\packages\api-contract\generated\dart\lib\src\model\listing_compliance.dart
[main] [34mINFO [0;39m o.o.codegen.TemplateManager - writing file C:\Users\RJ\Downloads\Capstone Project System\Capstone_MateryalPH\packages\api-contract\generated\dart\test\listing_compliance_test.dart
[main] [34mINFO [0;39m o.o.codegen.TemplateManager - writing file C:\Users\RJ\Downloads\Capstone Project System\Capstone_MateryalPH\packages\api-contract\generated\dart\doc\ListingCompliance.md
[main] [34mINFO [0;39m o.o.codegen.TemplateManager - skipping unchanged file C:\Users\RJ\Downloads\Capstone Project System\Capstone_MateryalPH\packages\api-contract\generated\dart\lib\src\model\listing_compliance_status.dart
[main] [34mINFO [0;39m o.o.codegen.TemplateManager - writing file C:\Users\RJ\Downloads\Capstone Project System\Capstone_MateryalPH\packages\api-contract\generated\dart\test\listing_compliance_status_test.dart
[main] [34mINFO [0;39m o.o.codegen.TemplateManager - skipping unchanged file C:\Users\RJ\Downloads\Capstone Project System\Capstone_MateryalPH\packages\api-contract\generated\dart\doc\ListingComplianceStatus.md
[main] [34mINFO [0;39m o.o.codegen.TemplateManager - writing file C:\Users\RJ\Downloads\Capstone Project System\Capstone_MateryalPH\packages\api-contract\generated\dart\lib\src\model\listing_detail_fulfillment.dart
[main] [34mINFO [0;39m o.o.codegen.TemplateManager - writing file C:\Users\RJ\Downloads\Capstone Project System\Capstone_MateryalPH\packages\api-contract\generated\dart\test\listing_detail_fulfillment_test.dart
[main] [34mINFO [0;39m o.o.codegen.TemplateManager - writing file C:\Users\RJ\Downloads\Capstone Project System\Capstone_MateryalPH\packages\api-contract\generated\dart\doc\ListingDetailFulfillment.md
[main] [34mINFO [0;39m o.o.codegen.TemplateManager - writing file C:\Users\RJ\Downloads\Capstone Project System\Capstone_MateryalPH\packages\api-contract\generated\dart\lib\src\model\listing_detail_vendor.dart
[main] [34mINFO [0;39m o.o.codegen.TemplateManager - writing file C:\Users\RJ\Downloads\Capstone Project System\Capstone_MateryalPH\packages\api-contract\generated\dart\test\listing_detail_vendor_test.dart
[main] [34mINFO [0;39m o.o.codegen.TemplateManager - writing file C:\Users\RJ\Downloads\Capstone Project System\Capstone_MateryalPH\packages\api-contract\generated\dart\doc\ListingDetailVendor.md
[main] [34mINFO [0;39m o.o.codegen.TemplateManager - writing file C:\Users\RJ\Downloads\Capstone Project System\Capstone_MateryalPH\packages\api-contract\generated\dart\lib\src\model\listing_details.dart
[main] [34mINFO [0;39m o.o.codegen.TemplateManager - writing file C:\Users\RJ\Downloads\Capstone Project System\Capstone_MateryalPH\packages\api-contract\generated\dart\test\listing_details_test.dart
[main] [34mINFO [0;39m o.o.codegen.TemplateManager - writing file C:\Users\RJ\Downloads\Capstone Project System\Capstone_MateryalPH\packages\api-contract\generated\dart\doc\ListingDetails.md
[main] [34mINFO [0;39m o.o.codegen.TemplateManager - writing file C:\Users\RJ\Downloads\Capstone Project System\Capstone_MateryalPH\packages\api-contract\generated\dart\lib\src\model\listing_details_envelope.dart
[main] [34mINFO [0;39m o.o.codegen.TemplateManager - writing file C:\Users\RJ\Downloads\Capstone Project System\Capstone_MateryalPH\packages\api-contract\generated\dart\test\listing_details_envelope_test.dart
[main] [34mINFO [0;39m o.o.codegen.TemplateManager - writing file C:\Users\RJ\Downloads\Capstone Project System\Capstone_MateryalPH\packages\api-contract\generated\dart\doc\ListingDetailsEnvelope.md
[main] [34mINFO [0;39m o.o.codegen.TemplateManager - writing file C:\Users\RJ\Downloads\Capstone Project System\Capstone_MateryalPH\packages\api-contract\generated\dart\lib\src\model\listing_fulfillment_summary.dart
[main] [34mINFO [0;39m o.o.codegen.TemplateManager - writing file C:\Users\RJ\Downloads\Capstone Project System\Capstone_MateryalPH\packages\api-contract\generated\dart\test\listing_fulfillment_summary_test.dart
[main] [34mINFO [0;39m o.o.codegen.TemplateManager - writing file C:\Users\RJ\Downloads\Capstone Project System\Capstone_MateryalPH\packages\api-contract\generated\dart\doc\ListingFulfillmentSummary.md
[main] [34mINFO [0;39m o.o.codegen.TemplateManager - writing file C:\Users\RJ\Downloads\Capstone Project System\Capstone_MateryalPH\packages\api-contract\generated\dart\lib\src\model\listing_image.dart
[main] [34mINFO [0;39m o.o.codegen.TemplateManager - writing file C:\Users\RJ\Downloads\Capstone Project System\Capstone_MateryalPH\packages\api-contract\generated\dart\test\listing_image_test.dart
[main] [34mINFO [0;39m o.o.codegen.TemplateManager - writing file C:\Users\RJ\Downloads\Capstone Project System\Capstone_MateryalPH\packages\api-contract\generated\dart\doc\ListingImage.md
[main] [34mINFO [0;39m o.o.codegen.TemplateManager - writing file C:\Users\RJ\Downloads\Capstone Project System\Capstone_MateryalPH\packages\api-contract\generated\dart\lib\src\model\listing_price.dart
[main] [34mINFO [0;39m o.o.codegen.TemplateManager - writing file C:\Users\RJ\Downloads\Capstone Project System\Capstone_MateryalPH\packages\api-contract\generated\dart\test\listing_price_test.dart
[main] [34mINFO [0;39m o.o.codegen.TemplateManager - writing file C:\Users\RJ\Downloads\Capstone Project System\Capstone_MateryalPH\packages\api-contract\generated\dart\doc\ListingPrice.md
[main] [34mINFO [0;39m o.o.codegen.TemplateManager - writing file C:\Users\RJ\Downloads\Capstone Project System\Capstone_MateryalPH\packages\api-contract\generated\dart\lib\src\model\listing_search_envelope.dart
[main] [34mINFO [0;39m o.o.codegen.TemplateManager - writing file C:\Users\RJ\Downloads\Capstone Project System\Capstone_MateryalPH\packages\api-contract\generated\dart\test\listing_search_envelope_test.dart
[main] [34mINFO [0;39m o.o.codegen.TemplateManager - writing file C:\Users\RJ\Downloads\Capstone Project System\Capstone_MateryalPH\packages\api-contract\generated\dart\doc\ListingSearchEnvelope.md
[main] [34mINFO [0;39m o.o.codegen.TemplateManager - writing file C:\Users\RJ\Downloads\Capstone Project System\Capstone_MateryalPH\packages\api-contract\generated\dart\lib\src\model\listing_search_expansion.dart
[main] [34mINFO [0;39m o.o.codegen.TemplateManager - writing file C:\Users\RJ\Downloads\Capstone Project System\Capstone_MateryalPH\packages\api-contract\generated\dart\test\listing_search_expansion_test.dart
[main] [34mINFO [0;39m o.o.codegen.TemplateManager - writing file C:\Users\RJ\Downloads\Capstone Project System\Capstone_MateryalPH\packages\api-contract\generated\dart\doc\ListingSearchExpansion.md
[main] [34mINFO [0;39m o.o.codegen.TemplateManager - writing file C:\Users\RJ\Downloads\Capstone Project System\Capstone_MateryalPH\packages\api-contract\generated\dart\lib\src\model\listing_search_meta.dart
[main] [34mINFO [0;39m o.o.codegen.TemplateManager - writing file C:\Users\RJ\Downloads\Capstone Project System\Capstone_MateryalPH\packages\api-contract\generated\dart\test\listing_search_meta_test.dart
[main] [34mINFO [0;39m o.o.codegen.TemplateManager - writing file C:\Users\RJ\Downloads\Capstone Project System\Capstone_MateryalPH\packages\api-contract\generated\dart\doc\ListingSearchMeta.md
[main] [34mINFO [0;39m o.o.codegen.TemplateManager - writing file C:\Users\RJ\Downloads\Capstone Project System\Capstone_MateryalPH\packages\api-contract\generated\dart\lib\src\model\listing_search_query.dart
[main] [34mINFO [0;39m o.o.codegen.TemplateManager - writing file C:\Users\RJ\Downloads\Capstone Project System\Capstone_MateryalPH\packages\api-contract\generated\dart\test\listing_search_query_test.dart
[main] [34mINFO [0;39m o.o.codegen.TemplateManager - writing file C:\Users\RJ\Downloads\Capstone Project System\Capstone_MateryalPH\packages\api-contract\generated\dart\doc\ListingSearchQuery.md
[main] [34mINFO [0;39m o.o.codegen.TemplateManager - writing file C:\Users\RJ\Downloads\Capstone Project System\Capstone_MateryalPH\packages\api-contract\generated\dart\lib\src\model\listing_search_ranking.dart
[main] [34mINFO [0;39m o.o.codegen.TemplateManager - writing file C:\Users\RJ\Downloads\Capstone Project System\Capstone_MateryalPH\packages\api-contract\generated\dart\test\listing_search_ranking_test.dart
[main] [34mINFO [0;39m o.o.codegen.TemplateManager - writing file C:\Users\RJ\Downloads\Capstone Project System\Capstone_MateryalPH\packages\api-contract\generated\dart\doc\ListingSearchRanking.md
[main] [34mINFO [0;39m o.o.codegen.TemplateManager - writing file C:\Users\RJ\Downloads\Capstone Project System\Capstone_MateryalPH\packages\api-contract\generated\dart\lib\src\model\listing_search_request.dart
[main] [34mINFO [0;39m o.o.codegen.TemplateManager - writing file C:\Users\RJ\Downloads\Capstone Project System\Capstone_MateryalPH\packages\api-contract\generated\dart\test\listing_search_request_test.dart
[main] [34mINFO [0;39m o.o.codegen.TemplateManager - writing file C:\Users\RJ\Downloads\Capstone Project System\Capstone_MateryalPH\packages\api-contract\generated\dart\doc\ListingSearchRequest.md
[main] [34mINFO [0;39m o.o.codegen.TemplateManager - writing file C:\Users\RJ\Downloads\Capstone Project System\Capstone_MateryalPH\packages\api-contract\generated\dart\lib\src\model\listing_search_result.dart
[main] [34mINFO [0;39m o.o.codegen.TemplateManager - writing file C:\Users\RJ\Downloads\Capstone Project System\Capstone_MateryalPH\packages\api-contract\generated\dart\test\listing_search_result_test.dart
[main] [34mINFO [0;39m o.o.codegen.TemplateManager - writing file C:\Users\RJ\Downloads\Capstone Project System\Capstone_MateryalPH\packages\api-contract\generated\dart\doc\ListingSearchResult.md
[main] [34mINFO [0;39m o.o.codegen.TemplateManager - skipping unchanged file C:\Users\RJ\Downloads\Capstone Project System\Capstone_MateryalPH\packages\api-contract\generated\dart\lib\src\model\listing_search_sort.dart
[main] [34mINFO [0;39m o.o.codegen.TemplateManager - writing file C:\Users\RJ\Downloads\Capstone Project System\Capstone_MateryalPH\packages\api-contract\generated\dart\test\listing_search_sort_test.dart
[main] [34mINFO [0;39m o.o.codegen.TemplateManager - skipping unchanged file C:\Users\RJ\Downloads\Capstone Project System\Capstone_MateryalPH\packages\api-contract\generated\dart\doc\ListingSearchSort.md
[main] [34mINFO [0;39m o.o.codegen.TemplateManager - skipping unchanged file C:\Users\RJ\Downloads\Capstone Project System\Capstone_MateryalPH\packages\api-contract\generated\dart\lib\src\model\listing_status.dart
[main] [34mINFO [0;39m o.o.codegen.TemplateManager - writing file C:\Users\RJ\Downloads\Capstone Project System\Capstone_MateryalPH\packages\api-contract\generated\dart\test\listing_status_test.dart
[main] [34mINFO [0;39m o.o.codegen.TemplateManager - skipping unchanged file C:\Users\RJ\Downloads\Capstone Project System\Capstone_MateryalPH\packages\api-contract\generated\dart\doc\ListingStatus.md
[main] [34mINFO [0;39m o.o.codegen.TemplateManager - writing file C:\Users\RJ\Downloads\Capstone Project System\Capstone_MateryalPH\packages\api-contract\generated\dart\lib\src\model\listing_status_change.dart
[main] [34mINFO [0;39m o.o.codegen.TemplateManager - writing file C:\Users\RJ\Downloads\Capstone Project System\Capstone_MateryalPH\packages\api-contract\generated\dart\test\listing_status_change_test.dart
[main] [34mINFO [0;39m o.o.codegen.TemplateManager - writing file C:\Users\RJ\Downloads\Capstone Project System\Capstone_MateryalPH\packages\api-contract\generated\dart\doc\ListingStatusChange.md
[main] [34mINFO [0;39m o.o.codegen.TemplateManager - writing file C:\Users\RJ\Downloads\Capstone Project System\Capstone_MateryalPH\packages\api-contract\generated\dart\lib\src\model\listing_variant_offer.dart
[main] [34mINFO [0;39m o.o.codegen.TemplateManager - writing file C:\Users\RJ\Downloads\Capstone Project System\Capstone_MateryalPH\packages\api-contract\generated\dart\test\listing_variant_offer_test.dart
[main] [34mINFO [0;39m o.o.codegen.TemplateManager - writing file C:\Users\RJ\Downloads\Capstone Project System\Capstone_MateryalPH\packages\api-contract\generated\dart\doc\ListingVariantOffer.md
[main] [34mINFO [0;39m o.o.codegen.TemplateManager - writing file C:\Users\RJ\Downloads\Capstone Project System\Capstone_MateryalPH\packages\api-contract\generated\dart\lib\src\model\listing_variant_price.dart
[main] [34mINFO [0;39m o.o.codegen.TemplateManager - writing file C:\Users\RJ\Downloads\Capstone Project System\Capstone_MateryalPH\packages\api-contract\generated\dart\test\listing_variant_price_test.dart
[main] [34mINFO [0;39m o.o.codegen.TemplateManager - writing file C:\Users\RJ\Downloads\Capstone Project System\Capstone_MateryalPH\packages\api-contract\generated\dart\doc\ListingVariantPrice.md
[main] [34mINFO [0;39m o.o.codegen.TemplateManager - writing file C:\Users\RJ\Downloads\Capstone Project System\Capstone_MateryalPH\packages\api-contract\generated\dart\lib\src\model\listing_vendor_card.dart
[main] [34mINFO [0;39m o.o.codegen.TemplateManager - writing file C:\Users\RJ\Downloads\Capstone Project System\Capstone_MateryalPH\packages\api-contract\generated\dart\test\listing_vendor_card_test.dart
[main] [34mINFO [0;39m o.o.codegen.TemplateManager - writing file C:\Users\RJ\Downloads\Capstone Project System\Capstone_MateryalPH\packages\api-contract\generated\dart\doc\ListingVendorCard.md
[main] [34mINFO [0;39m o.o.codegen.TemplateManager - writing file C:\Users\RJ\Downloads\Capstone Project System\Capstone_MateryalPH\packages\api-contract\generated\dart\lib\src\model\location_autocomplete_request.dart
[main] [34mINFO [0;39m o.o.codegen.TemplateManager - writing file C:\Users\RJ\Downloads\Capstone Project System\Capstone_MateryalPH\packages\api-contract\generated\dart\test\location_autocomplete_request_test.dart
[main] [34mINFO [0;39m o.o.codegen.TemplateManager - writing file C:\Users\RJ\Downloads\Capstone Project System\Capstone_MateryalPH\packages\api-contract\generated\dart\doc\LocationAutocompleteRequest.md
[main] [34mINFO [0;39m o.o.codegen.TemplateManager - writing file C:\Users\RJ\Downloads\Capstone Project System\Capstone_MateryalPH\packages\api-contract\generated\dart\lib\src\model\location_suggestion.dart
[main] [34mINFO [0;39m o.o.codegen.TemplateManager - writing file C:\Users\RJ\Downloads\Capstone Project System\Capstone_MateryalPH\packages\api-contract\generated\dart\test\location_suggestion_test.dart
[main] [34mINFO [0;39m o.o.codegen.TemplateManager - writing file C:\Users\RJ\Downloads\Capstone Project System\Capstone_MateryalPH\packages\api-contract\generated\dart\doc\LocationSuggestion.md
[main] [34mINFO [0;39m o.o.codegen.TemplateManager - writing file C:\Users\RJ\Downloads\Capstone Project System\Capstone_MateryalPH\packages\api-contract\generated\dart\lib\src\model\location_suggestion_envelope.dart
[main] [34mINFO [0;39m o.o.codegen.TemplateManager - writing file C:\Users\RJ\Downloads\Capstone Project System\Capstone_MateryalPH\packages\api-contract\generated\dart\test\location_suggestion_envelope_test.dart
[main] [34mINFO [0;39m o.o.codegen.TemplateManager - writing file C:\Users\RJ\Downloads\Capstone Project System\Capstone_MateryalPH\packages\api-contract\generated\dart\doc\LocationSuggestionEnvelope.md
[main] [34mINFO [0;39m o.o.codegen.TemplateManager - writing file C:\Users\RJ\Downloads\Capstone Project System\Capstone_MateryalPH\packages\api-contract\generated\dart\lib\src\model\lock_version_request.dart
[main] [34mINFO [0;39m o.o.codegen.TemplateManager - writing file C:\Users\RJ\Downloads\Capstone Project System\Capstone_MateryalPH\packages\api-contract\generated\dart\test\lock_version_request_test.dart
[main] [34mINFO [0;39m o.o.codegen.TemplateManager - writing file C:\Users\RJ\Downloads\Capstone Project System\Capstone_MateryalPH\packages\api-contract\generated\dart\doc\LockVersionRequest.md
[main] [34mINFO [0;39m o.o.codegen.TemplateManager - writing file C:\Users\RJ\Downloads\Capstone Project System\Capstone_MateryalPH\packages\api-contract\generated\dart\lib\src\model\login_request.dart
[main] [34mINFO [0;39m o.o.codegen.TemplateManager - writing file C:\Users\RJ\Downloads\Capstone Project System\Capstone_MateryalPH\packages\api-contract\generated\dart\test\login_request_test.dart
[main] [34mINFO [0;39m o.o.codegen.TemplateManager - writing file C:\Users\RJ\Downloads\Capstone Project System\Capstone_MateryalPH\packages\api-contract\generated\dart\doc\LoginRequest.md
[main] [34mINFO [0;39m o.o.codegen.TemplateManager - writing file C:\Users\RJ\Downloads\Capstone Project System\Capstone_MateryalPH\packages\api-contract\generated\dart\lib\src\model\map_point.dart
[main] [34mINFO [0;39m o.o.codegen.TemplateManager - writing file C:\Users\RJ\Downloads\Capstone Project System\Capstone_MateryalPH\packages\api-contract\generated\dart\test\map_point_test.dart
[main] [34mINFO [0;39m o.o.codegen.TemplateManager - writing file C:\Users\RJ\Downloads\Capstone Project System\Capstone_MateryalPH\packages\api-contract\generated\dart\doc\MapPoint.md
[main] [34mINFO [0;39m o.o.codegen.TemplateManager - skipping unchanged file C:\Users\RJ\Downloads\Capstone Project System\Capstone_MateryalPH\packages\api-contract\generated\dart\lib\src\model\marking_type.dart
[main] [34mINFO [0;39m o.o.codegen.TemplateManager - writing file C:\Users\RJ\Downloads\Capstone Project System\Capstone_MateryalPH\packages\api-contract\generated\dart\test\marking_type_test.dart
[main] [34mINFO [0;39m o.o.codegen.TemplateManager - skipping unchanged file C:\Users\RJ\Downloads\Capstone Project System\Capstone_MateryalPH\packages\api-contract\generated\dart\doc\MarkingType.md
[main] [34mINFO [0;39m o.o.codegen.TemplateManager - writing file C:\Users\RJ\Downloads\Capstone Project System\Capstone_MateryalPH\packages\api-contract\generated\dart\lib\src\model\material_category_option.dart
[main] [34mINFO [0;39m o.o.codegen.TemplateManager - writing file C:\Users\RJ\Downloads\Capstone Project System\Capstone_MateryalPH\packages\api-contract\generated\dart\test\material_category_option_test.dart
[main] [34mINFO [0;39m o.o.codegen.TemplateManager - writing file C:\Users\RJ\Downloads\Capstone Project System\Capstone_MateryalPH\packages\api-contract\generated\dart\doc\MaterialCategoryOption.md
[main] [34mINFO [0;39m o.o.codegen.TemplateManager - writing file C:\Users\RJ\Downloads\Capstone Project System\Capstone_MateryalPH\packages\api-contract\generated\dart\lib\src\model\material_price_observation.dart
[main] [34mINFO [0;39m o.o.codegen.TemplateManager - writing file C:\Users\RJ\Downloads\Capstone Project System\Capstone_MateryalPH\packages\api-contract\generated\dart\test\material_price_observation_test.dart
[main] [34mINFO [0;39m o.o.codegen.TemplateManager - writing file C:\Users\RJ\Downloads\Capstone Project System\Capstone_MateryalPH\packages\api-contract\generated\dart\doc\MaterialPriceObservation.md
[main] [34mINFO [0;39m o.o.codegen.TemplateManager - writing file C:\Users\RJ\Downloads\Capstone Project System\Capstone_MateryalPH\packages\api-contract\generated\dart\lib\src\model\mfa_code_request.dart
[main] [34mINFO [0;39m o.o.codegen.TemplateManager - writing file C:\Users\RJ\Downloads\Capstone Project System\Capstone_MateryalPH\packages\api-contract\generated\dart\test\mfa_code_request_test.dart
[main] [34mINFO [0;39m o.o.codegen.TemplateManager - writing file C:\Users\RJ\Downloads\Capstone Project System\Capstone_MateryalPH\packages\api-contract\generated\dart\doc\MfaCodeRequest.md
[main] [34mINFO [0;39m o.o.codegen.TemplateManager - writing file C:\Users\RJ\Downloads\Capstone Project System\Capstone_MateryalPH\packages\api-contract\generated\dart\lib\src\model\mfa_enrollment_envelope.dart
[main] [34mINFO [0;39m o.o.codegen.TemplateManager - writing file C:\Users\RJ\Downloads\Capstone Project System\Capstone_MateryalPH\packages\api-contract\generated\dart\test\mfa_enrollment_envelope_test.dart
[main] [34mINFO [0;39m o.o.codegen.TemplateManager - writing file C:\Users\RJ\Downloads\Capstone Project System\Capstone_MateryalPH\packages\api-contract\generated\dart\doc\MfaEnrollmentEnvelope.md
[main] [34mINFO [0;39m o.o.codegen.TemplateManager - writing file C:\Users\RJ\Downloads\Capstone Project System\Capstone_MateryalPH\packages\api-contract\generated\dart\lib\src\model\mfa_enrollment_envelope_all_of_data.dart
[main] [34mINFO [0;39m o.o.codegen.TemplateManager - writing file C:\Users\RJ\Downloads\Capstone Project System\Capstone_MateryalPH\packages\api-contract\generated\dart\test\mfa_enrollment_envelope_all_of_data_test.dart
[main] [34mINFO [0;39m o.o.codegen.TemplateManager - writing file C:\Users\RJ\Downloads\Capstone Project System\Capstone_MateryalPH\packages\api-contract\generated\dart\doc\MfaEnrollmentEnvelopeAllOfData.md
[main] [34mINFO [0;39m o.o.codegen.TemplateManager - writing file C:\Users\RJ\Downloads\Capstone Project System\Capstone_MateryalPH\packages\api-contract\generated\dart\lib\src\model\mfa_recovery_request.dart
[main] [34mINFO [0;39m o.o.codegen.TemplateManager - writing file C:\Users\RJ\Downloads\Capstone Project System\Capstone_MateryalPH\packages\api-contract\generated\dart\test\mfa_recovery_request_test.dart
[main] [34mINFO [0;39m o.o.codegen.TemplateManager - writing file C:\Users\RJ\Downloads\Capstone Project System\Capstone_MateryalPH\packages\api-contract\generated\dart\doc\MfaRecoveryRequest.md
[main] [34mINFO [0;39m o.o.codegen.TemplateManager - writing file C:\Users\RJ\Downloads\Capstone Project System\Capstone_MateryalPH\packages\api-contract\generated\dart\lib\src\model\mfa_status_envelope.dart
[main] [34mINFO [0;39m o.o.codegen.TemplateManager - writing file C:\Users\RJ\Downloads\Capstone Project System\Capstone_MateryalPH\packages\api-contract\generated\dart\test\mfa_status_envelope_test.dart
[main] [34mINFO [0;39m o.o.codegen.TemplateManager - writing file C:\Users\RJ\Downloads\Capstone Project System\Capstone_MateryalPH\packages\api-contract\generated\dart\doc\MfaStatusEnvelope.md
[main] [34mINFO [0;39m o.o.codegen.TemplateManager - writing file C:\Users\RJ\Downloads\Capstone Project System\Capstone_MateryalPH\packages\api-contract\generated\dart\lib\src\model\mfa_status_envelope_all_of_data.dart
[main] [34mINFO [0;39m o.o.codegen.TemplateManager - writing file C:\Users\RJ\Downloads\Capstone Project System\Capstone_MateryalPH\packages\api-contract\generated\dart\test\mfa_status_envelope_all_of_data_test.dart
[main] [34mINFO [0;39m o.o.codegen.TemplateManager - writing file C:\Users\RJ\Downloads\Capstone Project System\Capstone_MateryalPH\packages\api-contract\generated\dart\doc\MfaStatusEnvelopeAllOfData.md
[main] [34mINFO [0;39m o.o.codegen.TemplateManager - writing file C:\Users\RJ\Downloads\Capstone Project System\Capstone_MateryalPH\packages\api-contract\generated\dart\lib\src\model\money_breakdown.dart
[main] [34mINFO [0;39m o.o.codegen.TemplateManager - writing file C:\Users\RJ\Downloads\Capstone Project System\Capstone_MateryalPH\packages\api-contract\generated\dart\test\money_breakdown_test.dart
[main] [34mINFO [0;39m o.o.codegen.TemplateManager - writing file C:\Users\RJ\Downloads\Capstone Project System\Capstone_MateryalPH\packages\api-contract\generated\dart\doc\MoneyBreakdown.md
[main] [34mINFO [0;39m o.o.codegen.TemplateManager - writing file C:\Users\RJ\Downloads\Capstone Project System\Capstone_MateryalPH\packages\api-contract\generated\dart\lib\src\model\money_delivery.dart
[main] [34mINFO [0;39m o.o.codegen.TemplateManager - writing file C:\Users\RJ\Downloads\Capstone Project System\Capstone_MateryalPH\packages\api-contract\generated\dart\test\money_delivery_test.dart
[main] [34mINFO [0;39m o.o.codegen.TemplateManager - writing file C:\Users\RJ\Downloads\Capstone Project System\Capstone_MateryalPH\packages\api-contract\generated\dart\doc\MoneyDelivery.md
[main] [34mINFO [0;39m o.o.codegen.TemplateManager - writing file C:\Users\RJ\Downloads\Capstone Project System\Capstone_MateryalPH\packages\api-contract\generated\dart\lib\src\model\money_nrpc.dart
[main] [34mINFO [0;39m o.o.codegen.TemplateManager - writing file C:\Users\RJ\Downloads\Capstone Project System\Capstone_MateryalPH\packages\api-contract\generated\dart\test\money_nrpc_test.dart
[main] [34mINFO [0;39m o.o.codegen.TemplateManager - writing file C:\Users\RJ\Downloads\Capstone Project System\Capstone_MateryalPH\packages\api-contract\generated\dart\doc\MoneyNrpc.md
[main] [34mINFO [0;39m o.o.codegen.TemplateManager - writing file C:\Users\RJ\Downloads\Capstone Project System\Capstone_MateryalPH\packages\api-contract\generated\dart\lib\src\model\money_range.dart
[main] [34mINFO [0;39m o.o.codegen.TemplateManager - writing file C:\Users\RJ\Downloads\Capstone Project System\Capstone_MateryalPH\packages\api-contract\generated\dart\test\money_range_test.dart
[main] [34mINFO [0;39m o.o.codegen.TemplateManager - writing file C:\Users\RJ\Downloads\Capstone Project System\Capstone_MateryalPH\packages\api-contract\generated\dart\doc\MoneyRange.md
[main] [34mINFO [0;39m o.o.codegen.TemplateManager - writing file C:\Users\RJ\Downloads\Capstone Project System\Capstone_MateryalPH\packages\api-contract\generated\dart\lib\src\model\nrpc_accept_request.dart
[main] [34mINFO [0;39m o.o.codegen.TemplateManager - writing file C:\Users\RJ\Downloads\Capstone Project System\Capstone_MateryalPH\packages\api-contract\generated\dart\test\nrpc_accept_request_test.dart
[main] [34mINFO [0;39m o.o.codegen.TemplateManager - writing file C:\Users\RJ\Downloads\Capstone Project System\Capstone_MateryalPH\packages\api-contract\generated\dart\doc\NrpcAcceptRequest.md
[main] [34mINFO [0;39m o.o.codegen.TemplateManager - writing file C:\Users\RJ\Downloads\Capstone Project System\Capstone_MateryalPH\packages\api-contract\generated\dart\lib\src\model\nrpc_affected_line.dart
[main] [34mINFO [0;39m o.o.codegen.TemplateManager - writing file C:\Users\RJ\Downloads\Capstone Project System\Capstone_MateryalPH\packages\api-contract\generated\dart\test\nrpc_affected_line_test.dart
[main] [34mINFO [0;39m o.o.codegen.TemplateManager - writing file C:\Users\RJ\Downloads\Capstone Project System\Capstone_MateryalPH\packages\api-contract\generated\dart\doc\NrpcAffectedLine.md
[main] [34mINFO [0;39m o.o.codegen.TemplateManager - writing file C:\Users\RJ\Downloads\Capstone Project System\Capstone_MateryalPH\packages\api-contract\generated\dart\lib\src\model\nrpc_flag.dart
[main] [34mINFO [0;39m o.o.codegen.TemplateManager - writing file C:\Users\RJ\Downloads\Capstone Project System\Capstone_MateryalPH\packages\api-contract\generated\dart\test\nrpc_flag_test.dart
[main] [34mINFO [0;39m o.o.codegen.TemplateManager - writing file C:\Users\RJ\Downloads\Capstone Project System\Capstone_MateryalPH\packages\api-contract\generated\dart\doc\NrpcFlag.md
[main] [34mINFO [0;39m o.o.codegen.TemplateManager - writing file C:\Users\RJ\Downloads\Capstone Project System\Capstone_MateryalPH\packages\api-contract\generated\dart\lib\src\model\nrpc_flag_request.dart
[main] [34mINFO [0;39m o.o.codegen.TemplateManager - writing file C:\Users\RJ\Downloads\Capstone Project System\Capstone_MateryalPH\packages\api-contract\generated\dart\test\nrpc_flag_request_test.dart
[main] [34mINFO [0;39m o.o.codegen.TemplateManager - writing file C:\Users\RJ\Downloads\Capstone Project System\Capstone_MateryalPH\packages\api-contract\generated\dart\doc\NrpcFlagRequest.md
[main] [34mINFO [0;39m o.o.codegen.TemplateManager - writing file C:\Users\RJ\Downloads\Capstone Project System\Capstone_MateryalPH\packages\api-contract\generated\dart\lib\src\model\nrpc_line_allocation.dart
[main] [34mINFO [0;39m o.o.codegen.TemplateManager - writing file C:\Users\RJ\Downloads\Capstone Project System\Capstone_MateryalPH\packages\api-contract\generated\dart\test\nrpc_line_allocation_test.dart
[main] [34mINFO [0;39m o.o.codegen.TemplateManager - writing file C:\Users\RJ\Downloads\Capstone Project System\Capstone_MateryalPH\packages\api-contract\generated\dart\doc\NrpcLineAllocation.md
[main] [34mINFO [0;39m o.o.codegen.TemplateManager - writing file C:\Users\RJ\Downloads\Capstone Project System\Capstone_MateryalPH\packages\api-contract\generated\dart\lib\src\model\nrpc_proposal.dart
[main] [34mINFO [0;39m o.o.codegen.TemplateManager - writing file C:\Users\RJ\Downloads\Capstone Project System\Capstone_MateryalPH\packages\api-contract\generated\dart\test\nrpc_proposal_test.dart
[main] [34mINFO [0;39m o.o.codegen.TemplateManager - writing file C:\Users\RJ\Downloads\Capstone Project System\Capstone_MateryalPH\packages\api-contract\generated\dart\doc\NrpcProposal.md
[main] [34mINFO [0;39m o.o.codegen.TemplateManager - writing file C:\Users\RJ\Downloads\Capstone Project System\Capstone_MateryalPH\packages\api-contract\generated\dart\lib\src\model\nrpc_reject_request.dart
[main] [34mINFO [0;39m o.o.codegen.TemplateManager - writing file C:\Users\RJ\Downloads\Capstone Project System\Capstone_MateryalPH\packages\api-contract\generated\dart\test\nrpc_reject_request_test.dart
[main] [34mINFO [0;39m o.o.codegen.TemplateManager - writing file C:\Users\RJ\Downloads\Capstone Project System\Capstone_MateryalPH\packages\api-contract\generated\dart\doc\NrpcRejectRequest.md
[main] [34mINFO [0;39m o.o.codegen.TemplateManager - writing file C:\Users\RJ\Downloads\Capstone Project System\Capstone_MateryalPH\packages\api-contract\generated\dart\lib\src\model\nrpc_terms_ref.dart
[main] [34mINFO [0;39m o.o.codegen.TemplateManager - writing file C:\Users\RJ\Downloads\Capstone Project System\Capstone_MateryalPH\packages\api-contract\generated\dart\test\nrpc_terms_ref_test.dart
[main] [34mINFO [0;39m o.o.codegen.TemplateManager - writing file C:\Users\RJ\Downloads\Capstone Project System\Capstone_MateryalPH\packages\api-contract\generated\dart\doc\NrpcTermsRef.md
[main] [34mINFO [0;39m o.o.codegen.TemplateManager - writing file C:\Users\RJ\Downloads\Capstone Project System\Capstone_MateryalPH\packages\api-contract\generated\dart\lib\src\model\nrpc_terms_version.dart
[main] [34mINFO [0;39m o.o.codegen.TemplateManager - writing file C:\Users\RJ\Downloads\Capstone Project System\Capstone_MateryalPH\packages\api-contract\generated\dart\test\nrpc_terms_version_test.dart
[main] [34mINFO [0;39m o.o.codegen.TemplateManager - writing file C:\Users\RJ\Downloads\Capstone Project System\Capstone_MateryalPH\packages\api-contract\generated\dart\doc\NrpcTermsVersion.md
[main] [34mINFO [0;39m o.o.codegen.TemplateManager - writing file C:\Users\RJ\Downloads\Capstone Project System\Capstone_MateryalPH\packages\api-contract\generated\dart\lib\src\model\onboarding_draft_version.dart
[main] [34mINFO [0;39m o.o.codegen.TemplateManager - writing file C:\Users\RJ\Downloads\Capstone Project System\Capstone_MateryalPH\packages\api-contract\generated\dart\test\onboarding_draft_version_test.dart
[main] [34mINFO [0;39m o.o.codegen.TemplateManager - writing file C:\Users\RJ\Downloads\Capstone Project System\Capstone_MateryalPH\packages\api-contract\generated\dart\doc\OnboardingDraftVersion.md
[main] [34mINFO [0;39m o.o.codegen.TemplateManager - writing file C:\Users\RJ\Downloads\Capstone Project System\Capstone_MateryalPH\packages\api-contract\generated\dart\lib\src\model\onboarding_requirement.dart
[main] [34mINFO [0;39m o.o.codegen.TemplateManager - writing file C:\Users\RJ\Downloads\Capstone Project System\Capstone_MateryalPH\packages\api-contract\generated\dart\test\onboarding_requirement_test.dart
[main] [34mINFO [0;39m o.o.codegen.TemplateManager - writing file C:\Users\RJ\Downloads\Capstone Project System\Capstone_MateryalPH\packages\api-contract\generated\dart\doc\OnboardingRequirement.md
[main] [34mINFO [0;39m o.o.codegen.TemplateManager - writing file C:\Users\RJ\Downloads\Capstone Project System\Capstone_MateryalPH\packages\api-contract\generated\dart\lib\src\model\onboarding_step_completion.dart
[main] [34mINFO [0;39m o.o.codegen.TemplateManager - writing file C:\Users\RJ\Downloads\Capstone Project System\Capstone_MateryalPH\packages\api-contract\generated\dart\test\onboarding_step_completion_test.dart
[main] [34mINFO [0;39m o.o.codegen.TemplateManager - writing file C:\Users\RJ\Downloads\Capstone Project System\Capstone_MateryalPH\packages\api-contract\generated\dart\doc\OnboardingStepCompletion.md
[main] [34mINFO [0;39m o.o.codegen.TemplateManager - writing file C:\Users\RJ\Downloads\Capstone Project System\Capstone_MateryalPH\packages\api-contract\generated\dart\lib\src\model\order_buyer_ref.dart
[main] [34mINFO [0;39m o.o.codegen.TemplateManager - writing file C:\Users\RJ\Downloads\Capstone Project System\Capstone_MateryalPH\packages\api-contract\generated\dart\test\order_buyer_ref_test.dart
[main] [34mINFO [0;39m o.o.codegen.TemplateManager - writing file C:\Users\RJ\Downloads\Capstone Project System\Capstone_MateryalPH\packages\api-contract\generated\dart\doc\OrderBuyerRef.md
[main] [34mINFO [0;39m o.o.codegen.TemplateManager - writing file C:\Users\RJ\Downloads\Capstone Project System\Capstone_MateryalPH\packages\api-contract\generated\dart\lib\src\model\order_change.dart
[main] [34mINFO [0;39m o.o.codegen.TemplateManager - writing file C:\Users\RJ\Downloads\Capstone Project System\Capstone_MateryalPH\packages\api-contract\generated\dart\test\order_change_test.dart
[main] [34mINFO [0;39m o.o.codegen.TemplateManager - writing file C:\Users\RJ\Downloads\Capstone Project System\Capstone_MateryalPH\packages\api-contract\generated\dart\doc\OrderChange.md
[main] [34mINFO [0;39m o.o.codegen.TemplateManager - writing file C:\Users\RJ\Downloads\Capstone Project System\Capstone_MateryalPH\packages\api-contract\generated\dart\lib\src\model\order_checkout_ref.dart
[main] [34mINFO [0;39m o.o.codegen.TemplateManager - writing file C:\Users\RJ\Downloads\Capstone Project System\Capstone_MateryalPH\packages\api-contract\generated\dart\test\order_checkout_ref_test.dart
[main] [34mINFO [0;39m o.o.codegen.TemplateManager - writing file C:\Users\RJ\Downloads\Capstone Project System\Capstone_MateryalPH\packages\api-contract\generated\dart\doc\OrderCheckoutRef.md
[main] [34mINFO [0;39m o.o.codegen.TemplateManager - writing file C:\Users\RJ\Downloads\Capstone Project System\Capstone_MateryalPH\packages\api-contract\generated\dart\lib\src\model\order_commercial_version.dart
[main] [34mINFO [0;39m o.o.codegen.TemplateManager - writing file C:\Users\RJ\Downloads\Capstone Project System\Capstone_MateryalPH\packages\api-contract\generated\dart\test\order_commercial_version_test.dart
[main] [34mINFO [0;39m o.o.codegen.TemplateManager - writing file C:\Users\RJ\Downloads\Capstone Project System\Capstone_MateryalPH\packages\api-contract\generated\dart\doc\OrderCommercialVersion.md
[main] [34mINFO [0;39m o.o.codegen.TemplateManager - writing file C:\Users\RJ\Downloads\Capstone Project System\Capstone_MateryalPH\packages\api-contract\generated\dart\lib\src\model\order_confirmed_delivery.dart
[main] [34mINFO [0;39m o.o.codegen.TemplateManager - writing file C:\Users\RJ\Downloads\Capstone Project System\Capstone_MateryalPH\packages\api-contract\generated\dart\test\order_confirmed_delivery_test.dart
[main] [34mINFO [0;39m o.o.codegen.TemplateManager - writing file C:\Users\RJ\Downloads\Capstone Project System\Capstone_MateryalPH\packages\api-contract\generated\dart\doc\OrderConfirmedDelivery.md
[main] [34mINFO [0;39m o.o.codegen.TemplateManager - writing file C:\Users\RJ\Downloads\Capstone Project System\Capstone_MateryalPH\packages\api-contract\generated\dart\lib\src\model\order_deadline.dart
[main] [34mINFO [0;39m o.o.codegen.TemplateManager - writing file C:\Users\RJ\Downloads\Capstone Project System\Capstone_MateryalPH\packages\api-contract\generated\dart\test\order_deadline_test.dart
[main] [34mINFO [0;39m o.o.codegen.TemplateManager - writing file C:\Users\RJ\Downloads\Capstone Project System\Capstone_MateryalPH\packages\api-contract\generated\dart\doc\OrderDeadline.md
[main] [34mINFO [0;39m o.o.codegen.TemplateManager - writing file C:\Users\RJ\Downloads\Capstone Project System\Capstone_MateryalPH\packages\api-contract\generated\dart\lib\src\model\order_deadlines.dart
[main] [34mINFO [0;39m o.o.codegen.TemplateManager - writing file C:\Users\RJ\Downloads\Capstone Project System\Capstone_MateryalPH\packages\api-contract\generated\dart\test\order_deadlines_test.dart
[main] [34mINFO [0;39m o.o.codegen.TemplateManager - writing file C:\Users\RJ\Downloads\Capstone Project System\Capstone_MateryalPH\packages\api-contract\generated\dart\doc\OrderDeadlines.md
[main] [34mINFO [0;39m o.o.codegen.TemplateManager - writing file C:\Users\RJ\Downloads\Capstone Project System\Capstone_MateryalPH\packages\api-contract\generated\dart\lib\src\model\order_delivery.dart
[main] [34mINFO [0;39m o.o.codegen.TemplateManager - writing file C:\Users\RJ\Downloads\Capstone Project System\Capstone_MateryalPH\packages\api-contract\generated\dart\test\order_delivery_test.dart
[main] [34mINFO [0;39m o.o.codegen.TemplateManager - writing file C:\Users\RJ\Downloads\Capstone Project System\Capstone_MateryalPH\packages\api-contract\generated\dart\doc\OrderDelivery.md
[main] [34mINFO [0;39m o.o.codegen.TemplateManager - writing file C:\Users\RJ\Downloads\Capstone Project System\Capstone_MateryalPH\packages\api-contract\generated\dart\lib\src\model\order_delivery_estimate.dart
[main] [34mINFO [0;39m o.o.codegen.TemplateManager - writing file C:\Users\RJ\Downloads\Capstone Project System\Capstone_MateryalPH\packages\api-contract\generated\dart\test\order_delivery_estimate_test.dart
[main] [34mINFO [0;39m o.o.codegen.TemplateManager - writing file C:\Users\RJ\Downloads\Capstone Project System\Capstone_MateryalPH\packages\api-contract\generated\dart\doc\OrderDeliveryEstimate.md
[main] [34mINFO [0;39m o.o.codegen.TemplateManager - writing file C:\Users\RJ\Downloads\Capstone Project System\Capstone_MateryalPH\packages\api-contract\generated\dart\lib\src\model\order_delivery_vehicle.dart
[main] [34mINFO [0;39m o.o.codegen.TemplateManager - writing file C:\Users\RJ\Downloads\Capstone Project System\Capstone_MateryalPH\packages\api-contract\generated\dart\test\order_delivery_vehicle_test.dart
[main] [34mINFO [0;39m o.o.codegen.TemplateManager - writing file C:\Users\RJ\Downloads\Capstone Project System\Capstone_MateryalPH\packages\api-contract\generated\dart\doc\OrderDeliveryVehicle.md
[main] [34mINFO [0;39m o.o.codegen.TemplateManager - writing file C:\Users\RJ\Downloads\Capstone Project System\Capstone_MateryalPH\packages\api-contract\generated\dart\lib\src\model\order_destination.dart
[main] [34mINFO [0;39m o.o.codegen.TemplateManager - writing file C:\Users\RJ\Downloads\Capstone Project System\Capstone_MateryalPH\packages\api-contract\generated\dart\test\order_destination_test.dart
[main] [34mINFO [0;39m o.o.codegen.TemplateManager - writing file C:\Users\RJ\Downloads\Capstone Project System\Capstone_MateryalPH\packages\api-contract\generated\dart\doc\OrderDestination.md
[main] [34mINFO [0;39m o.o.codegen.TemplateManager - writing file C:\Users\RJ\Downloads\Capstone Project System\Capstone_MateryalPH\packages\api-contract\generated\dart\lib\src\model\order_detail.dart
[main] [34mINFO [0;39m o.o.codegen.TemplateManager - writing file C:\Users\RJ\Downloads\Capstone Project System\Capstone_MateryalPH\packages\api-contract\generated\dart\test\order_detail_test.dart
[main] [34mINFO [0;39m o.o.codegen.TemplateManager - writing file C:\Users\RJ\Downloads\Capstone Project System\Capstone_MateryalPH\packages\api-contract\generated\dart\doc\OrderDetail.md
[main] [34mINFO [0;39m o.o.codegen.TemplateManager - writing file C:\Users\RJ\Downloads\Capstone Project System\Capstone_MateryalPH\packages\api-contract\generated\dart\lib\src\model\order_detail_envelope.dart
[main] [34mINFO [0;39m o.o.codegen.TemplateManager - writing file C:\Users\RJ\Downloads\Capstone Project System\Capstone_MateryalPH\packages\api-contract\generated\dart\test\order_detail_envelope_test.dart
[main] [34mINFO [0;39m o.o.codegen.TemplateManager - writing file C:\Users\RJ\Downloads\Capstone Project System\Capstone_MateryalPH\packages\api-contract\generated\dart\doc\OrderDetailEnvelope.md
[main] [34mINFO [0;39m o.o.codegen.TemplateManager - writing file C:\Users\RJ\Downloads\Capstone Project System\Capstone_MateryalPH\packages\api-contract\generated\dart\lib\src\model\order_first_line.dart
[main] [34mINFO [0;39m o.o.codegen.TemplateManager - writing file C:\Users\RJ\Downloads\Capstone Project System\Capstone_MateryalPH\packages\api-contract\generated\dart\test\order_first_line_test.dart
[main] [34mINFO [0;39m o.o.codegen.TemplateManager - writing file C:\Users\RJ\Downloads\Capstone Project System\Capstone_MateryalPH\packages\api-contract\generated\dart\doc\OrderFirstLine.md
[main] [34mINFO [0;39m o.o.codegen.TemplateManager - writing file C:\Users\RJ\Downloads\Capstone Project System\Capstone_MateryalPH\packages\api-contract\generated\dart\lib\src\model\order_line.dart
[main] [34mINFO [0;39m o.o.codegen.TemplateManager - writing file C:\Users\RJ\Downloads\Capstone Project System\Capstone_MateryalPH\packages\api-contract\generated\dart\test\order_line_test.dart
[main] [34mINFO [0;39m o.o.codegen.TemplateManager - writing file C:\Users\RJ\Downloads\Capstone Project System\Capstone_MateryalPH\packages\api-contract\generated\dart\doc\OrderLine.md
[main] [34mINFO [0;39m o.o.codegen.TemplateManager - writing file C:\Users\RJ\Downloads\Capstone Project System\Capstone_MateryalPH\packages\api-contract\generated\dart\lib\src\model\order_line_inventory.dart
[main] [34mINFO [0;39m o.o.codegen.TemplateManager - writing file C:\Users\RJ\Downloads\Capstone Project System\Capstone_MateryalPH\packages\api-contract\generated\dart\test\order_line_inventory_test.dart
[main] [34mINFO [0;39m o.o.codegen.TemplateManager - writing file C:\Users\RJ\Downloads\Capstone Project System\Capstone_MateryalPH\packages\api-contract\generated\dart\doc\OrderLineInventory.md
[main] [34mINFO [0;39m o.o.codegen.TemplateManager - writing file C:\Users\RJ\Downloads\Capstone Project System\Capstone_MateryalPH\packages\api-contract\generated\dart\lib\src\model\order_line_quantity.dart
[main] [34mINFO [0;39m o.o.codegen.TemplateManager - writing file C:\Users\RJ\Downloads\Capstone Project System\Capstone_MateryalPH\packages\api-contract\generated\dart\test\order_line_quantity_test.dart
[main] [34mINFO [0;39m o.o.codegen.TemplateManager - writing file C:\Users\RJ\Downloads\Capstone Project System\Capstone_MateryalPH\packages\api-contract\generated\dart\doc\OrderLineQuantity.md
[main] [34mINFO [0;39m o.o.codegen.TemplateManager - writing file C:\Users\RJ\Downloads\Capstone Project System\Capstone_MateryalPH\packages\api-contract\generated\dart\lib\src\model\order_list_envelope.dart
[main] [34mINFO [0;39m o.o.codegen.TemplateManager - writing file C:\Users\RJ\Downloads\Capstone Project System\Capstone_MateryalPH\packages\api-contract\generated\dart\test\order_list_envelope_test.dart
[main] [34mINFO [0;39m o.o.codegen.TemplateManager - writing file C:\Users\RJ\Downloads\Capstone Project System\Capstone_MateryalPH\packages\api-contract\generated\dart\doc\OrderListEnvelope.md
[main] [34mINFO [0;39m o.o.codegen.TemplateManager - writing file C:\Users\RJ\Downloads\Capstone Project System\Capstone_MateryalPH\packages\api-contract\generated\dart\lib\src\model\order_list_meta.dart
[main] [34mINFO [0;39m o.o.codegen.TemplateManager - writing file C:\Users\RJ\Downloads\Capstone Project System\Capstone_MateryalPH\packages\api-contract\generated\dart\test\order_list_meta_test.dart
[main] [34mINFO [0;39m o.o.codegen.TemplateManager - writing file C:\Users\RJ\Downloads\Capstone Project System\Capstone_MateryalPH\packages\api-contract\generated\dart\doc\OrderListMeta.md
[main] [34mINFO [0;39m o.o.codegen.TemplateManager - writing file C:\Users\RJ\Downloads\Capstone Project System\Capstone_MateryalPH\packages\api-contract\generated\dart\lib\src\model\order_nrpc.dart
[main] [34mINFO [0;39m o.o.codegen.TemplateManager - writing file C:\Users\RJ\Downloads\Capstone Project System\Capstone_MateryalPH\packages\api-contract\generated\dart\test\order_nrpc_test.dart
[main] [34mINFO [0;39m o.o.codegen.TemplateManager - writing file C:\Users\RJ\Downloads\Capstone Project System\Capstone_MateryalPH\packages\api-contract\generated\dart\doc\OrderNrpc.md
[main] [34mINFO [0;39m o.o.codegen.TemplateManager - writing file C:\Users\RJ\Downloads\Capstone Project System\Capstone_MateryalPH\packages\api-contract\generated\dart\lib\src\model\order_payment_availability.dart
[main] [34mINFO [0;39m o.o.codegen.TemplateManager - writing file C:\Users\RJ\Downloads\Capstone Project System\Capstone_MateryalPH\packages\api-contract\generated\dart\test\order_payment_availability_test.dart
[main] [34mINFO [0;39m o.o.codegen.TemplateManager - writing file C:\Users\RJ\Downloads\Capstone Project System\Capstone_MateryalPH\packages\api-contract\generated\dart\doc\OrderPaymentAvailability.md
[main] [34mINFO [0;39m o.o.codegen.TemplateManager - skipping unchanged file C:\Users\RJ\Downloads\Capstone Project System\Capstone_MateryalPH\packages\api-contract\generated\dart\lib\src\model\order_payment_state.dart
[main] [34mINFO [0;39m o.o.codegen.TemplateManager - writing file C:\Users\RJ\Downloads\Capstone Project System\Capstone_MateryalPH\packages\api-contract\generated\dart\test\order_payment_state_test.dart
[main] [34mINFO [0;39m o.o.codegen.TemplateManager - skipping unchanged file C:\Users\RJ\Downloads\Capstone Project System\Capstone_MateryalPH\packages\api-contract\generated\dart\doc\OrderPaymentState.md
[main] [34mINFO [0;39m o.o.codegen.TemplateManager - writing file C:\Users\RJ\Downloads\Capstone Project System\Capstone_MateryalPH\packages\api-contract\generated\dart\lib\src\model\order_point.dart
[main] [34mINFO [0;39m o.o.codegen.TemplateManager - writing file C:\Users\RJ\Downloads\Capstone Project System\Capstone_MateryalPH\packages\api-contract\generated\dart\test\order_point_test.dart
[main] [34mINFO [0;39m o.o.codegen.TemplateManager - writing file C:\Users\RJ\Downloads\Capstone Project System\Capstone_MateryalPH\packages\api-contract\generated\dart\doc\OrderPoint.md
[main] [34mINFO [0;39m o.o.codegen.TemplateManager - writing file C:\Users\RJ\Downloads\Capstone Project System\Capstone_MateryalPH\packages\api-contract\generated\dart\lib\src\model\order_reservation.dart
[main] [34mINFO [0;39m o.o.codegen.TemplateManager - writing file C:\Users\RJ\Downloads\Capstone Project System\Capstone_MateryalPH\packages\api-contract\generated\dart\test\order_reservation_test.dart
[main] [34mINFO [0;39m o.o.codegen.TemplateManager - writing file C:\Users\RJ\Downloads\Capstone Project System\Capstone_MateryalPH\packages\api-contract\generated\dart\doc\OrderReservation.md
[main] [34mINFO [0;39m o.o.codegen.TemplateManager - writing file C:\Users\RJ\Downloads\Capstone Project System\Capstone_MateryalPH\packages\api-contract\generated\dart\lib\src\model\order_revision_decision.dart
[main] [34mINFO [0;39m o.o.codegen.TemplateManager - writing file C:\Users\RJ\Downloads\Capstone Project System\Capstone_MateryalPH\packages\api-contract\generated\dart\test\order_revision_decision_test.dart
[main] [34mINFO [0;39m o.o.codegen.TemplateManager - writing file C:\Users\RJ\Downloads\Capstone Project System\Capstone_MateryalPH\packages\api-contract\generated\dart\doc\OrderRevisionDecision.md
[main] [34mINFO [0;39m o.o.codegen.TemplateManager - skipping unchanged file C:\Users\RJ\Downloads\Capstone Project System\Capstone_MateryalPH\packages\api-contract\generated\dart\lib\src\model\order_state.dart
[main] [34mINFO [0;39m o.o.codegen.TemplateManager - writing file C:\Users\RJ\Downloads\Capstone Project System\Capstone_MateryalPH\packages\api-contract\generated\dart\test\order_state_test.dart
[main] [34mINFO [0;39m o.o.codegen.TemplateManager - skipping unchanged file C:\Users\RJ\Downloads\Capstone Project System\Capstone_MateryalPH\packages\api-contract\generated\dart\doc\OrderState.md
[main] [34mINFO [0;39m o.o.codegen.TemplateManager - writing file C:\Users\RJ\Downloads\Capstone Project System\Capstone_MateryalPH\packages\api-contract\generated\dart\lib\src\model\order_state_row.dart
[main] [34mINFO [0;39m o.o.codegen.TemplateManager - writing file C:\Users\RJ\Downloads\Capstone Project System\Capstone_MateryalPH\packages\api-contract\generated\dart\test\order_state_row_test.dart
[main] [34mINFO [0;39m o.o.codegen.TemplateManager - writing file C:\Users\RJ\Downloads\Capstone Project System\Capstone_MateryalPH\packages\api-contract\generated\dart\doc\OrderStateRow.md
[main] [34mINFO [0;39m o.o.codegen.TemplateManager - writing file C:\Users\RJ\Downloads\Capstone Project System\Capstone_MateryalPH\packages\api-contract\generated\dart\lib\src\model\order_summary.dart
[main] [34mINFO [0;39m o.o.codegen.TemplateManager - writing file C:\Users\RJ\Downloads\Capstone Project System\Capstone_MateryalPH\packages\api-contract\generated\dart\test\order_summary_test.dart
[main] [34mINFO [0;39m o.o.codegen.TemplateManager - writing file C:\Users\RJ\Downloads\Capstone Project System\Capstone_MateryalPH\packages\api-contract\generated\dart\doc\OrderSummary.md
[main] [34mINFO [0;39m o.o.codegen.TemplateManager - writing file C:\Users\RJ\Downloads\Capstone Project System\Capstone_MateryalPH\packages\api-contract\generated\dart\lib\src\model\order_timeline_event.dart
[main] [34mINFO [0;39m o.o.codegen.TemplateManager - writing file C:\Users\RJ\Downloads\Capstone Project System\Capstone_MateryalPH\packages\api-contract\generated\dart\test\order_timeline_event_test.dart
[main] [34mINFO [0;39m o.o.codegen.TemplateManager - writing file C:\Users\RJ\Downloads\Capstone Project System\Capstone_MateryalPH\packages\api-contract\generated\dart\doc\OrderTimelineEvent.md
[main] [34mINFO [0;39m o.o.codegen.TemplateManager - writing file C:\Users\RJ\Downloads\Capstone Project System\Capstone_MateryalPH\packages\api-contract\generated\dart\lib\src\model\order_vendor_ref.dart
[main] [34mINFO [0;39m o.o.codegen.TemplateManager - writing file C:\Users\RJ\Downloads\Capstone Project System\Capstone_MateryalPH\packages\api-contract\generated\dart\test\order_vendor_ref_test.dart
[main] [34mINFO [0;39m o.o.codegen.TemplateManager - writing file C:\Users\RJ\Downloads\Capstone Project System\Capstone_MateryalPH\packages\api-contract\generated\dart\doc\OrderVendorRef.md
[main] [34mINFO [0;39m o.o.codegen.TemplateManager - writing file C:\Users\RJ\Downloads\Capstone Project System\Capstone_MateryalPH\packages\api-contract\generated\dart\lib\src\model\order_volume_tier.dart
[main] [34mINFO [0;39m o.o.codegen.TemplateManager - writing file C:\Users\RJ\Downloads\Capstone Project System\Capstone_MateryalPH\packages\api-contract\generated\dart\test\order_volume_tier_test.dart
[main] [34mINFO [0;39m o.o.codegen.TemplateManager - writing file C:\Users\RJ\Downloads\Capstone Project System\Capstone_MateryalPH\packages\api-contract\generated\dart\doc\OrderVolumeTier.md
[main] [34mINFO [0;39m o.o.codegen.TemplateManager - writing file C:\Users\RJ\Downloads\Capstone Project System\Capstone_MateryalPH\packages\api-contract\generated\dart\lib\src\model\page_meta.dart
[main] [34mINFO [0;39m o.o.codegen.TemplateManager - writing file C:\Users\RJ\Downloads\Capstone Project System\Capstone_MateryalPH\packages\api-contract\generated\dart\test\page_meta_test.dart
[main] [34mINFO [0;39m o.o.codegen.TemplateManager - writing file C:\Users\RJ\Downloads\Capstone Project System\Capstone_MateryalPH\packages\api-contract\generated\dart\doc\PageMeta.md
[main] [34mINFO [0;39m o.o.codegen.TemplateManager - writing file C:\Users\RJ\Downloads\Capstone Project System\Capstone_MateryalPH\packages\api-contract\generated\dart\lib\src\model\password_recovery_request.dart
[main] [34mINFO [0;39m o.o.codegen.TemplateManager - writing file C:\Users\RJ\Downloads\Capstone Project System\Capstone_MateryalPH\packages\api-contract\generated\dart\test\password_recovery_request_test.dart
[main] [34mINFO [0;39m o.o.codegen.TemplateManager - writing file C:\Users\RJ\Downloads\Capstone Project System\Capstone_MateryalPH\packages\api-contract\generated\dart\doc\PasswordRecoveryRequest.md
[main] [34mINFO [0;39m o.o.codegen.TemplateManager - writing file C:\Users\RJ\Downloads\Capstone Project System\Capstone_MateryalPH\packages\api-contract\generated\dart\lib\src\model\password_reset_request.dart
[main] [34mINFO [0;39m o.o.codegen.TemplateManager - writing file C:\Users\RJ\Downloads\Capstone Project System\Capstone_MateryalPH\packages\api-contract\generated\dart\test\password_reset_request_test.dart
[main] [34mINFO [0;39m o.o.codegen.TemplateManager - writing file C:\Users\RJ\Downloads\Capstone Project System\Capstone_MateryalPH\packages\api-contract\generated\dart\doc\PasswordResetRequest.md
[main] [34mINFO [0;39m o.o.codegen.TemplateManager - writing file C:\Users\RJ\Downloads\Capstone Project System\Capstone_MateryalPH\packages\api-contract\generated\dart\lib\src\model\payment_method_eligibility.dart
[main] [34mINFO [0;39m o.o.codegen.TemplateManager - writing file C:\Users\RJ\Downloads\Capstone Project System\Capstone_MateryalPH\packages\api-contract\generated\dart\test\payment_method_eligibility_test.dart
[main] [34mINFO [0;39m o.o.codegen.TemplateManager - writing file C:\Users\RJ\Downloads\Capstone Project System\Capstone_MateryalPH\packages\api-contract\generated\dart\doc\PaymentMethodEligibility.md
[main] [34mINFO [0;39m o.o.codegen.TemplateManager - skipping unchanged file C:\Users\RJ\Downloads\Capstone Project System\Capstone_MateryalPH\packages\api-contract\generated\dart\lib\src\model\pickup_confirmation.dart
[main] [34mINFO [0;39m o.o.codegen.TemplateManager - writing file C:\Users\RJ\Downloads\Capstone Project System\Capstone_MateryalPH\packages\api-contract\generated\dart\test\pickup_confirmation_test.dart
[main] [34mINFO [0;39m o.o.codegen.TemplateManager - writing file C:\Users\RJ\Downloads\Capstone Project System\Capstone_MateryalPH\packages\api-contract\generated\dart\doc\PickupConfirmation.md
[main] [34mINFO [0;39m o.o.codegen.TemplateManager - writing file C:\Users\RJ\Downloads\Capstone Project System\Capstone_MateryalPH\packages\api-contract\generated\dart\lib\src\model\pickup_preview.dart
[main] [34mINFO [0;39m o.o.codegen.TemplateManager - writing file C:\Users\RJ\Downloads\Capstone Project System\Capstone_MateryalPH\packages\api-contract\generated\dart\test\pickup_preview_test.dart
[main] [34mINFO [0;39m o.o.codegen.TemplateManager - writing file C:\Users\RJ\Downloads\Capstone Project System\Capstone_MateryalPH\packages\api-contract\generated\dart\doc\PickupPreview.md
[main] [34mINFO [0;39m o.o.codegen.TemplateManager - writing file C:\Users\RJ\Downloads\Capstone Project System\Capstone_MateryalPH\packages\api-contract\generated\dart\lib\src\model\price_history_entry.dart
[main] [34mINFO [0;39m o.o.codegen.TemplateManager - writing file C:\Users\RJ\Downloads\Capstone Project System\Capstone_MateryalPH\packages\api-contract\generated\dart\test\price_history_entry_test.dart
[main] [34mINFO [0;39m o.o.codegen.TemplateManager - writing file C:\Users\RJ\Downloads\Capstone Project System\Capstone_MateryalPH\packages\api-contract\generated\dart\doc\PriceHistoryEntry.md
[main] [34mINFO [0;39m o.o.codegen.TemplateManager - writing file C:\Users\RJ\Downloads\Capstone Project System\Capstone_MateryalPH\packages\api-contract\generated\dart\lib\src\model\price_history_envelope.dart
[main] [34mINFO [0;39m o.o.codegen.TemplateManager - writing file C:\Users\RJ\Downloads\Capstone Project System\Capstone_MateryalPH\packages\api-contract\generated\dart\test\price_history_envelope_test.dart
[main] [34mINFO [0;39m o.o.codegen.TemplateManager - writing file C:\Users\RJ\Downloads\Capstone Project System\Capstone_MateryalPH\packages\api-contract\generated\dart\doc\PriceHistoryEnvelope.md
[main] [34mINFO [0;39m o.o.codegen.TemplateManager - writing file C:\Users\RJ\Downloads\Capstone Project System\Capstone_MateryalPH\packages\api-contract\generated\dart\lib\src\model\processing_fee.dart
[main] [34mINFO [0;39m o.o.codegen.TemplateManager - writing file C:\Users\RJ\Downloads\Capstone Project System\Capstone_MateryalPH\packages\api-contract\generated\dart\test\processing_fee_test.dart
[main] [34mINFO [0;39m o.o.codegen.TemplateManager - writing file C:\Users\RJ\Downloads\Capstone Project System\Capstone_MateryalPH\packages\api-contract\generated\dart\doc\ProcessingFee.md
[main] [34mINFO [0;39m o.o.codegen.TemplateManager - writing file C:\Users\RJ\Downloads\Capstone Project System\Capstone_MateryalPH\packages\api-contract\generated\dart\lib\src\model\processing_fee_amount.dart
[main] [34mINFO [0;39m o.o.codegen.TemplateManager - writing file C:\Users\RJ\Downloads\Capstone Project System\Capstone_MateryalPH\packages\api-contract\generated\dart\test\processing_fee_amount_test.dart
[main] [34mINFO [0;39m o.o.codegen.TemplateManager - writing file C:\Users\RJ\Downloads\Capstone Project System\Capstone_MateryalPH\packages\api-contract\generated\dart\doc\ProcessingFeeAmount.md
[main] [34mINFO [0;39m o.o.codegen.TemplateManager - writing file C:\Users\RJ\Downloads\Capstone Project System\Capstone_MateryalPH\packages\api-contract\generated\dart\lib\src\model\product_compliance_case_envelope.dart
[main] [34mINFO [0;39m o.o.codegen.TemplateManager - writing file C:\Users\RJ\Downloads\Capstone Project System\Capstone_MateryalPH\packages\api-contract\generated\dart\test\product_compliance_case_envelope_test.dart
[main] [34mINFO [0;39m o.o.codegen.TemplateManager - writing file C:\Users\RJ\Downloads\Capstone Project System\Capstone_MateryalPH\packages\api-contract\generated\dart\doc\ProductComplianceCaseEnvelope.md
[main] [34mINFO [0;39m o.o.codegen.TemplateManager - writing file C:\Users\RJ\Downloads\Capstone Project System\Capstone_MateryalPH\packages\api-contract\generated\dart\lib\src\model\product_compliance_case_envelope_data.dart
[main] [34mINFO [0;39m o.o.codegen.TemplateManager - writing file C:\Users\RJ\Downloads\Capstone Project System\Capstone_MateryalPH\packages\api-contract\generated\dart\test\product_compliance_case_envelope_data_test.dart
[main] [34mINFO [0;39m o.o.codegen.TemplateManager - writing file C:\Users\RJ\Downloads\Capstone Project System\Capstone_MateryalPH\packages\api-contract\generated\dart\doc\ProductComplianceCaseEnvelopeData.md
[main] [34mINFO [0;39m o.o.codegen.TemplateManager - writing file C:\Users\RJ\Downloads\Capstone Project System\Capstone_MateryalPH\packages\api-contract\generated\dart\lib\src\model\product_compliance_decision.dart
[main] [34mINFO [0;39m o.o.codegen.TemplateManager - writing file C:\Users\RJ\Downloads\Capstone Project System\Capstone_MateryalPH\packages\api-contract\generated\dart\test\product_compliance_decision_test.dart
[main] [34mINFO [0;39m o.o.codegen.TemplateManager - writing file C:\Users\RJ\Downloads\Capstone Project System\Capstone_MateryalPH\packages\api-contract\generated\dart\doc\ProductComplianceDecision.md
[main] [34mINFO [0;39m o.o.codegen.TemplateManager - writing file C:\Users\RJ\Downloads\Capstone Project System\Capstone_MateryalPH\packages\api-contract\generated\dart\lib\src\model\product_compliance_queue_envelope.dart
[main] [34mINFO [0;39m o.o.codegen.TemplateManager - writing file C:\Users\RJ\Downloads\Capstone Project System\Capstone_MateryalPH\packages\api-contract\generated\dart\test\product_compliance_queue_envelope_test.dart
[main] [34mINFO [0;39m o.o.codegen.TemplateManager - writing file C:\Users\RJ\Downloads\Capstone Project System\Capstone_MateryalPH\packages\api-contract\generated\dart\doc\ProductComplianceQueueEnvelope.md
[main] [34mINFO [0;39m o.o.codegen.TemplateManager - writing file C:\Users\RJ\Downloads\Capstone Project System\Capstone_MateryalPH\packages\api-contract\generated\dart\lib\src\model\product_compliance_queue_item.dart
[main] [34mINFO [0;39m o.o.codegen.TemplateManager - writing file C:\Users\RJ\Downloads\Capstone Project System\Capstone_MateryalPH\packages\api-contract\generated\dart\test\product_compliance_queue_item_test.dart
[main] [34mINFO [0;39m o.o.codegen.TemplateManager - writing file C:\Users\RJ\Downloads\Capstone Project System\Capstone_MateryalPH\packages\api-contract\generated\dart\doc\ProductComplianceQueueItem.md
[main] [34mINFO [0;39m o.o.codegen.TemplateManager - writing file C:\Users\RJ\Downloads\Capstone Project System\Capstone_MateryalPH\packages\api-contract\generated\dart\lib\src\model\product_rating_summary.dart
[main] [34mINFO [0;39m o.o.codegen.TemplateManager - writing file C:\Users\RJ\Downloads\Capstone Project System\Capstone_MateryalPH\packages\api-contract\generated\dart\test\product_rating_summary_test.dart
[main] [34mINFO [0;39m o.o.codegen.TemplateManager - writing file C:\Users\RJ\Downloads\Capstone Project System\Capstone_MateryalPH\packages\api-contract\generated\dart\doc\ProductRatingSummary.md
[main] [34mINFO [0;39m o.o.codegen.TemplateManager - writing file C:\Users\RJ\Downloads\Capstone Project System\Capstone_MateryalPH\packages\api-contract\generated\dart\lib\src\model\provider_attribution.dart
[main] [34mINFO [0;39m o.o.codegen.TemplateManager - writing file C:\Users\RJ\Downloads\Capstone Project System\Capstone_MateryalPH\packages\api-contract\generated\dart\test\provider_attribution_test.dart
[main] [34mINFO [0;39m o.o.codegen.TemplateManager - writing file C:\Users\RJ\Downloads\Capstone Project System\Capstone_MateryalPH\packages\api-contract\generated\dart\doc\ProviderAttribution.md
[main] [34mINFO [0;39m o.o.codegen.TemplateManager - writing file C:\Users\RJ\Downloads\Capstone Project System\Capstone_MateryalPH\packages\api-contract\generated\dart\lib\src\model\psgc_area.dart
[main] [34mINFO [0;39m o.o.codegen.TemplateManager - writing file C:\Users\RJ\Downloads\Capstone Project System\Capstone_MateryalPH\packages\api-contract\generated\dart\test\psgc_area_test.dart
[main] [34mINFO [0;39m o.o.codegen.TemplateManager - writing file C:\Users\RJ\Downloads\Capstone Project System\Capstone_MateryalPH\packages\api-contract\generated\dart\doc\PsgcArea.md
[main] [34mINFO [0;39m o.o.codegen.TemplateManager - writing file C:\Users\RJ\Downloads\Capstone Project System\Capstone_MateryalPH\packages\api-contract\generated\dart\lib\src\model\psgc_area_list_envelope.dart
[main] [34mINFO [0;39m o.o.codegen.TemplateManager - writing file C:\Users\RJ\Downloads\Capstone Project System\Capstone_MateryalPH\packages\api-contract\generated\dart\test\psgc_area_list_envelope_test.dart
[main] [34mINFO [0;39m o.o.codegen.TemplateManager - writing file C:\Users\RJ\Downloads\Capstone Project System\Capstone_MateryalPH\packages\api-contract\generated\dart\doc\PsgcAreaListEnvelope.md
[main] [34mINFO [0;39m o.o.codegen.TemplateManager - writing file C:\Users\RJ\Downloads\Capstone Project System\Capstone_MateryalPH\packages\api-contract\generated\dart\lib\src\model\psgc_area_list_meta.dart
[main] [34mINFO [0;39m o.o.codegen.TemplateManager - writing file C:\Users\RJ\Downloads\Capstone Project System\Capstone_MateryalPH\packages\api-contract\generated\dart\test\psgc_area_list_meta_test.dart
[main] [34mINFO [0;39m o.o.codegen.TemplateManager - writing file C:\Users\RJ\Downloads\Capstone Project System\Capstone_MateryalPH\packages\api-contract\generated\dart\doc\PsgcAreaListMeta.md
[main] [34mINFO [0;39m o.o.codegen.TemplateManager - writing file C:\Users\RJ\Downloads\Capstone Project System\Capstone_MateryalPH\packages\api-contract\generated\dart\lib\src\model\psgc_area_option.dart
[main] [34mINFO [0;39m o.o.codegen.TemplateManager - writing file C:\Users\RJ\Downloads\Capstone Project System\Capstone_MateryalPH\packages\api-contract\generated\dart\test\psgc_area_option_test.dart
[main] [34mINFO [0;39m o.o.codegen.TemplateManager - writing file C:\Users\RJ\Downloads\Capstone Project System\Capstone_MateryalPH\packages\api-contract\generated\dart\doc\PsgcAreaOption.md
[main] [34mINFO [0;39m o.o.codegen.TemplateManager - writing file C:\Users\RJ\Downloads\Capstone Project System\Capstone_MateryalPH\packages\api-contract\generated\dart\lib\src\model\psgc_area_ref.dart
[main] [34mINFO [0;39m o.o.codegen.TemplateManager - writing file C:\Users\RJ\Downloads\Capstone Project System\Capstone_MateryalPH\packages\api-contract\generated\dart\test\psgc_area_ref_test.dart
[main] [34mINFO [0;39m o.o.codegen.TemplateManager - writing file C:\Users\RJ\Downloads\Capstone Project System\Capstone_MateryalPH\packages\api-contract\generated\dart\doc\PsgcAreaRef.md
[main] [34mINFO [0;39m o.o.codegen.TemplateManager - writing file C:\Users\RJ\Downloads\Capstone Project System\Capstone_MateryalPH\packages\api-contract\generated\dart\lib\src\model\psgc_resolution.dart
[main] [34mINFO [0;39m o.o.codegen.TemplateManager - writing file C:\Users\RJ\Downloads\Capstone Project System\Capstone_MateryalPH\packages\api-contract\generated\dart\test\psgc_resolution_test.dart
[main] [34mINFO [0;39m o.o.codegen.TemplateManager - writing file C:\Users\RJ\Downloads\Capstone Project System\Capstone_MateryalPH\packages\api-contract\generated\dart\doc\PsgcResolution.md
[main] [34mINFO [0;39m o.o.codegen.TemplateManager - writing file C:\Users\RJ\Downloads\Capstone Project System\Capstone_MateryalPH\packages\api-contract\generated\dart\lib\src\model\psgc_search_envelope.dart
[main] [34mINFO [0;39m o.o.codegen.TemplateManager - writing file C:\Users\RJ\Downloads\Capstone Project System\Capstone_MateryalPH\packages\api-contract\generated\dart\test\psgc_search_envelope_test.dart
[main] [34mINFO [0;39m o.o.codegen.TemplateManager - writing file C:\Users\RJ\Downloads\Capstone Project System\Capstone_MateryalPH\packages\api-contract\generated\dart\doc\PsgcSearchEnvelope.md
[main] [34mINFO [0;39m o.o.codegen.TemplateManager - writing file C:\Users\RJ\Downloads\Capstone Project System\Capstone_MateryalPH\packages\api-contract\generated\dart\lib\src\model\psgc_search_envelope_data.dart
[main] [34mINFO [0;39m o.o.codegen.TemplateManager - writing file C:\Users\RJ\Downloads\Capstone Project System\Capstone_MateryalPH\packages\api-contract\generated\dart\test\psgc_search_envelope_data_test.dart
[main] [34mINFO [0;39m o.o.codegen.TemplateManager - writing file C:\Users\RJ\Downloads\Capstone Project System\Capstone_MateryalPH\packages\api-contract\generated\dart\doc\PsgcSearchEnvelopeData.md
[main] [34mINFO [0;39m o.o.codegen.TemplateManager - writing file C:\Users\RJ\Downloads\Capstone Project System\Capstone_MateryalPH\packages\api-contract\generated\dart\lib\src\model\public_address_summary.dart
[main] [34mINFO [0;39m o.o.codegen.TemplateManager - writing file C:\Users\RJ\Downloads\Capstone Project System\Capstone_MateryalPH\packages\api-contract\generated\dart\test\public_address_summary_test.dart
[main] [34mINFO [0;39m o.o.codegen.TemplateManager - writing file C:\Users\RJ\Downloads\Capstone Project System\Capstone_MateryalPH\packages\api-contract\generated\dart\doc\PublicAddressSummary.md
[main] [34mINFO [0;39m o.o.codegen.TemplateManager - writing file C:\Users\RJ\Downloads\Capstone Project System\Capstone_MateryalPH\packages\api-contract\generated\dart\lib\src\model\public_store_list_envelope.dart
[main] [34mINFO [0;39m o.o.codegen.TemplateManager - writing file C:\Users\RJ\Downloads\Capstone Project System\Capstone_MateryalPH\packages\api-contract\generated\dart\test\public_store_list_envelope_test.dart
[main] [34mINFO [0;39m o.o.codegen.TemplateManager - writing file C:\Users\RJ\Downloads\Capstone Project System\Capstone_MateryalPH\packages\api-contract\generated\dart\doc\PublicStoreListEnvelope.md
[main] [34mINFO [0;39m o.o.codegen.TemplateManager - writing file C:\Users\RJ\Downloads\Capstone Project System\Capstone_MateryalPH\packages\api-contract\generated\dart\lib\src\model\public_store_list_envelope_meta.dart
[main] [34mINFO [0;39m o.o.codegen.TemplateManager - writing file C:\Users\RJ\Downloads\Capstone Project System\Capstone_MateryalPH\packages\api-contract\generated\dart\test\public_store_list_envelope_meta_test.dart
[main] [34mINFO [0;39m o.o.codegen.TemplateManager - writing file C:\Users\RJ\Downloads\Capstone Project System\Capstone_MateryalPH\packages\api-contract\generated\dart\doc\PublicStoreListEnvelopeMeta.md
[main] [34mINFO [0;39m o.o.codegen.TemplateManager - writing file C:\Users\RJ\Downloads\Capstone Project System\Capstone_MateryalPH\packages\api-contract\generated\dart\lib\src\model\public_store_profile.dart
[main] [34mINFO [0;39m o.o.codegen.TemplateManager - writing file C:\Users\RJ\Downloads\Capstone Project System\Capstone_MateryalPH\packages\api-contract\generated\dart\test\public_store_profile_test.dart
[main] [34mINFO [0;39m o.o.codegen.TemplateManager - writing file C:\Users\RJ\Downloads\Capstone Project System\Capstone_MateryalPH\packages\api-contract\generated\dart\doc\PublicStoreProfile.md
[main] [34mINFO [0;39m o.o.codegen.TemplateManager - writing file C:\Users\RJ\Downloads\Capstone Project System\Capstone_MateryalPH\packages\api-contract\generated\dart\lib\src\model\public_store_profile_envelope.dart
[main] [34mINFO [0;39m o.o.codegen.TemplateManager - writing file C:\Users\RJ\Downloads\Capstone Project System\Capstone_MateryalPH\packages\api-contract\generated\dart\test\public_store_profile_envelope_test.dart
[main] [34mINFO [0;39m o.o.codegen.TemplateManager - writing file C:\Users\RJ\Downloads\Capstone Project System\Capstone_MateryalPH\packages\api-contract\generated\dart\doc\PublicStoreProfileEnvelope.md
[main] [34mINFO [0;39m o.o.codegen.TemplateManager - writing file C:\Users\RJ\Downloads\Capstone Project System\Capstone_MateryalPH\packages\api-contract\generated\dart\lib\src\model\public_store_summary.dart
[main] [34mINFO [0;39m o.o.codegen.TemplateManager - writing file C:\Users\RJ\Downloads\Capstone Project System\Capstone_MateryalPH\packages\api-contract\generated\dart\test\public_store_summary_test.dart
[main] [34mINFO [0;39m o.o.codegen.TemplateManager - writing file C:\Users\RJ\Downloads\Capstone Project System\Capstone_MateryalPH\packages\api-contract\generated\dart\doc\PublicStoreSummary.md
[main] [34mINFO [0;39m o.o.codegen.TemplateManager - writing file C:\Users\RJ\Downloads\Capstone Project System\Capstone_MateryalPH\packages\api-contract\generated\dart\lib\src\model\radius_expansion.dart
[main] [34mINFO [0;39m o.o.codegen.TemplateManager - writing file C:\Users\RJ\Downloads\Capstone Project System\Capstone_MateryalPH\packages\api-contract\generated\dart\test\radius_expansion_test.dart
[main] [34mINFO [0;39m o.o.codegen.TemplateManager - writing file C:\Users\RJ\Downloads\Capstone Project System\Capstone_MateryalPH\packages\api-contract\generated\dart\doc\RadiusExpansion.md
[main] [34mINFO [0;39m o.o.codegen.TemplateManager - skipping unchanged file C:\Users\RJ\Downloads\Capstone Project System\Capstone_MateryalPH\packages\api-contract\generated\dart\lib\src\model\radius_km.dart
[main] [34mINFO [0;39m o.o.codegen.TemplateManager - writing file C:\Users\RJ\Downloads\Capstone Project System\Capstone_MateryalPH\packages\api-contract\generated\dart\test\radius_km_test.dart
[main] [34mINFO [0;39m o.o.codegen.TemplateManager - skipping unchanged file C:\Users\RJ\Downloads\Capstone Project System\Capstone_MateryalPH\packages\api-contract\generated\dart\doc\RadiusKm.md
[main] [34mINFO [0;39m o.o.codegen.TemplateManager - writing file C:\Users\RJ\Downloads\Capstone Project System\Capstone_MateryalPH\packages\api-contract\generated\dart\lib\src\model\ranking_component.dart
[main] [34mINFO [0;39m o.o.codegen.TemplateManager - writing file C:\Users\RJ\Downloads\Capstone Project System\Capstone_MateryalPH\packages\api-contract\generated\dart\test\ranking_component_test.dart
[main] [34mINFO [0;39m o.o.codegen.TemplateManager - writing file C:\Users\RJ\Downloads\Capstone Project System\Capstone_MateryalPH\packages\api-contract\generated\dart\doc\RankingComponent.md
[main] [34mINFO [0;39m o.o.codegen.TemplateManager - writing file C:\Users\RJ\Downloads\Capstone Project System\Capstone_MateryalPH\packages\api-contract\generated\dart\lib\src\model\ranking_explanation.dart
[main] [34mINFO [0;39m o.o.codegen.TemplateManager - writing file C:\Users\RJ\Downloads\Capstone Project System\Capstone_MateryalPH\packages\api-contract\generated\dart\test\ranking_explanation_test.dart
[main] [34mINFO [0;39m o.o.codegen.TemplateManager - writing file C:\Users\RJ\Downloads\Capstone Project System\Capstone_MateryalPH\packages\api-contract\generated\dart\doc\RankingExplanation.md
[main] [34mINFO [0;39m o.o.codegen.TemplateManager - writing file C:\Users\RJ\Downloads\Capstone Project System\Capstone_MateryalPH\packages\api-contract\generated\dart\lib\src\model\ranking_preferences.dart
[main] [34mINFO [0;39m o.o.codegen.TemplateManager - writing file C:\Users\RJ\Downloads\Capstone Project System\Capstone_MateryalPH\packages\api-contract\generated\dart\test\ranking_preferences_test.dart
[main] [34mINFO [0;39m o.o.codegen.TemplateManager - writing file C:\Users\RJ\Downloads\Capstone Project System\Capstone_MateryalPH\packages\api-contract\generated\dart\doc\RankingPreferences.md
[main] [34mINFO [0;39m o.o.codegen.TemplateManager - writing file C:\Users\RJ\Downloads\Capstone Project System\Capstone_MateryalPH\packages\api-contract\generated\dart\lib\src\model\ranking_preferences_envelope.dart
[main] [34mINFO [0;39m o.o.codegen.TemplateManager - writing file C:\Users\RJ\Downloads\Capstone Project System\Capstone_MateryalPH\packages\api-contract\generated\dart\test\ranking_preferences_envelope_test.dart
[main] [34mINFO [0;39m o.o.codegen.TemplateManager - writing file C:\Users\RJ\Downloads\Capstone Project System\Capstone_MateryalPH\packages\api-contract\generated\dart\doc\RankingPreferencesEnvelope.md
[main] [34mINFO [0;39m o.o.codegen.TemplateManager - writing file C:\Users\RJ\Downloads\Capstone Project System\Capstone_MateryalPH\packages\api-contract\generated\dart\lib\src\model\ranking_preferences_update.dart
[main] [34mINFO [0;39m o.o.codegen.TemplateManager - writing file C:\Users\RJ\Downloads\Capstone Project System\Capstone_MateryalPH\packages\api-contract\generated\dart\test\ranking_preferences_update_test.dart
[main] [34mINFO [0;39m o.o.codegen.TemplateManager - writing file C:\Users\RJ\Downloads\Capstone Project System\Capstone_MateryalPH\packages\api-contract\generated\dart\doc\RankingPreferencesUpdate.md
[main] [34mINFO [0;39m o.o.codegen.TemplateManager - writing file C:\Users\RJ\Downloads\Capstone Project System\Capstone_MateryalPH\packages\api-contract\generated\dart\lib\src\model\ranking_weight_set.dart
[main] [34mINFO [0;39m o.o.codegen.TemplateManager - writing file C:\Users\RJ\Downloads\Capstone Project System\Capstone_MateryalPH\packages\api-contract\generated\dart\test\ranking_weight_set_test.dart
[main] [34mINFO [0;39m o.o.codegen.TemplateManager - writing file C:\Users\RJ\Downloads\Capstone Project System\Capstone_MateryalPH\packages\api-contract\generated\dart\doc\RankingWeightSet.md
[main] [34mINFO [0;39m o.o.codegen.TemplateManager - writing file C:\Users\RJ\Downloads\Capstone Project System\Capstone_MateryalPH\packages\api-contract\generated\dart\lib\src\model\register_request.dart
[main] [34mINFO [0;39m o.o.codegen.TemplateManager - writing file C:\Users\RJ\Downloads\Capstone Project System\Capstone_MateryalPH\packages\api-contract\generated\dart\test\register_request_test.dart
[main] [34mINFO [0;39m o.o.codegen.TemplateManager - writing file C:\Users\RJ\Downloads\Capstone Project System\Capstone_MateryalPH\packages\api-contract\generated\dart\doc\RegisterRequest.md
[main] [34mINFO [0;39m o.o.codegen.TemplateManager - writing file C:\Users\RJ\Downloads\Capstone Project System\Capstone_MateryalPH\packages\api-contract\generated\dart\lib\src\model\registration_envelope.dart
[main] [34mINFO [0;39m o.o.codegen.TemplateManager - writing file C:\Users\RJ\Downloads\Capstone Project System\Capstone_MateryalPH\packages\api-contract\generated\dart\test\registration_envelope_test.dart
[main] [34mINFO [0;39m o.o.codegen.TemplateManager - writing file C:\Users\RJ\Downloads\Capstone Project System\Capstone_MateryalPH\packages\api-contract\generated\dart\doc\RegistrationEnvelope.md
[main] [34mINFO [0;39m o.o.codegen.TemplateManager - writing file C:\Users\RJ\Downloads\Capstone Project System\Capstone_MateryalPH\packages\api-contract\generated\dart\lib\src\model\registration_envelope_all_of_data.dart
[main] [34mINFO [0;39m o.o.codegen.TemplateManager - writing file C:\Users\RJ\Downloads\Capstone Project System\Capstone_MateryalPH\packages\api-contract\generated\dart\test\registration_envelope_all_of_data_test.dart
[main] [34mINFO [0;39m o.o.codegen.TemplateManager - writing file C:\Users\RJ\Downloads\Capstone Project System\Capstone_MateryalPH\packages\api-contract\generated\dart\doc\RegistrationEnvelopeAllOfData.md
[main] [34mINFO [0;39m o.o.codegen.TemplateManager - writing file C:\Users\RJ\Downloads\Capstone Project System\Capstone_MateryalPH\packages\api-contract\generated\dart\lib\src\model\regulated_material_rule.dart
[main] [34mINFO [0;39m o.o.codegen.TemplateManager - writing file C:\Users\RJ\Downloads\Capstone Project System\Capstone_MateryalPH\packages\api-contract\generated\dart\test\regulated_material_rule_test.dart
[main] [34mINFO [0;39m o.o.codegen.TemplateManager - writing file C:\Users\RJ\Downloads\Capstone Project System\Capstone_MateryalPH\packages\api-contract\generated\dart\doc\RegulatedMaterialRule.md
[main] [34mINFO [0;39m o.o.codegen.TemplateManager - writing file C:\Users\RJ\Downloads\Capstone Project System\Capstone_MateryalPH\packages\api-contract\generated\dart\lib\src\model\resend_bot_challenge_request.dart
[main] [34mINFO [0;39m o.o.codegen.TemplateManager - writing file C:\Users\RJ\Downloads\Capstone Project System\Capstone_MateryalPH\packages\api-contract\generated\dart\test\resend_bot_challenge_request_test.dart
[main] [34mINFO [0;39m o.o.codegen.TemplateManager - writing file C:\Users\RJ\Downloads\Capstone Project System\Capstone_MateryalPH\packages\api-contract\generated\dart\doc\ResendBotChallengeRequest.md
[main] [34mINFO [0;39m o.o.codegen.TemplateManager - writing file C:\Users\RJ\Downloads\Capstone Project System\Capstone_MateryalPH\packages\api-contract\generated\dart\lib\src\model\route_estimate.dart
[main] [34mINFO [0;39m o.o.codegen.TemplateManager - writing file C:\Users\RJ\Downloads\Capstone Project System\Capstone_MateryalPH\packages\api-contract\generated\dart\test\route_estimate_test.dart
[main] [34mINFO [0;39m o.o.codegen.TemplateManager - writing file C:\Users\RJ\Downloads\Capstone Project System\Capstone_MateryalPH\packages\api-contract\generated\dart\doc\RouteEstimate.md
[main] [34mINFO [0;39m o.o.codegen.TemplateManager - writing file C:\Users\RJ\Downloads\Capstone Project System\Capstone_MateryalPH\packages\api-contract\generated\dart\lib\src\model\route_estimate_envelope.dart
[main] [34mINFO [0;39m o.o.codegen.TemplateManager - writing file C:\Users\RJ\Downloads\Capstone Project System\Capstone_MateryalPH\packages\api-contract\generated\dart\test\route_estimate_envelope_test.dart
[main] [34mINFO [0;39m o.o.codegen.TemplateManager - writing file C:\Users\RJ\Downloads\Capstone Project System\Capstone_MateryalPH\packages\api-contract\generated\dart\doc\RouteEstimateEnvelope.md
[main] [34mINFO [0;39m o.o.codegen.TemplateManager - writing file C:\Users\RJ\Downloads\Capstone Project System\Capstone_MateryalPH\packages\api-contract\generated\dart\lib\src\model\route_estimate_request.dart
[main] [34mINFO [0;39m o.o.codegen.TemplateManager - writing file C:\Users\RJ\Downloads\Capstone Project System\Capstone_MateryalPH\packages\api-contract\generated\dart\test\route_estimate_request_test.dart
[main] [34mINFO [0;39m o.o.codegen.TemplateManager - writing file C:\Users\RJ\Downloads\Capstone Project System\Capstone_MateryalPH\packages\api-contract\generated\dart\doc\RouteEstimateRequest.md
[main] [34mINFO [0;39m o.o.codegen.TemplateManager - writing file C:\Users\RJ\Downloads\Capstone Project System\Capstone_MateryalPH\packages\api-contract\generated\dart\lib\src\model\score_label.dart
[main] [34mINFO [0;39m o.o.codegen.TemplateManager - writing file C:\Users\RJ\Downloads\Capstone Project System\Capstone_MateryalPH\packages\api-contract\generated\dart\test\score_label_test.dart
[main] [34mINFO [0;39m o.o.codegen.TemplateManager - writing file C:\Users\RJ\Downloads\Capstone Project System\Capstone_MateryalPH\packages\api-contract\generated\dart\doc\ScoreLabel.md
[main] [34mINFO [0;39m o.o.codegen.TemplateManager - writing file C:\Users\RJ\Downloads\Capstone Project System\Capstone_MateryalPH\packages\api-contract\generated\dart\lib\src\model\stale_listing.dart
[main] [34mINFO [0;39m o.o.codegen.TemplateManager - writing file C:\Users\RJ\Downloads\Capstone Project System\Capstone_MateryalPH\packages\api-contract\generated\dart\test\stale_listing_test.dart
[main] [34mINFO [0;39m o.o.codegen.TemplateManager - writing file C:\Users\RJ\Downloads\Capstone Project System\Capstone_MateryalPH\packages\api-contract\generated\dart\doc\StaleListing.md
[main] [34mINFO [0;39m o.o.codegen.TemplateManager - writing file C:\Users\RJ\Downloads\Capstone Project System\Capstone_MateryalPH\packages\api-contract\generated\dart\lib\src\model\stock_confirmation_item.dart
[main] [34mINFO [0;39m o.o.codegen.TemplateManager - writing file C:\Users\RJ\Downloads\Capstone Project System\Capstone_MateryalPH\packages\api-contract\generated\dart\test\stock_confirmation_item_test.dart
[main] [34mINFO [0;39m o.o.codegen.TemplateManager - writing file C:\Users\RJ\Downloads\Capstone Project System\Capstone_MateryalPH\packages\api-contract\generated\dart\doc\StockConfirmationItem.md
[main] [34mINFO [0;39m o.o.codegen.TemplateManager - writing file C:\Users\RJ\Downloads\Capstone Project System\Capstone_MateryalPH\packages\api-contract\generated\dart\lib\src\model\stock_confirmation_request.dart
[main] [34mINFO [0;39m o.o.codegen.TemplateManager - writing file C:\Users\RJ\Downloads\Capstone Project System\Capstone_MateryalPH\packages\api-contract\generated\dart\test\stock_confirmation_request_test.dart
[main] [34mINFO [0;39m o.o.codegen.TemplateManager - writing file C:\Users\RJ\Downloads\Capstone Project System\Capstone_MateryalPH\packages\api-contract\generated\dart\doc\StockConfirmationRequest.md
[main] [34mINFO [0;39m o.o.codegen.TemplateManager - writing file C:\Users\RJ\Downloads\Capstone Project System\Capstone_MateryalPH\packages\api-contract\generated\dart\lib\src\model\stock_confirmation_schedule.dart
[main] [34mINFO [0;39m o.o.codegen.TemplateManager - writing file C:\Users\RJ\Downloads\Capstone Project System\Capstone_MateryalPH\packages\api-contract\generated\dart\test\stock_confirmation_schedule_test.dart
[main] [34mINFO [0;39m o.o.codegen.TemplateManager - writing file C:\Users\RJ\Downloads\Capstone Project System\Capstone_MateryalPH\packages\api-contract\generated\dart\doc\StockConfirmationSchedule.md
[main] [34mINFO [0;39m o.o.codegen.TemplateManager - skipping unchanged file C:\Users\RJ\Downloads\Capstone Project System\Capstone_MateryalPH\packages\api-contract\generated\dart\lib\src\model\stock_label.dart
[main] [34mINFO [0;39m o.o.codegen.TemplateManager - writing file C:\Users\RJ\Downloads\Capstone Project System\Capstone_MateryalPH\packages\api-contract\generated\dart\test\stock_label_test.dart
[main] [34mINFO [0;39m o.o.codegen.TemplateManager - skipping unchanged file C:\Users\RJ\Downloads\Capstone Project System\Capstone_MateryalPH\packages\api-contract\generated\dart\doc\StockLabel.md
[main] [34mINFO [0;39m o.o.codegen.TemplateManager - writing file C:\Users\RJ\Downloads\Capstone Project System\Capstone_MateryalPH\packages\api-contract\generated\dart\lib\src\model\store_activation_blocker.dart
[main] [34mINFO [0;39m o.o.codegen.TemplateManager - writing file C:\Users\RJ\Downloads\Capstone Project System\Capstone_MateryalPH\packages\api-contract\generated\dart\test\store_activation_blocker_test.dart
[main] [34mINFO [0;39m o.o.codegen.TemplateManager - writing file C:\Users\RJ\Downloads\Capstone Project System\Capstone_MateryalPH\packages\api-contract\generated\dart\doc\StoreActivationBlocker.md
[main] [34mINFO [0;39m o.o.codegen.TemplateManager - writing file C:\Users\RJ\Downloads\Capstone Project System\Capstone_MateryalPH\packages\api-contract\generated\dart\lib\src\model\store_activation_readiness.dart
[main] [34mINFO [0;39m o.o.codegen.TemplateManager - writing file C:\Users\RJ\Downloads\Capstone Project System\Capstone_MateryalPH\packages\api-contract\generated\dart\test\store_activation_readiness_test.dart
[main] [34mINFO [0;39m o.o.codegen.TemplateManager - writing file C:\Users\RJ\Downloads\Capstone Project System\Capstone_MateryalPH\packages\api-contract\generated\dart\doc\StoreActivationReadiness.md
[main] [34mINFO [0;39m o.o.codegen.TemplateManager - writing file C:\Users\RJ\Downloads\Capstone Project System\Capstone_MateryalPH\packages\api-contract\generated\dart\lib\src\model\store_hours_day.dart
[main] [34mINFO [0;39m o.o.codegen.TemplateManager - writing file C:\Users\RJ\Downloads\Capstone Project System\Capstone_MateryalPH\packages\api-contract\generated\dart\test\store_hours_day_test.dart
[main] [34mINFO [0;39m o.o.codegen.TemplateManager - writing file C:\Users\RJ\Downloads\Capstone Project System\Capstone_MateryalPH\packages\api-contract\generated\dart\doc\StoreHoursDay.md
[main] [34mINFO [0;39m o.o.codegen.TemplateManager - writing file C:\Users\RJ\Downloads\Capstone Project System\Capstone_MateryalPH\packages\api-contract\generated\dart\lib\src\model\store_next_opening.dart
[main] [34mINFO [0;39m o.o.codegen.TemplateManager - writing file C:\Users\RJ\Downloads\Capstone Project System\Capstone_MateryalPH\packages\api-contract\generated\dart\test\store_next_opening_test.dart
[main] [34mINFO [0;39m o.o.codegen.TemplateManager - writing file C:\Users\RJ\Downloads\Capstone Project System\Capstone_MateryalPH\packages\api-contract\generated\dart\doc\StoreNextOpening.md
[main] [34mINFO [0;39m o.o.codegen.TemplateManager - writing file C:\Users\RJ\Downloads\Capstone Project System\Capstone_MateryalPH\packages\api-contract\generated\dart\lib\src\model\store_open_now.dart
[main] [34mINFO [0;39m o.o.codegen.TemplateManager - writing file C:\Users\RJ\Downloads\Capstone Project System\Capstone_MateryalPH\packages\api-contract\generated\dart\test\store_open_now_test.dart
[main] [34mINFO [0;39m o.o.codegen.TemplateManager - writing file C:\Users\RJ\Downloads\Capstone Project System\Capstone_MateryalPH\packages\api-contract\generated\dart\doc\StoreOpenNow.md
[main] [34mINFO [0;39m o.o.codegen.TemplateManager - writing file C:\Users\RJ\Downloads\Capstone Project System\Capstone_MateryalPH\packages\api-contract\generated\dart\lib\src\model\store_operating_day.dart
[main] [34mINFO [0;39m o.o.codegen.TemplateManager - writing file C:\Users\RJ\Downloads\Capstone Project System\Capstone_MateryalPH\packages\api-contract\generated\dart\test\store_operating_day_test.dart
[main] [34mINFO [0;39m o.o.codegen.TemplateManager - writing file C:\Users\RJ\Downloads\Capstone Project System\Capstone_MateryalPH\packages\api-contract\generated\dart\doc\StoreOperatingDay.md
[main] [34mINFO [0;39m o.o.codegen.TemplateManager - writing file C:\Users\RJ\Downloads\Capstone Project System\Capstone_MateryalPH\packages\api-contract\generated\dart\lib\src\model\success_envelope.dart
[main] [34mINFO [0;39m o.o.codegen.TemplateManager - writing file C:\Users\RJ\Downloads\Capstone Project System\Capstone_MateryalPH\packages\api-contract\generated\dart\test\success_envelope_test.dart
[main] [34mINFO [0;39m o.o.codegen.TemplateManager - writing file C:\Users\RJ\Downloads\Capstone Project System\Capstone_MateryalPH\packages\api-contract\generated\dart\doc\SuccessEnvelope.md
[main] [34mINFO [0;39m o.o.codegen.TemplateManager - writing file C:\Users\RJ\Downloads\Capstone Project System\Capstone_MateryalPH\packages\api-contract\generated\dart\lib\src\model\supplier_open_status.dart
[main] [34mINFO [0;39m o.o.codegen.TemplateManager - writing file C:\Users\RJ\Downloads\Capstone Project System\Capstone_MateryalPH\packages\api-contract\generated\dart\test\supplier_open_status_test.dart
[main] [34mINFO [0;39m o.o.codegen.TemplateManager - writing file C:\Users\RJ\Downloads\Capstone Project System\Capstone_MateryalPH\packages\api-contract\generated\dart\doc\SupplierOpenStatus.md
[main] [34mINFO [0;39m o.o.codegen.TemplateManager - writing file C:\Users\RJ\Downloads\Capstone Project System\Capstone_MateryalPH\packages\api-contract\generated\dart\lib\src\model\supplier_result.dart
[main] [34mINFO [0;39m o.o.codegen.TemplateManager - writing file C:\Users\RJ\Downloads\Capstone Project System\Capstone_MateryalPH\packages\api-contract\generated\dart\test\supplier_result_test.dart
[main] [34mINFO [0;39m o.o.codegen.TemplateManager - writing file C:\Users\RJ\Downloads\Capstone Project System\Capstone_MateryalPH\packages\api-contract\generated\dart\doc\SupplierResult.md
[main] [34mINFO [0;39m o.o.codegen.TemplateManager - writing file C:\Users\RJ\Downloads\Capstone Project System\Capstone_MateryalPH\packages\api-contract\generated\dart\lib\src\model\supplier_serviceability.dart
[main] [34mINFO [0;39m o.o.codegen.TemplateManager - writing file C:\Users\RJ\Downloads\Capstone Project System\Capstone_MateryalPH\packages\api-contract\generated\dart\test\supplier_serviceability_test.dart
[main] [34mINFO [0;39m o.o.codegen.TemplateManager - writing file C:\Users\RJ\Downloads\Capstone Project System\Capstone_MateryalPH\packages\api-contract\generated\dart\doc\SupplierServiceability.md
[main] [34mINFO [0;39m o.o.codegen.TemplateManager - skipping unchanged file C:\Users\RJ\Downloads\Capstone Project System\Capstone_MateryalPH\packages\api-contract\generated\dart\lib\src\model\supplier_tier.dart
[main] [34mINFO [0;39m o.o.codegen.TemplateManager - writing file C:\Users\RJ\Downloads\Capstone Project System\Capstone_MateryalPH\packages\api-contract\generated\dart\test\supplier_tier_test.dart
[main] [34mINFO [0;39m o.o.codegen.TemplateManager - skipping unchanged file C:\Users\RJ\Downloads\Capstone Project System\Capstone_MateryalPH\packages\api-contract\generated\dart\doc\SupplierTier.md
[main] [34mINFO [0;39m o.o.codegen.TemplateManager - skipping unchanged file C:\Users\RJ\Downloads\Capstone Project System\Capstone_MateryalPH\packages\api-contract\generated\dart\lib\src\model\tax_category.dart
[main] [34mINFO [0;39m o.o.codegen.TemplateManager - writing file C:\Users\RJ\Downloads\Capstone Project System\Capstone_MateryalPH\packages\api-contract\generated\dart\test\tax_category_test.dart
[main] [34mINFO [0;39m o.o.codegen.TemplateManager - skipping unchanged file C:\Users\RJ\Downloads\Capstone Project System\Capstone_MateryalPH\packages\api-contract\generated\dart\doc\TaxCategory.md
[main] [34mINFO [0;39m o.o.codegen.TemplateManager - writing file C:\Users\RJ\Downloads\Capstone Project System\Capstone_MateryalPH\packages\api-contract\generated\dart\lib\src\model\user_identity.dart
[main] [34mINFO [0;39m o.o.codegen.TemplateManager - writing file C:\Users\RJ\Downloads\Capstone Project System\Capstone_MateryalPH\packages\api-contract\generated\dart\test\user_identity_test.dart
[main] [34mINFO [0;39m o.o.codegen.TemplateManager - writing file C:\Users\RJ\Downloads\Capstone Project System\Capstone_MateryalPH\packages\api-contract\generated\dart\doc\UserIdentity.md
[main] [34mINFO [0;39m o.o.codegen.TemplateManager - writing file C:\Users\RJ\Downloads\Capstone Project System\Capstone_MateryalPH\packages\api-contract\generated\dart\lib\src\model\vendor_activation_snapshot.dart
[main] [34mINFO [0;39m o.o.codegen.TemplateManager - writing file C:\Users\RJ\Downloads\Capstone Project System\Capstone_MateryalPH\packages\api-contract\generated\dart\test\vendor_activation_snapshot_test.dart
[main] [34mINFO [0;39m o.o.codegen.TemplateManager - writing file C:\Users\RJ\Downloads\Capstone Project System\Capstone_MateryalPH\packages\api-contract\generated\dart\doc\VendorActivationSnapshot.md
[main] [34mINFO [0;39m o.o.codegen.TemplateManager - writing file C:\Users\RJ\Downloads\Capstone Project System\Capstone_MateryalPH\packages\api-contract\generated\dart\lib\src\model\vendor_address_geocode.dart
[main] [34mINFO [0;39m o.o.codegen.TemplateManager - writing file C:\Users\RJ\Downloads\Capstone Project System\Capstone_MateryalPH\packages\api-contract\generated\dart\test\vendor_address_geocode_test.dart
[main] [34mINFO [0;39m o.o.codegen.TemplateManager - writing file C:\Users\RJ\Downloads\Capstone Project System\Capstone_MateryalPH\packages\api-contract\generated\dart\doc\VendorAddressGeocode.md
[main] [34mINFO [0;39m o.o.codegen.TemplateManager - writing file C:\Users\RJ\Downloads\Capstone Project System\Capstone_MateryalPH\packages\api-contract\generated\dart\lib\src\model\vendor_address_geocode_envelope.dart
[main] [34mINFO [0;39m o.o.codegen.TemplateManager - writing file C:\Users\RJ\Downloads\Capstone Project System\Capstone_MateryalPH\packages\api-contract\generated\dart\test\vendor_address_geocode_envelope_test.dart
[main] [34mINFO [0;39m o.o.codegen.TemplateManager - writing file C:\Users\RJ\Downloads\Capstone Project System\Capstone_MateryalPH\packages\api-contract\generated\dart\doc\VendorAddressGeocodeEnvelope.md
[main] [34mINFO [0;39m o.o.codegen.TemplateManager - writing file C:\Users\RJ\Downloads\Capstone Project System\Capstone_MateryalPH\packages\api-contract\generated\dart\lib\src\model\vendor_address_selection.dart
[main] [34mINFO [0;39m o.o.codegen.TemplateManager - writing file C:\Users\RJ\Downloads\Capstone Project System\Capstone_MateryalPH\packages\api-contract\generated\dart\test\vendor_address_selection_test.dart
[main] [34mINFO [0;39m o.o.codegen.TemplateManager - writing file C:\Users\RJ\Downloads\Capstone Project System\Capstone_MateryalPH\packages\api-contract\generated\dart\doc\VendorAddressSelection.md
[main] [34mINFO [0;39m o.o.codegen.TemplateManager - writing file C:\Users\RJ\Downloads\Capstone Project System\Capstone_MateryalPH\packages\api-contract\generated\dart\lib\src\model\vendor_bot_protection_evidence.dart
[main] [34mINFO [0;39m o.o.codegen.TemplateManager - writing file C:\Users\RJ\Downloads\Capstone Project System\Capstone_MateryalPH\packages\api-contract\generated\dart\test\vendor_bot_protection_evidence_test.dart
[main] [34mINFO [0;39m o.o.codegen.TemplateManager - writing file C:\Users\RJ\Downloads\Capstone Project System\Capstone_MateryalPH\packages\api-contract\generated\dart\doc\VendorBotProtectionEvidence.md
[main] [34mINFO [0;39m o.o.codegen.TemplateManager - writing file C:\Users\RJ\Downloads\Capstone Project System\Capstone_MateryalPH\packages\api-contract\generated\dart\lib\src\model\vendor_commission_acceptance.dart
[main] [34mINFO [0;39m o.o.codegen.TemplateManager - writing file C:\Users\RJ\Downloads\Capstone Project System\Capstone_MateryalPH\packages\api-contract\generated\dart\test\vendor_commission_acceptance_test.dart
[main] [34mINFO [0;39m o.o.codegen.TemplateManager - writing file C:\Users\RJ\Downloads\Capstone Project System\Capstone_MateryalPH\packages\api-contract\generated\dart\doc\VendorCommissionAcceptance.md
[main] [34mINFO [0;39m o.o.codegen.TemplateManager - writing file C:\Users\RJ\Downloads\Capstone Project System\Capstone_MateryalPH\packages\api-contract\generated\dart\lib\src\model\vendor_document.dart
[main] [34mINFO [0;39m o.o.codegen.TemplateManager - writing file C:\Users\RJ\Downloads\Capstone Project System\Capstone_MateryalPH\packages\api-contract\generated\dart\test\vendor_document_test.dart
[main] [34mINFO [0;39m o.o.codegen.TemplateManager - writing file C:\Users\RJ\Downloads\Capstone Project System\Capstone_MateryalPH\packages\api-contract\generated\dart\doc\VendorDocument.md
[main] [34mINFO [0;39m o.o.codegen.TemplateManager - writing file C:\Users\RJ\Downloads\Capstone Project System\Capstone_MateryalPH\packages\api-contract\generated\dart\lib\src\model\vendor_document_envelope.dart
[main] [34mINFO [0;39m o.o.codegen.TemplateManager - writing file C:\Users\RJ\Downloads\Capstone Project System\Capstone_MateryalPH\packages\api-contract\generated\dart\test\vendor_document_envelope_test.dart
[main] [34mINFO [0;39m o.o.codegen.TemplateManager - writing file C:\Users\RJ\Downloads\Capstone Project System\Capstone_MateryalPH\packages\api-contract\generated\dart\doc\VendorDocumentEnvelope.md
[main] [34mINFO [0;39m o.o.codegen.TemplateManager - writing file C:\Users\RJ\Downloads\Capstone Project System\Capstone_MateryalPH\packages\api-contract\generated\dart\lib\src\model\vendor_file.dart
[main] [34mINFO [0;39m o.o.codegen.TemplateManager - writing file C:\Users\RJ\Downloads\Capstone Project System\Capstone_MateryalPH\packages\api-contract\generated\dart\test\vendor_file_test.dart
[main] [34mINFO [0;39m o.o.codegen.TemplateManager - writing file C:\Users\RJ\Downloads\Capstone Project System\Capstone_MateryalPH\packages\api-contract\generated\dart\doc\VendorFile.md
[main] [34mINFO [0;39m o.o.codegen.TemplateManager - writing file C:\Users\RJ\Downloads\Capstone Project System\Capstone_MateryalPH\packages\api-contract\generated\dart\lib\src\model\vendor_file_envelope.dart
[main] [34mINFO [0;39m o.o.codegen.TemplateManager - writing file C:\Users\RJ\Downloads\Capstone Project System\Capstone_MateryalPH\packages\api-contract\generated\dart\test\vendor_file_envelope_test.dart
[main] [34mINFO [0;39m o.o.codegen.TemplateManager - writing file C:\Users\RJ\Downloads\Capstone Project System\Capstone_MateryalPH\packages\api-contract\generated\dart\doc\VendorFileEnvelope.md
[main] [34mINFO [0;39m o.o.codegen.TemplateManager - writing file C:\Users\RJ\Downloads\Capstone Project System\Capstone_MateryalPH\packages\api-contract\generated\dart\lib\src\model\vendor_invitation.dart
[main] [34mINFO [0;39m o.o.codegen.TemplateManager - writing file C:\Users\RJ\Downloads\Capstone Project System\Capstone_MateryalPH\packages\api-contract\generated\dart\test\vendor_invitation_test.dart
[main] [34mINFO [0;39m o.o.codegen.TemplateManager - writing file C:\Users\RJ\Downloads\Capstone Project System\Capstone_MateryalPH\packages\api-contract\generated\dart\doc\VendorInvitation.md
[main] [34mINFO [0;39m o.o.codegen.TemplateManager - writing file C:\Users\RJ\Downloads\Capstone Project System\Capstone_MateryalPH\packages\api-contract\generated\dart\lib\src\model\vendor_invitation_acceptance.dart
[main] [34mINFO [0;39m o.o.codegen.TemplateManager - writing file C:\Users\RJ\Downloads\Capstone Project System\Capstone_MateryalPH\packages\api-contract\generated\dart\test\vendor_invitation_acceptance_test.dart
[main] [34mINFO [0;39m o.o.codegen.TemplateManager - writing file C:\Users\RJ\Downloads\Capstone Project System\Capstone_MateryalPH\packages\api-contract\generated\dart\doc\VendorInvitationAcceptance.md
[main] [34mINFO [0;39m o.o.codegen.TemplateManager - writing file C:\Users\RJ\Downloads\Capstone Project System\Capstone_MateryalPH\packages\api-contract\generated\dart\lib\src\model\vendor_invitation_envelope.dart
[main] [34mINFO [0;39m o.o.codegen.TemplateManager - writing file C:\Users\RJ\Downloads\Capstone Project System\Capstone_MateryalPH\packages\api-contract\generated\dart\test\vendor_invitation_envelope_test.dart
[main] [34mINFO [0;39m o.o.codegen.TemplateManager - writing file C:\Users\RJ\Downloads\Capstone Project System\Capstone_MateryalPH\packages\api-contract\generated\dart\doc\VendorInvitationEnvelope.md
[main] [34mINFO [0;39m o.o.codegen.TemplateManager - writing file C:\Users\RJ\Downloads\Capstone Project System\Capstone_MateryalPH\packages\api-contract\generated\dart\lib\src\model\vendor_invitation_request.dart
[main] [34mINFO [0;39m o.o.codegen.TemplateManager - writing file C:\Users\RJ\Downloads\Capstone Project System\Capstone_MateryalPH\packages\api-contract\generated\dart\test\vendor_invitation_request_test.dart
[main] [34mINFO [0;39m o.o.codegen.TemplateManager - writing file C:\Users\RJ\Downloads\Capstone Project System\Capstone_MateryalPH\packages\api-contract\generated\dart\doc\VendorInvitationRequest.md
[main] [34mINFO [0;39m o.o.codegen.TemplateManager - writing file C:\Users\RJ\Downloads\Capstone Project System\Capstone_MateryalPH\packages\api-contract\generated\dart\lib\src\model\vendor_media_envelope.dart
[main] [34mINFO [0;39m o.o.codegen.TemplateManager - writing file C:\Users\RJ\Downloads\Capstone Project System\Capstone_MateryalPH\packages\api-contract\generated\dart\test\vendor_media_envelope_test.dart
[main] [34mINFO [0;39m o.o.codegen.TemplateManager - writing file C:\Users\RJ\Downloads\Capstone Project System\Capstone_MateryalPH\packages\api-contract\generated\dart\doc\VendorMediaEnvelope.md
[main] [34mINFO [0;39m o.o.codegen.TemplateManager - writing file C:\Users\RJ\Downloads\Capstone Project System\Capstone_MateryalPH\packages\api-contract\generated\dart\lib\src\model\vendor_onboarding_envelope.dart
[main] [34mINFO [0;39m o.o.codegen.TemplateManager - writing file C:\Users\RJ\Downloads\Capstone Project System\Capstone_MateryalPH\packages\api-contract\generated\dart\test\vendor_onboarding_envelope_test.dart
[main] [34mINFO [0;39m o.o.codegen.TemplateManager - writing file C:\Users\RJ\Downloads\Capstone Project System\Capstone_MateryalPH\packages\api-contract\generated\dart\doc\VendorOnboardingEnvelope.md
[main] [34mINFO [0;39m o.o.codegen.TemplateManager - writing file C:\Users\RJ\Downloads\Capstone Project System\Capstone_MateryalPH\packages\api-contract\generated\dart\lib\src\model\vendor_onboarding_section.dart
[main] [34mINFO [0;39m o.o.codegen.TemplateManager - writing file C:\Users\RJ\Downloads\Capstone Project System\Capstone_MateryalPH\packages\api-contract\generated\dart\test\vendor_onboarding_section_test.dart
[main] [34mINFO [0;39m o.o.codegen.TemplateManager - writing file C:\Users\RJ\Downloads\Capstone Project System\Capstone_MateryalPH\packages\api-contract\generated\dart\doc\VendorOnboardingSection.md
[main] [34mINFO [0;39m o.o.codegen.TemplateManager - writing file C:\Users\RJ\Downloads\Capstone Project System\Capstone_MateryalPH\packages\api-contract\generated\dart\lib\src\model\vendor_onboarding_snapshot.dart
[main] [34mINFO [0;39m o.o.codegen.TemplateManager - writing file C:\Users\RJ\Downloads\Capstone Project System\Capstone_MateryalPH\packages\api-contract\generated\dart\test\vendor_onboarding_snapshot_test.dart
[main] [34mINFO [0;39m o.o.codegen.TemplateManager - writing file C:\Users\RJ\Downloads\Capstone Project System\Capstone_MateryalPH\packages\api-contract\generated\dart\doc\VendorOnboardingSnapshot.md
[main] [34mINFO [0;39m o.o.codegen.TemplateManager - writing file C:\Users\RJ\Downloads\Capstone Project System\Capstone_MateryalPH\packages\api-contract\generated\dart\lib\src\model\vendor_onboarding_snapshot_setup.dart
[main] [34mINFO [0;39m o.o.codegen.TemplateManager - writing file C:\Users\RJ\Downloads\Capstone Project System\Capstone_MateryalPH\packages\api-contract\generated\dart\test\vendor_onboarding_snapshot_setup_test.dart
[main] [34mINFO [0;39m o.o.codegen.TemplateManager - writing file C:\Users\RJ\Downloads\Capstone Project System\Capstone_MateryalPH\packages\api-contract\generated\dart\doc\VendorOnboardingSnapshotSetup.md
[main] [34mINFO [0;39m o.o.codegen.TemplateManager - writing file C:\Users\RJ\Downloads\Capstone Project System\Capstone_MateryalPH\packages\api-contract\generated\dart\lib\src\model\vendor_onboarding_step.dart
[main] [34mINFO [0;39m o.o.codegen.TemplateManager - writing file C:\Users\RJ\Downloads\Capstone Project System\Capstone_MateryalPH\packages\api-contract\generated\dart\test\vendor_onboarding_step_test.dart
[main] [34mINFO [0;39m o.o.codegen.TemplateManager - writing file C:\Users\RJ\Downloads\Capstone Project System\Capstone_MateryalPH\packages\api-contract\generated\dart\doc\VendorOnboardingStep.md
[main] [34mINFO [0;39m o.o.codegen.TemplateManager - writing file C:\Users\RJ\Downloads\Capstone Project System\Capstone_MateryalPH\packages\api-contract\generated\dart\lib\src\model\vendor_order_confirm_request.dart
[main] [34mINFO [0;39m o.o.codegen.TemplateManager - writing file C:\Users\RJ\Downloads\Capstone Project System\Capstone_MateryalPH\packages\api-contract\generated\dart\test\vendor_order_confirm_request_test.dart
[main] [34mINFO [0;39m o.o.codegen.TemplateManager - writing file C:\Users\RJ\Downloads\Capstone Project System\Capstone_MateryalPH\packages\api-contract\generated\dart\doc\VendorOrderConfirmRequest.md
[main] [34mINFO [0;39m o.o.codegen.TemplateManager - skipping unchanged file C:\Users\RJ\Downloads\Capstone Project System\Capstone_MateryalPH\packages\api-contract\generated\dart\lib\src\model\vendor_order_decline_reason.dart
[main] [34mINFO [0;39m o.o.codegen.TemplateManager - writing file C:\Users\RJ\Downloads\Capstone Project System\Capstone_MateryalPH\packages\api-contract\generated\dart\test\vendor_order_decline_reason_test.dart
[main] [34mINFO [0;39m o.o.codegen.TemplateManager - skipping unchanged file C:\Users\RJ\Downloads\Capstone Project System\Capstone_MateryalPH\packages\api-contract\generated\dart\doc\VendorOrderDeclineReason.md
[main] [34mINFO [0;39m o.o.codegen.TemplateManager - writing file C:\Users\RJ\Downloads\Capstone Project System\Capstone_MateryalPH\packages\api-contract\generated\dart\lib\src\model\vendor_order_decline_request.dart
[main] [34mINFO [0;39m o.o.codegen.TemplateManager - writing file C:\Users\RJ\Downloads\Capstone Project System\Capstone_MateryalPH\packages\api-contract\generated\dart\test\vendor_order_decline_request_test.dart
[main] [34mINFO [0;39m o.o.codegen.TemplateManager - writing file C:\Users\RJ\Downloads\Capstone Project System\Capstone_MateryalPH\packages\api-contract\generated\dart\doc\VendorOrderDeclineRequest.md
[main] [34mINFO [0;39m o.o.codegen.TemplateManager - writing file C:\Users\RJ\Downloads\Capstone Project System\Capstone_MateryalPH\packages\api-contract\generated\dart\lib\src\model\vendor_order_permissions.dart
[main] [34mINFO [0;39m o.o.codegen.TemplateManager - writing file C:\Users\RJ\Downloads\Capstone Project System\Capstone_MateryalPH\packages\api-contract\generated\dart\test\vendor_order_permissions_test.dart
[main] [34mINFO [0;39m o.o.codegen.TemplateManager - writing file C:\Users\RJ\Downloads\Capstone Project System\Capstone_MateryalPH\packages\api-contract\generated\dart\doc\VendorOrderPermissions.md
[main] [34mINFO [0;39m o.o.codegen.TemplateManager - skipping unchanged file C:\Users\RJ\Downloads\Capstone Project System\Capstone_MateryalPH\packages\api-contract\generated\dart\lib\src\model\vendor_order_primary_action.dart
[main] [34mINFO [0;39m o.o.codegen.TemplateManager - writing file C:\Users\RJ\Downloads\Capstone Project System\Capstone_MateryalPH\packages\api-contract\generated\dart\test\vendor_order_primary_action_test.dart
[main] [34mINFO [0;39m o.o.codegen.TemplateManager - skipping unchanged file C:\Users\RJ\Downloads\Capstone Project System\Capstone_MateryalPH\packages\api-contract\generated\dart\doc\VendorOrderPrimaryAction.md
[main] [34mINFO [0;39m o.o.codegen.TemplateManager - writing file C:\Users\RJ\Downloads\Capstone Project System\Capstone_MateryalPH\packages\api-contract\generated\dart\lib\src\model\vendor_payment_onboarding.dart
[main] [34mINFO [0;39m o.o.codegen.TemplateManager - writing file C:\Users\RJ\Downloads\Capstone Project System\Capstone_MateryalPH\packages\api-contract\generated\dart\test\vendor_payment_onboarding_test.dart
[main] [34mINFO [0;39m o.o.codegen.TemplateManager - writing file C:\Users\RJ\Downloads\Capstone Project System\Capstone_MateryalPH\packages\api-contract\generated\dart\doc\VendorPaymentOnboarding.md
[main] [34mINFO [0;39m o.o.codegen.TemplateManager - writing file C:\Users\RJ\Downloads\Capstone Project System\Capstone_MateryalPH\packages\api-contract\generated\dart\lib\src\model\vendor_payment_onboarding_envelope.dart
[main] [34mINFO [0;39m o.o.codegen.TemplateManager - writing file C:\Users\RJ\Downloads\Capstone Project System\Capstone_MateryalPH\packages\api-contract\generated\dart\test\vendor_payment_onboarding_envelope_test.dart
[main] [34mINFO [0;39m o.o.codegen.TemplateManager - writing file C:\Users\RJ\Downloads\Capstone Project System\Capstone_MateryalPH\packages\api-contract\generated\dart\doc\VendorPaymentOnboardingEnvelope.md
[main] [34mINFO [0;39m o.o.codegen.TemplateManager - writing file C:\Users\RJ\Downloads\Capstone Project System\Capstone_MateryalPH\packages\api-contract\generated\dart\lib\src\model\vendor_payment_reconciliation_envelope.dart
[main] [34mINFO [0;39m o.o.codegen.TemplateManager - writing file C:\Users\RJ\Downloads\Capstone Project System\Capstone_MateryalPH\packages\api-contract\generated\dart\test\vendor_payment_reconciliation_envelope_test.dart
[main] [34mINFO [0;39m o.o.codegen.TemplateManager - writing file C:\Users\RJ\Downloads\Capstone Project System\Capstone_MateryalPH\packages\api-contract\generated\dart\doc\VendorPaymentReconciliationEnvelope.md
[main] [34mINFO [0;39m o.o.codegen.TemplateManager - writing file C:\Users\RJ\Downloads\Capstone Project System\Capstone_MateryalPH\packages\api-contract\generated\dart\lib\src\model\vendor_restriction.dart
[main] [34mINFO [0;39m o.o.codegen.TemplateManager - writing file C:\Users\RJ\Downloads\Capstone Project System\Capstone_MateryalPH\packages\api-contract\generated\dart\test\vendor_restriction_test.dart
[main] [34mINFO [0;39m o.o.codegen.TemplateManager - writing file C:\Users\RJ\Downloads\Capstone Project System\Capstone_MateryalPH\packages\api-contract\generated\dart\doc\VendorRestriction.md
[main] [34mINFO [0;39m o.o.codegen.TemplateManager - writing file C:\Users\RJ\Downloads\Capstone Project System\Capstone_MateryalPH\packages\api-contract\generated\dart\lib\src\model\vendor_restriction_envelope.dart
[main] [34mINFO [0;39m o.o.codegen.TemplateManager - writing file C:\Users\RJ\Downloads\Capstone Project System\Capstone_MateryalPH\packages\api-contract\generated\dart\test\vendor_restriction_envelope_test.dart
[main] [34mINFO [0;39m o.o.codegen.TemplateManager - writing file C:\Users\RJ\Downloads\Capstone Project System\Capstone_MateryalPH\packages\api-contract\generated\dart\doc\VendorRestrictionEnvelope.md
[main] [34mINFO [0;39m o.o.codegen.TemplateManager - writing file C:\Users\RJ\Downloads\Capstone Project System\Capstone_MateryalPH\packages\api-contract\generated\dart\lib\src\model\vendor_setup_complete.dart
[main] [34mINFO [0;39m o.o.codegen.TemplateManager - writing file C:\Users\RJ\Downloads\Capstone Project System\Capstone_MateryalPH\packages\api-contract\generated\dart\test\vendor_setup_complete_test.dart
[main] [34mINFO [0;39m o.o.codegen.TemplateManager - writing file C:\Users\RJ\Downloads\Capstone Project System\Capstone_MateryalPH\packages\api-contract\generated\dart\doc\VendorSetupComplete.md
[main] [34mINFO [0;39m o.o.codegen.TemplateManager - writing file C:\Users\RJ\Downloads\Capstone Project System\Capstone_MateryalPH\packages\api-contract\generated\dart\lib\src\model\vendor_setup_draft.dart
[main] [34mINFO [0;39m o.o.codegen.TemplateManager - writing file C:\Users\RJ\Downloads\Capstone Project System\Capstone_MateryalPH\packages\api-contract\generated\dart\test\vendor_setup_draft_test.dart
[main] [34mINFO [0;39m o.o.codegen.TemplateManager - writing file C:\Users\RJ\Downloads\Capstone Project System\Capstone_MateryalPH\packages\api-contract\generated\dart\doc\VendorSetupDraft.md
[main] [34mINFO [0;39m o.o.codegen.TemplateManager - writing file C:\Users\RJ\Downloads\Capstone Project System\Capstone_MateryalPH\packages\api-contract\generated\dart\lib\src\model\vendor_setup_draft_delivery.dart
[main] [34mINFO [0;39m o.o.codegen.TemplateManager - writing file C:\Users\RJ\Downloads\Capstone Project System\Capstone_MateryalPH\packages\api-contract\generated\dart\test\vendor_setup_draft_delivery_test.dart
[main] [34mINFO [0;39m o.o.codegen.TemplateManager - writing file C:\Users\RJ\Downloads\Capstone Project System\Capstone_MateryalPH\packages\api-contract\generated\dart\doc\VendorSetupDraftDelivery.md
[main] [34mINFO [0;39m o.o.codegen.TemplateManager - writing file C:\Users\RJ\Downloads\Capstone Project System\Capstone_MateryalPH\packages\api-contract\generated\dart\lib\src\model\vendor_setup_draft_vehicles_inner.dart
[main] [34mINFO [0;39m o.o.codegen.TemplateManager - writing file C:\Users\RJ\Downloads\Capstone Project System\Capstone_MateryalPH\packages\api-contract\generated\dart\test\vendor_setup_draft_vehicles_inner_test.dart
[main] [34mINFO [0;39m o.o.codegen.TemplateManager - writing file C:\Users\RJ\Downloads\Capstone Project System\Capstone_MateryalPH\packages\api-contract\generated\dart\doc\VendorSetupDraftVehiclesInner.md
[main] [34mINFO [0;39m o.o.codegen.TemplateManager - writing file C:\Users\RJ\Downloads\Capstone Project System\Capstone_MateryalPH\packages\api-contract\generated\dart\lib\src\model\vendor_staff_dispute_setting.dart
[main] [34mINFO [0;39m o.o.codegen.TemplateManager - writing file C:\Users\RJ\Downloads\Capstone Project System\Capstone_MateryalPH\packages\api-contract\generated\dart\test\vendor_staff_dispute_setting_test.dart
[main] [34mINFO [0;39m o.o.codegen.TemplateManager - writing file C:\Users\RJ\Downloads\Capstone Project System\Capstone_MateryalPH\packages\api-contract\generated\dart\doc\VendorStaffDisputeSetting.md
[main] [34mINFO [0;39m o.o.codegen.TemplateManager - writing file C:\Users\RJ\Downloads\Capstone Project System\Capstone_MateryalPH\packages\api-contract\generated\dart\lib\src\model\vendor_staff_update.dart
[main] [34mINFO [0;39m o.o.codegen.TemplateManager - writing file C:\Users\RJ\Downloads\Capstone Project System\Capstone_MateryalPH\packages\api-contract\generated\dart\test\vendor_staff_update_test.dart
[main] [34mINFO [0;39m o.o.codegen.TemplateManager - writing file C:\Users\RJ\Downloads\Capstone Project System\Capstone_MateryalPH\packages\api-contract\generated\dart\doc\VendorStaffUpdate.md
[main] [34mINFO [0;39m o.o.codegen.TemplateManager - writing file C:\Users\RJ\Downloads\Capstone Project System\Capstone_MateryalPH\packages\api-contract\generated\dart\lib\src\model\vendor_store_email_confirmation.dart
[main] [34mINFO [0;39m o.o.codegen.TemplateManager - writing file C:\Users\RJ\Downloads\Capstone Project System\Capstone_MateryalPH\packages\api-contract\generated\dart\test\vendor_store_email_confirmation_test.dart
[main] [34mINFO [0;39m o.o.codegen.TemplateManager - writing file C:\Users\RJ\Downloads\Capstone Project System\Capstone_MateryalPH\packages\api-contract\generated\dart\doc\VendorStoreEmailConfirmation.md
[main] [34mINFO [0;39m o.o.codegen.TemplateManager - writing file C:\Users\RJ\Downloads\Capstone Project System\Capstone_MateryalPH\packages\api-contract\generated\dart\lib\src\model\vendor_store_email_envelope.dart
[main] [34mINFO [0;39m o.o.codegen.TemplateManager - writing file C:\Users\RJ\Downloads\Capstone Project System\Capstone_MateryalPH\packages\api-contract\generated\dart\test\vendor_store_email_envelope_test.dart
[main] [34mINFO [0;39m o.o.codegen.TemplateManager - writing file C:\Users\RJ\Downloads\Capstone Project System\Capstone_MateryalPH\packages\api-contract\generated\dart\doc\VendorStoreEmailEnvelope.md
[main] [34mINFO [0;39m o.o.codegen.TemplateManager - writing file C:\Users\RJ\Downloads\Capstone Project System\Capstone_MateryalPH\packages\api-contract\generated\dart\lib\src\model\vendor_team_activity.dart
[main] [34mINFO [0;39m o.o.codegen.TemplateManager - writing file C:\Users\RJ\Downloads\Capstone Project System\Capstone_MateryalPH\packages\api-contract\generated\dart\test\vendor_team_activity_test.dart
[main] [34mINFO [0;39m o.o.codegen.TemplateManager - writing file C:\Users\RJ\Downloads\Capstone Project System\Capstone_MateryalPH\packages\api-contract\generated\dart\doc\VendorTeamActivity.md
[main] [34mINFO [0;39m o.o.codegen.TemplateManager - writing file C:\Users\RJ\Downloads\Capstone Project System\Capstone_MateryalPH\packages\api-contract\generated\dart\lib\src\model\vendor_team_activity_envelope.dart
[main] [34mINFO [0;39m o.o.codegen.TemplateManager - writing file C:\Users\RJ\Downloads\Capstone Project System\Capstone_MateryalPH\packages\api-contract\generated\dart\test\vendor_team_activity_envelope_test.dart
[main] [34mINFO [0;39m o.o.codegen.TemplateManager - writing file C:\Users\RJ\Downloads\Capstone Project System\Capstone_MateryalPH\packages\api-contract\generated\dart\doc\VendorTeamActivityEnvelope.md
[main] [34mINFO [0;39m o.o.codegen.TemplateManager - writing file C:\Users\RJ\Downloads\Capstone Project System\Capstone_MateryalPH\packages\api-contract\generated\dart\lib\src\model\vendor_team_activity_envelope_meta.dart
[main] [34mINFO [0;39m o.o.codegen.TemplateManager - writing file C:\Users\RJ\Downloads\Capstone Project System\Capstone_MateryalPH\packages\api-contract\generated\dart\test\vendor_team_activity_envelope_meta_test.dart
[main] [34mINFO [0;39m o.o.codegen.TemplateManager - writing file C:\Users\RJ\Downloads\Capstone Project System\Capstone_MateryalPH\packages\api-contract\generated\dart\doc\VendorTeamActivityEnvelopeMeta.md
[main] [34mINFO [0;39m o.o.codegen.TemplateManager - writing file C:\Users\RJ\Downloads\Capstone Project System\Capstone_MateryalPH\packages\api-contract\generated\dart\lib\src\model\vendor_team_invitation_list_envelope.dart
[main] [34mINFO [0;39m o.o.codegen.TemplateManager - writing file C:\Users\RJ\Downloads\Capstone Project System\Capstone_MateryalPH\packages\api-contract\generated\dart\test\vendor_team_invitation_list_envelope_test.dart
[main] [34mINFO [0;39m o.o.codegen.TemplateManager - writing file C:\Users\RJ\Downloads\Capstone Project System\Capstone_MateryalPH\packages\api-contract\generated\dart\doc\VendorTeamInvitationListEnvelope.md
[main] [34mINFO [0;39m o.o.codegen.TemplateManager - writing file C:\Users\RJ\Downloads\Capstone Project System\Capstone_MateryalPH\packages\api-contract\generated\dart\lib\src\model\vendor_team_invitation_record.dart
[main] [34mINFO [0;39m o.o.codegen.TemplateManager - writing file C:\Users\RJ\Downloads\Capstone Project System\Capstone_MateryalPH\packages\api-contract\generated\dart\test\vendor_team_invitation_record_test.dart
[main] [34mINFO [0;39m o.o.codegen.TemplateManager - writing file C:\Users\RJ\Downloads\Capstone Project System\Capstone_MateryalPH\packages\api-contract\generated\dart\doc\VendorTeamInvitationRecord.md
[main] [34mINFO [0;39m o.o.codegen.TemplateManager - writing file C:\Users\RJ\Downloads\Capstone Project System\Capstone_MateryalPH\packages\api-contract\generated\dart\lib\src\model\vendor_verification_draft.dart
[main] [34mINFO [0;39m o.o.codegen.TemplateManager - writing file C:\Users\RJ\Downloads\Capstone Project System\Capstone_MateryalPH\packages\api-contract\generated\dart\test\vendor_verification_draft_test.dart
[main] [34mINFO [0;39m o.o.codegen.TemplateManager - writing file C:\Users\RJ\Downloads\Capstone Project System\Capstone_MateryalPH\packages\api-contract\generated\dart\doc\VendorVerificationDraft.md
[main] [34mINFO [0;39m o.o.codegen.TemplateManager - writing file C:\Users\RJ\Downloads\Capstone Project System\Capstone_MateryalPH\packages\api-contract\generated\dart\lib\src\model\vendor_verification_draft_classification.dart
[main] [34mINFO [0;39m o.o.codegen.TemplateManager - writing file C:\Users\RJ\Downloads\Capstone Project System\Capstone_MateryalPH\packages\api-contract\generated\dart\test\vendor_verification_draft_classification_test.dart
[main] [34mINFO [0;39m o.o.codegen.TemplateManager - writing file C:\Users\RJ\Downloads\Capstone Project System\Capstone_MateryalPH\packages\api-contract\generated\dart\doc\VendorVerificationDraftClassification.md
[main] [34mINFO [0;39m o.o.codegen.TemplateManager - writing file C:\Users\RJ\Downloads\Capstone Project System\Capstone_MateryalPH\packages\api-contract\generated\dart\lib\src\model\vendor_verification_draft_legal_identity.dart
[main] [34mINFO [0;39m o.o.codegen.TemplateManager - writing file C:\Users\RJ\Downloads\Capstone Project System\Capstone_MateryalPH\packages\api-contract\generated\dart\test\vendor_verification_draft_legal_identity_test.dart
[main] [34mINFO [0;39m o.o.codegen.TemplateManager - writing file C:\Users\RJ\Downloads\Capstone Project System\Capstone_MateryalPH\packages\api-contract\generated\dart\doc\VendorVerificationDraftLegalIdentity.md
[main] [34mINFO [0;39m o.o.codegen.TemplateManager - writing file C:\Users\RJ\Downloads\Capstone Project System\Capstone_MateryalPH\packages\api-contract\generated\dart\lib\src\model\vendor_verification_draft_representative.dart
[main] [34mINFO [0;39m o.o.codegen.TemplateManager - writing file C:\Users\RJ\Downloads\Capstone Project System\Capstone_MateryalPH\packages\api-contract\generated\dart\test\vendor_verification_draft_representative_test.dart
[main] [34mINFO [0;39m o.o.codegen.TemplateManager - writing file C:\Users\RJ\Downloads\Capstone Project System\Capstone_MateryalPH\packages\api-contract\generated\dart\doc\VendorVerificationDraftRepresentative.md
[main] [34mINFO [0;39m o.o.codegen.TemplateManager - writing file C:\Users\RJ\Downloads\Capstone Project System\Capstone_MateryalPH\packages\api-contract\generated\dart\lib\src\model\vendor_verification_draft_tax_profile.dart
[main] [34mINFO [0;39m o.o.codegen.TemplateManager - writing file C:\Users\RJ\Downloads\Capstone Project System\Capstone_MateryalPH\packages\api-contract\generated\dart\test\vendor_verification_draft_tax_profile_test.dart
[main] [34mINFO [0;39m o.o.codegen.TemplateManager - writing file C:\Users\RJ\Downloads\Capstone Project System\Capstone_MateryalPH\packages\api-contract\generated\dart\doc\VendorVerificationDraftTaxProfile.md
[main] [34mINFO [0;39m o.o.codegen.TemplateManager - writing file C:\Users\RJ\Downloads\Capstone Project System\Capstone_MateryalPH\packages\api-contract\generated\dart\lib\src\model\vendor_verification_submit.dart
[main] [34mINFO [0;39m o.o.codegen.TemplateManager - writing file C:\Users\RJ\Downloads\Capstone Project System\Capstone_MateryalPH\packages\api-contract\generated\dart\test\vendor_verification_submit_test.dart
[main] [34mINFO [0;39m o.o.codegen.TemplateManager - writing file C:\Users\RJ\Downloads\Capstone Project System\Capstone_MateryalPH\packages\api-contract\generated\dart\doc\VendorVerificationSubmit.md
[main] [34mINFO [0;39m o.o.codegen.TemplateManager - writing file C:\Users\RJ\Downloads\Capstone Project System\Capstone_MateryalPH\packages\api-contract\generated\dart\lib\src\model\vendor_webhook_envelope.dart
[main] [34mINFO [0;39m o.o.codegen.TemplateManager - writing file C:\Users\RJ\Downloads\Capstone Project System\Capstone_MateryalPH\packages\api-contract\generated\dart\test\vendor_webhook_envelope_test.dart
[main] [34mINFO [0;39m o.o.codegen.TemplateManager - writing file C:\Users\RJ\Downloads\Capstone Project System\Capstone_MateryalPH\packages\api-contract\generated\dart\doc\VendorWebhookEnvelope.md
[main] [34mINFO [0;39m o.o.codegen.TemplateManager - writing file C:\Users\RJ\Downloads\Capstone Project System\Capstone_MateryalPH\packages\api-contract\generated\dart\lib\src\model\verified_vendor_summary.dart
[main] [34mINFO [0;39m o.o.codegen.TemplateManager - writing file C:\Users\RJ\Downloads\Capstone Project System\Capstone_MateryalPH\packages\api-contract\generated\dart\test\verified_vendor_summary_test.dart
[main] [34mINFO [0;39m o.o.codegen.TemplateManager - writing file C:\Users\RJ\Downloads\Capstone Project System\Capstone_MateryalPH\packages\api-contract\generated\dart\doc\VerifiedVendorSummary.md
[main] [34mINFO [0;39m o.o.codegen.TemplateManager - writing file C:\Users\RJ\Downloads\Capstone Project System\Capstone_MateryalPH\packages\api-contract\generated\dart\lib\src\model\verify_bot_challenge_request.dart
[main] [34mINFO [0;39m o.o.codegen.TemplateManager - writing file C:\Users\RJ\Downloads\Capstone Project System\Capstone_MateryalPH\packages\api-contract\generated\dart\test\verify_bot_challenge_request_test.dart
[main] [34mINFO [0;39m o.o.codegen.TemplateManager - writing file C:\Users\RJ\Downloads\Capstone Project System\Capstone_MateryalPH\packages\api-contract\generated\dart\doc\VerifyBotChallengeRequest.md
[main] [34mINFO [0;39m o.o.codegen.TemplateManager - writing file C:\Users\RJ\Downloads\Capstone Project System\Capstone_MateryalPH\packages\api-contract\generated\dart\lib\src\model\verify_email_request.dart
[main] [34mINFO [0;39m o.o.codegen.TemplateManager - writing file C:\Users\RJ\Downloads\Capstone Project System\Capstone_MateryalPH\packages\api-contract\generated\dart\test\verify_email_request_test.dart
[main] [34mINFO [0;39m o.o.codegen.TemplateManager - writing file C:\Users\RJ\Downloads\Capstone Project System\Capstone_MateryalPH\packages\api-contract\generated\dart\doc\VerifyEmailRequest.md
[main] [34mINFO [0;39m o.o.codegen.TemplateManager - writing file C:\Users\RJ\Downloads\Capstone Project System\Capstone_MateryalPH\packages\api-contract\generated\dart\lib\src\model\volume_tier.dart
[main] [34mINFO [0;39m o.o.codegen.TemplateManager - writing file C:\Users\RJ\Downloads\Capstone Project System\Capstone_MateryalPH\packages\api-contract\generated\dart\test\volume_tier_test.dart
[main] [34mINFO [0;39m o.o.codegen.TemplateManager - writing file C:\Users\RJ\Downloads\Capstone Project System\Capstone_MateryalPH\packages\api-contract\generated\dart\doc\VolumeTier.md
[main] [34mINFO [0;39m o.o.codegen.TemplateManager - writing file C:\Users\RJ\Downloads\Capstone Project System\Capstone_MateryalPH\packages\api-contract\generated\dart\lib\src\model\xendit_account_verification_webhook.dart
[main] [34mINFO [0;39m o.o.codegen.TemplateManager - writing file C:\Users\RJ\Downloads\Capstone Project System\Capstone_MateryalPH\packages\api-contract\generated\dart\test\xendit_account_verification_webhook_test.dart
[main] [34mINFO [0;39m o.o.codegen.TemplateManager - writing file C:\Users\RJ\Downloads\Capstone Project System\Capstone_MateryalPH\packages\api-contract\generated\dart\doc\XenditAccountVerificationWebhook.md
[main] [34mINFO [0;39m o.o.codegen.TemplateManager - writing file C:\Users\RJ\Downloads\Capstone Project System\Capstone_MateryalPH\packages\api-contract\generated\dart\lib\src\model\xendit_account_verification_webhook_data.dart
[main] [34mINFO [0;39m o.o.codegen.TemplateManager - writing file C:\Users\RJ\Downloads\Capstone Project System\Capstone_MateryalPH\packages\api-contract\generated\dart\test\xendit_account_verification_webhook_data_test.dart
[main] [34mINFO [0;39m o.o.codegen.TemplateManager - writing file C:\Users\RJ\Downloads\Capstone Project System\Capstone_MateryalPH\packages\api-contract\generated\dart\doc\XenditAccountVerificationWebhookData.md
[main] [34mINFO [0;39m o.o.codegen.TemplateManager - skipping unchanged file C:\Users\RJ\Downloads\Capstone Project System\Capstone_MateryalPH\packages\api-contract\generated\dart\lib\src\model\xendit_account_verification_webhook_data_account_info.dart
[main] [34mINFO [0;39m o.o.codegen.TemplateManager - writing file C:\Users\RJ\Downloads\Capstone Project System\Capstone_MateryalPH\packages\api-contract\generated\dart\test\xendit_account_verification_webhook_data_account_info_test.dart
[main] [34mINFO [0;39m o.o.codegen.TemplateManager - writing file C:\Users\RJ\Downloads\Capstone Project System\Capstone_MateryalPH\packages\api-contract\generated\dart\doc\XenditAccountVerificationWebhookDataAccountInfo.md
[main] [34mINFO [0;39m o.o.codegen.utils.URLPathUtils - 'host' (OAS 2.0) or 'servers' (OAS 3.0) not defined in the spec. Default to [http://localhost] for server URL [http://localhost/api/v1]
[main] [34mINFO [0;39m o.o.codegen.TemplateManager - writing file C:\Users\RJ\Downloads\Capstone Project System\Capstone_MateryalPH\packages\api-contract\generated\dart\lib\src\api\accounts_api.dart
[main] [34mINFO [0;39m o.o.codegen.TemplateManager - writing file C:\Users\RJ\Downloads\Capstone Project System\Capstone_MateryalPH\packages\api-contract\generated\dart\test\accounts_api_test.dart
[main] [34mINFO [0;39m o.o.codegen.TemplateManager - writing file C:\Users\RJ\Downloads\Capstone Project System\Capstone_MateryalPH\packages\api-contract\generated\dart\doc\AccountsApi.md
[main] [34mINFO [0;39m o.o.codegen.TemplateManager - writing file C:\Users\RJ\Downloads\Capstone Project System\Capstone_MateryalPH\packages\api-contract\generated\dart\lib\src\api\admin_product_compliance_api.dart
[main] [34mINFO [0;39m o.o.codegen.TemplateManager - writing file C:\Users\RJ\Downloads\Capstone Project System\Capstone_MateryalPH\packages\api-contract\generated\dart\test\admin_product_compliance_api_test.dart
[main] [34mINFO [0;39m o.o.codegen.TemplateManager - writing file C:\Users\RJ\Downloads\Capstone Project System\Capstone_MateryalPH\packages\api-contract\generated\dart\doc\AdminProductComplianceApi.md
[main] [34mINFO [0;39m o.o.codegen.TemplateManager - writing file C:\Users\RJ\Downloads\Capstone Project System\Capstone_MateryalPH\packages\api-contract\generated\dart\lib\src\api\admin_vendor_verification_api.dart
[main] [34mINFO [0;39m o.o.codegen.TemplateManager - writing file C:\Users\RJ\Downloads\Capstone Project System\Capstone_MateryalPH\packages\api-contract\generated\dart\test\admin_vendor_verification_api_test.dart
[main] [34mINFO [0;39m o.o.codegen.TemplateManager - writing file C:\Users\RJ\Downloads\Capstone Project System\Capstone_MateryalPH\packages\api-contract\generated\dart\doc\AdminVendorVerificationApi.md
[main] [34mINFO [0;39m o.o.codegen.TemplateManager - writing file C:\Users\RJ\Downloads\Capstone Project System\Capstone_MateryalPH\packages\api-contract\generated\dart\lib\src\api\agreements_api.dart
[main] [34mINFO [0;39m o.o.codegen.TemplateManager - writing file C:\Users\RJ\Downloads\Capstone Project System\Capstone_MateryalPH\packages\api-contract\generated\dart\test\agreements_api_test.dart
[main] [34mINFO [0;39m o.o.codegen.TemplateManager - writing file C:\Users\RJ\Downloads\Capstone Project System\Capstone_MateryalPH\packages\api-contract\generated\dart\doc\AgreementsApi.md
[main] [34mINFO [0;39m o.o.codegen.TemplateManager - writing file C:\Users\RJ\Downloads\Capstone Project System\Capstone_MateryalPH\packages\api-contract\generated\dart\lib\src\api\authentication_api.dart
[main] [34mINFO [0;39m o.o.codegen.TemplateManager - writing file C:\Users\RJ\Downloads\Capstone Project System\Capstone_MateryalPH\packages\api-contract\generated\dart\test\authentication_api_test.dart
[main] [34mINFO [0;39m o.o.codegen.TemplateManager - writing file C:\Users\RJ\Downloads\Capstone Project System\Capstone_MateryalPH\packages\api-contract\generated\dart\doc\AuthenticationApi.md
[main] [34mINFO [0;39m o.o.codegen.TemplateManager - writing file C:\Users\RJ\Downloads\Capstone Project System\Capstone_MateryalPH\packages\api-contract\generated\dart\lib\src\api\buyer_cart_api.dart
[main] [34mINFO [0;39m o.o.codegen.TemplateManager - writing file C:\Users\RJ\Downloads\Capstone Project System\Capstone_MateryalPH\packages\api-contract\generated\dart\test\buyer_cart_api_test.dart
[main] [34mINFO [0;39m o.o.codegen.TemplateManager - writing file C:\Users\RJ\Downloads\Capstone Project System\Capstone_MateryalPH\packages\api-contract\generated\dart\doc\BuyerCartApi.md
[main] [34mINFO [0;39m o.o.codegen.TemplateManager - writing file C:\Users\RJ\Downloads\Capstone Project System\Capstone_MateryalPH\packages\api-contract\generated\dart\lib\src\api\buyer_discovery_api.dart
[main] [34mINFO [0;39m o.o.codegen.TemplateManager - writing file C:\Users\RJ\Downloads\Capstone Project System\Capstone_MateryalPH\packages\api-contract\generated\dart\test\buyer_discovery_api_test.dart
[main] [34mINFO [0;39m o.o.codegen.TemplateManager - writing file C:\Users\RJ\Downloads\Capstone Project System\Capstone_MateryalPH\packages\api-contract\generated\dart\doc\BuyerDiscoveryApi.md
[main] [34mINFO [0;39m o.o.codegen.TemplateManager - writing file C:\Users\RJ\Downloads\Capstone Project System\Capstone_MateryalPH\packages\api-contract\generated\dart\lib\src\api\buyer_explore_api.dart
[main] [34mINFO [0;39m o.o.codegen.TemplateManager - writing file C:\Users\RJ\Downloads\Capstone Project System\Capstone_MateryalPH\packages\api-contract\generated\dart\test\buyer_explore_api_test.dart
[main] [34mINFO [0;39m o.o.codegen.TemplateManager - writing file C:\Users\RJ\Downloads\Capstone Project System\Capstone_MateryalPH\packages\api-contract\generated\dart\doc\BuyerExploreApi.md
[main] [34mINFO [0;39m o.o.codegen.TemplateManager - writing file C:\Users\RJ\Downloads\Capstone Project System\Capstone_MateryalPH\packages\api-contract\generated\dart\lib\src\api\buyer_locations_api.dart
[main] [34mINFO [0;39m o.o.codegen.TemplateManager - writing file C:\Users\RJ\Downloads\Capstone Project System\Capstone_MateryalPH\packages\api-contract\generated\dart\test\buyer_locations_api_test.dart
[main] [34mINFO [0;39m o.o.codegen.TemplateManager - writing file C:\Users\RJ\Downloads\Capstone Project System\Capstone_MateryalPH\packages\api-contract\generated\dart\doc\BuyerLocationsApi.md
[main] [34mINFO [0;39m o.o.codegen.TemplateManager - writing file C:\Users\RJ\Downloads\Capstone Project System\Capstone_MateryalPH\packages\api-contract\generated\dart\lib\src\api\buyer_orders_api.dart
[main] [34mINFO [0;39m o.o.codegen.TemplateManager - writing file C:\Users\RJ\Downloads\Capstone Project System\Capstone_MateryalPH\packages\api-contract\generated\dart\test\buyer_orders_api_test.dart
[main] [34mINFO [0;39m o.o.codegen.TemplateManager - writing file C:\Users\RJ\Downloads\Capstone Project System\Capstone_MateryalPH\packages\api-contract\generated\dart\doc\BuyerOrdersApi.md
[main] [34mINFO [0;39m o.o.codegen.TemplateManager - writing file C:\Users\RJ\Downloads\Capstone Project System\Capstone_MateryalPH\packages\api-contract\generated\dart\lib\src\api\messaging_api.dart
[main] [34mINFO [0;39m o.o.codegen.TemplateManager - writing file C:\Users\RJ\Downloads\Capstone Project System\Capstone_MateryalPH\packages\api-contract\generated\dart\test\messaging_api_test.dart
[main] [34mINFO [0;39m o.o.codegen.TemplateManager - writing file C:\Users\RJ\Downloads\Capstone Project System\Capstone_MateryalPH\packages\api-contract\generated\dart\doc\MessagingApi.md
[main] [34mINFO [0;39m o.o.codegen.TemplateManager - writing file C:\Users\RJ\Downloads\Capstone Project System\Capstone_MateryalPH\packages\api-contract\generated\dart\lib\src\api\stores_api.dart
[main] [34mINFO [0;39m o.o.codegen.TemplateManager - writing file C:\Users\RJ\Downloads\Capstone Project System\Capstone_MateryalPH\packages\api-contract\generated\dart\test\stores_api_test.dart
[main] [34mINFO [0;39m o.o.codegen.TemplateManager - writing file C:\Users\RJ\Downloads\Capstone Project System\Capstone_MateryalPH\packages\api-contract\generated\dart\doc\StoresApi.md
[main] [34mINFO [0;39m o.o.codegen.TemplateManager - writing file C:\Users\RJ\Downloads\Capstone Project System\Capstone_MateryalPH\packages\api-contract\generated\dart\lib\src\api\system_api.dart
[main] [34mINFO [0;39m o.o.codegen.TemplateManager - writing file C:\Users\RJ\Downloads\Capstone Project System\Capstone_MateryalPH\packages\api-contract\generated\dart\test\system_api_test.dart
[main] [34mINFO [0;39m o.o.codegen.TemplateManager - writing file C:\Users\RJ\Downloads\Capstone Project System\Capstone_MateryalPH\packages\api-contract\generated\dart\doc\SystemApi.md
[main] [34mINFO [0;39m o.o.codegen.TemplateManager - writing file C:\Users\RJ\Downloads\Capstone Project System\Capstone_MateryalPH\packages\api-contract\generated\dart\lib\src\api\vendor_auto_accept_api.dart
[main] [34mINFO [0;39m o.o.codegen.TemplateManager - writing file C:\Users\RJ\Downloads\Capstone Project System\Capstone_MateryalPH\packages\api-contract\generated\dart\test\vendor_auto_accept_api_test.dart
[main] [34mINFO [0;39m o.o.codegen.TemplateManager - writing file C:\Users\RJ\Downloads\Capstone Project System\Capstone_MateryalPH\packages\api-contract\generated\dart\doc\VendorAutoAcceptApi.md
[main] [34mINFO [0;39m o.o.codegen.TemplateManager - writing file C:\Users\RJ\Downloads\Capstone Project System\Capstone_MateryalPH\packages\api-contract\generated\dart\lib\src\api\vendor_catalog_api.dart
[main] [34mINFO [0;39m o.o.codegen.TemplateManager - writing file C:\Users\RJ\Downloads\Capstone Project System\Capstone_MateryalPH\packages\api-contract\generated\dart\test\vendor_catalog_api_test.dart
[main] [34mINFO [0;39m o.o.codegen.TemplateManager - writing file C:\Users\RJ\Downloads\Capstone Project System\Capstone_MateryalPH\packages\api-contract\generated\dart\doc\VendorCatalogApi.md
[main] [34mINFO [0;39m o.o.codegen.TemplateManager - writing file C:\Users\RJ\Downloads\Capstone Project System\Capstone_MateryalPH\packages\api-contract\generated\dart\lib\src\api\vendor_fleet_api.dart
[main] [34mINFO [0;39m o.o.codegen.TemplateManager - writing file C:\Users\RJ\Downloads\Capstone Project System\Capstone_MateryalPH\packages\api-contract\generated\dart\test\vendor_fleet_api_test.dart
[main] [34mINFO [0;39m o.o.codegen.TemplateManager - writing file C:\Users\RJ\Downloads\Capstone Project System\Capstone_MateryalPH\packages\api-contract\generated\dart\doc\VendorFleetApi.md
[main] [34mINFO [0;39m o.o.codegen.TemplateManager - writing file C:\Users\RJ\Downloads\Capstone Project System\Capstone_MateryalPH\packages\api-contract\generated\dart\lib\src\api\vendor_inventory_api.dart
[main] [34mINFO [0;39m o.o.codegen.TemplateManager - writing file C:\Users\RJ\Downloads\Capstone Project System\Capstone_MateryalPH\packages\api-contract\generated\dart\test\vendor_inventory_api_test.dart
[main] [34mINFO [0;39m o.o.codegen.TemplateManager - writing file C:\Users\RJ\Downloads\Capstone Project System\Capstone_MateryalPH\packages\api-contract\generated\dart\doc\VendorInventoryApi.md
[main] [34mINFO [0;39m o.o.codegen.TemplateManager - writing file C:\Users\RJ\Downloads\Capstone Project System\Capstone_MateryalPH\packages\api-contract\generated\dart\lib\src\api\vendor_onboarding_api.dart
[main] [34mINFO [0;39m o.o.codegen.TemplateManager - writing file C:\Users\RJ\Downloads\Capstone Project System\Capstone_MateryalPH\packages\api-contract\generated\dart\test\vendor_onboarding_api_test.dart
[main] [34mINFO [0;39m o.o.codegen.TemplateManager - writing file C:\Users\RJ\Downloads\Capstone Project System\Capstone_MateryalPH\packages\api-contract\generated\dart\doc\VendorOnboardingApi.md
[main] [34mINFO [0;39m o.o.codegen.TemplateManager - writing file C:\Users\RJ\Downloads\Capstone Project System\Capstone_MateryalPH\packages\api-contract\generated\dart\lib\src\api\vendor_orders_api.dart
[main] [34mINFO [0;39m o.o.codegen.TemplateManager - writing file C:\Users\RJ\Downloads\Capstone Project System\Capstone_MateryalPH\packages\api-contract\generated\dart\test\vendor_orders_api_test.dart
[main] [34mINFO [0;39m o.o.codegen.TemplateManager - writing file C:\Users\RJ\Downloads\Capstone Project System\Capstone_MateryalPH\packages\api-contract\generated\dart\doc\VendorOrdersApi.md
[main] [34mINFO [0;39m o.o.codegen.TemplateManager - skipping unchanged file C:\Users\RJ\Downloads\Capstone Project System\Capstone_MateryalPH\packages\api-contract\generated\dart\pubspec.yaml
[main] [34mINFO [0;39m o.o.codegen.TemplateManager - skipping unchanged file C:\Users\RJ\Downloads\Capstone Project System\Capstone_MateryalPH\packages\api-contract\generated\dart\analysis_options.yaml
[main] [34mINFO [0;39m o.o.codegen.TemplateManager - skipping unchanged file C:\Users\RJ\Downloads\Capstone Project System\Capstone_MateryalPH\packages\api-contract\generated\dart\.gitignore
[main] [34mINFO [0;39m o.o.codegen.TemplateManager - writing file C:\Users\RJ\Downloads\Capstone Project System\Capstone_MateryalPH\packages\api-contract\generated\dart\README.md
[main] [34mINFO [0;39m o.o.codegen.TemplateManager - skipping unchanged file C:\Users\RJ\Downloads\Capstone Project System\Capstone_MateryalPH\packages\api-contract\generated\dart\lib\materyalph_api_client.dart
[main] [34mINFO [0;39m o.o.codegen.TemplateManager - skipping unchanged file C:\Users\RJ\Downloads\Capstone Project System\Capstone_MateryalPH\packages\api-contract\generated\dart\lib\src\api.dart
[main] [34mINFO [0;39m o.o.codegen.TemplateManager - skipping unchanged file C:\Users\RJ\Downloads\Capstone Project System\Capstone_MateryalPH\packages\api-contract\generated\dart\lib\src\auth\api_key_auth.dart
[main] [34mINFO [0;39m o.o.codegen.TemplateManager - skipping unchanged file C:\Users\RJ\Downloads\Capstone Project System\Capstone_MateryalPH\packages\api-contract\generated\dart\lib\src\auth\basic_auth.dart
[main] [34mINFO [0;39m o.o.codegen.TemplateManager - skipping unchanged file C:\Users\RJ\Downloads\Capstone Project System\Capstone_MateryalPH\packages\api-contract\generated\dart\lib\src\auth\bearer_auth.dart
[main] [34mINFO [0;39m o.o.codegen.TemplateManager - skipping unchanged file C:\Users\RJ\Downloads\Capstone Project System\Capstone_MateryalPH\packages\api-contract\generated\dart\lib\src\auth\oauth.dart
[main] [34mINFO [0;39m o.o.codegen.TemplateManager - skipping unchanged file C:\Users\RJ\Downloads\Capstone Project System\Capstone_MateryalPH\packages\api-contract\generated\dart\lib\src\auth\auth.dart
[main] [34mINFO [0;39m o.o.codegen.TemplateManager - writing file C:\Users\RJ\Downloads\Capstone Project System\Capstone_MateryalPH\packages\api-contract\generated\dart\lib\src\serializers.dart
[main] [34mINFO [0;39m o.o.codegen.TemplateManager - skipping unchanged file C:\Users\RJ\Downloads\Capstone Project System\Capstone_MateryalPH\packages\api-contract\generated\dart\lib\src\api_util.dart
[main] [34mINFO [0;39m o.o.codegen.TemplateManager - skipping unchanged file C:\Users\RJ\Downloads\Capstone Project System\Capstone_MateryalPH\packages\api-contract\generated\dart\lib\src\model\date.dart
[main] [34mINFO [0;39m o.o.codegen.TemplateManager - skipping unchanged file C:\Users\RJ\Downloads\Capstone Project System\Capstone_MateryalPH\packages\api-contract\generated\dart\lib\src\date_serializer.dart
[main] [34mINFO [0;39m o.o.codegen.TemplateManager - Skipped C:\Users\RJ\Downloads\Capstone Project System\Capstone_MateryalPH\packages\api-contract\generated\dart\.openapi-generator-ignore (Skipped by supportingFiles options supplied by user.)
[main] [34mINFO [0;39m o.o.codegen.TemplateManager - skipping unchanged file C:\Users\RJ\Downloads\Capstone Project System\Capstone_MateryalPH\packages\api-contract\generated\dart\.openapi-generator\VERSION
[main] [34mINFO [0;39m o.o.codegen.TemplateManager - writing file C:\Users\RJ\Downloads\Capstone Project System\Capstone_MateryalPH\packages\api-contract\generated\dart\.openapi-generator\FILES
############################################################################################
# Thanks for using OpenAPI Generator.                                                      #
# We appreciate your support! Please consider donating to help us maintain this project.   #
# https://opencollective.com/openapi_generator/donate                                      #
############################################################################################
